kidney_area,kidney_perimeter,kidney_width,kidney_height,aspect_ratio,circularity,mean_intensity,std_intensity,min_intensity,max_intensity,median_intensity,roi_mean,roi_std,image_id,diagnosis,class_name,image_path
1527.0,162.36753070354462,49.0,44.0,1.1136363636363635,0.6940214080843489,17.256195068359375,31.738409491279917,0.0,251.0,0.0,62.65862708719852,28.638822703335883,709,1,pathological,kidney_images\images\709.jpg
4162.0,256.0660152435303,87.0,62.0,1.403225806451613,0.7735901552946197,37.60331726074219,56.88873841932224,0.0,251.0,0.0,98.3466814979607,39.621577833715186,727,1,pathological,kidney_images\images\727.jpg
4023.0,337.4213533401489,79.0,87.0,0.9080459770114943,0.42758686378800986,36.04277038574219,64.41812059810769,0.0,252.0,0.0,51.813618507202094,52.366077371347956,632,1,pathological,kidney_images\images\632.jpg
2725.0,224.89444148540497,63.0,65.0,0.9692307692307692,0.6530710049437478,30.301605224609375,54.74023886580477,0.0,251.0,0.0,42.653235653235654,36.20587447740222,815,1,pathological,kidney_images\images\815.jpg
4725.0,321.80612874031067,96.0,74.0,1.2972972972972974,0.5566693623031885,22.808670043945312,35.215908130423884,0.0,251.0,0.0,66.53519144144144,41.267436258462105,1716,1,pathological,kidney_images\images\1716.jpg
3940.0,265.03657710552216,75.0,73.0,1.0273972602739727,0.686330720234016,28.881668090820312,42.31222724969436,0.0,251.0,0.0,79.86484018264841,30.29724879151883,1854,0,healthy,kidney_images\images\1854.jpg
2873.0,309.46298336982727,72.0,66.0,1.0909090909090908,0.35973334678959695,22.56787109375,36.76351578640873,0.0,251.0,0.0,61.96590909090909,32.34930901949644,1240,0,healthy,kidney_images\images\1240.jpg
6656.0,426.6761865615845,97.0,94.0,1.0319148936170213,0.44639149876355777,30.076980590820312,47.80984575597705,0.0,251.0,0.0,63.93419609563501,31.70553420245595,1110,1,pathological,kidney_images\images\1110.jpg
2840.0,285.7228693962097,72.0,64.0,1.125,0.41768577426047354,23.279586791992188,37.261171062454146,0.0,251.0,0.0,50.54188368055556,24.302964766705884,965,1,pathological,kidney_images\images\965.jpg
104.0,33.55634880065918,8.0,10.0,0.8,0.34037707613825013,21.615036010742188,35.04106668066165,0.0,251.0,0.0,60.0875,18.881997874960163,1188,1,pathological,kidney_images\images\1188.jpg
3421.0,272.8944422006607,80.0,57.0,1.4035087719298245,0.5415740696197319,27.545394897460938,48.203667084133464,0.0,251.0,0.0,74.11074561403508,28.310361198657386,556,1,pathological,kidney_images\images\556.jpg
4336.0,324.048770070076,87.0,84.0,1.0357142857142858,0.5030971030108953,41.686309814453125,64.81156311913799,0.0,255.0,0.0,102.91434044882321,51.478956617516594,90,1,pathological,kidney_images\images\90.jpg
3307.0,245.9655100107193,71.0,72.0,0.9861111111111112,0.6648858821445722,22.657806396484375,39.51207885831473,0.0,253.0,0.0,51.539906103286384,43.51185657483478,1181,1,pathological,kidney_images\images\1181.jpg
6209.0,362.3330410718918,90.0,110.0,0.8181818181818182,0.5806258830993221,29.817596435546875,48.3443540427097,0.0,251.0,0.0,70.89232323232324,50.33291913994306,713,1,pathological,kidney_images\images\713.jpg
5069.0,309.66399371623993,86.0,76.0,1.131578947368421,0.646653445935608,22.514572143554688,36.92013096688061,0.0,251.0,0.0,45.784118727050185,40.36030426384159,338,1,pathological,kidney_images\images\338.jpg
7474.0,383.01933228969574,122.0,88.0,1.3863636363636365,0.6260751067354547,42.047149658203125,70.40023457613316,0.0,254.0,0.0,83.15545827123697,58.9295402767292,612,1,pathological,kidney_images\images\612.jpg
5229.0,311.7644993066788,92.0,73.0,1.2602739726027397,0.6600126957267453,20.984207153320312,34.80239686591084,0.0,251.0,0.0,49.98377010125075,22.329911776306172,1553,1,pathological,kidney_images\images\1553.jpg
2681.0,388.13203036785126,59.0,80.0,0.7375,0.2085407372028246,33.62855529785156,53.24834270088472,0.0,255.0,0.0,88.05805084745762,52.04675231663623,176,1,pathological,kidney_images\images\176.jpg
1245.0,234.55129623413086,48.0,50.0,0.96,0.26211198744208153,27.45159912109375,48.49927897319066,0.0,251.0,0.0,63.73458333333333,22.23731782371821,838,1,pathological,kidney_images\images\838.jpg
737.0,109.740114569664,29.0,27.0,1.0740740740740742,0.45390848632854086,19.407424926757812,32.83387146906118,0.0,251.0,0.0,43.26819923371647,14.346633683006615,943,0,healthy,kidney_images\images\943.jpg
5789.0,313.0782071352005,89.0,91.0,0.978021978021978,0.7230749092268345,31.0721435546875,48.2361770207694,0.0,251.0,0.0,68.62871959501173,40.50018872857909,1035,1,pathological,kidney_images\images\1035.jpg
3505.0,247.72286939620972,76.0,65.0,1.1692307692307693,0.6959290004511356,22.801712036132812,36.82489525140486,0.0,251.0,0.0,74.99635627530364,30.567486677579485,1759,1,pathological,kidney_images\images\1759.jpg
2621.0,318.87719690799713,55.0,88.0,0.625,0.3057473009557558,20.854598999023438,32.30701356542706,0.0,251.0,0.0,41.64297520661157,28.880206629278096,707,1,pathological,kidney_images\images\707.jpg
2357.0,218.26702558994293,57.0,55.0,1.0363636363636364,0.5959995739980318,29.10205078125,45.38060908419906,0.0,251.0,0.0,103.71674641148326,34.92091073610541,1765,1,pathological,kidney_images\images\1765.jpg
6289.0,379.60511815547943,105.0,93.0,1.1290322580645162,0.5265054719443781,39.56858825683594,69.12023420362459,0.0,252.0,0.0,80.46932923707118,71.84501301372129,568,1,pathological,kidney_images\images\568.jpg
1722.0,245.5218584537506,50.0,58.0,0.8620689655172413,0.33718933342456203,16.926422119140625,29.056050088487027,0.0,251.0,0.0,48.95620689655173,27.32137875980098,1268,1,pathological,kidney_images\images\1268.jpg
3228.0,251.27921843528748,65.0,72.0,0.9027777777777778,0.6209423956306279,24.07684326171875,40.59943625849576,0.0,251.0,0.0,79.1655982905983,31.988080917677674,641,1,pathological,kidney_images\images\641.jpg
4690.0,278.4507910013199,93.0,66.0,1.4090909090909092,0.7398671310612948,29.359588623046875,43.90207837418357,0.0,255.0,0.0,60.562724014336915,29.573277588953303,146,1,pathological,kidney_images\images\146.jpg
4856.0,277.52185893058777,79.0,78.0,1.0128205128205128,0.7664472335929411,27.7423095703125,44.00086248142466,0.0,251.0,0.0,65.56118143459915,34.92535145694735,606,1,pathological,kidney_images\images\606.jpg
5871.0,448.3746703863144,103.0,89.0,1.1573033707865168,0.3430064260703708,22.886001586914062,39.63111947018967,0.0,251.0,0.0,63.90138540416712,43.068874915853556,479,1,pathological,kidney_images\images\479.jpg
2760.0,246.45079135894775,60.0,71.0,0.8450704225352113,0.5408228260540624,26.249954223632812,44.35496812449046,0.0,251.0,0.0,53.85492957746479,29.09614282585337,874,1,pathological,kidney_images\images\874.jpg
4834.0,306.24978029727936,90.0,69.0,1.3043478260869565,0.5348707208682724,29.320877075195312,44.396475958970726,0.0,251.0,0.0,87.15700483091787,30.223110033199458,1842,1,pathological,kidney_images\images\1842.jpg
4360.0,270.00713992118835,79.0,81.0,0.9753086419753086,0.7316205655724899,12.52301025390625,25.603310925399246,0.0,251.0,0.0,39.83341147054227,29.48819671276588,1280,1,pathological,kidney_images\images\1280.jpg
4785.0,334.7350615262985,97.0,74.0,1.3108108108108107,0.5203857979082536,24.745361328125,40.27198912849396,0.0,251.0,0.0,69.08748955140707,53.958978279252946,1719,1,pathological,kidney_images\images\1719.jpg
2349.0,214.40916097164154,59.0,59.0,1.0,0.6179135242652648,16.257705688476562,29.039137274752427,0.0,251.0,0.0,41.403619649526,17.633065444009425,1590,0,healthy,kidney_images\images\1590.jpg
297.0,51.455843567848206,14.0,18.0,0.7777777777777778,0.6027596612405883,24.020492553710938,38.97165089319896,0.0,251.0,0.0,70.97619047619048,22.729766612295716,1760,0,healthy,kidney_images\images\1760.jpg
3802.0,255.52185893058777,77.0,71.0,1.0845070422535212,0.7114501215865349,19.150588989257812,30.8988140081717,0.0,254.0,0.0,47.604170477409916,22.083083985287995,218,0,healthy,kidney_images\images\218.jpg
2141.0,213.09545278549194,61.0,49.0,1.2448979591836735,0.566334798971935,14.43798828125,25.543919453573366,0.0,254.0,0.0,35.023419203747075,17.197204646686018,1399,1,pathological,kidney_images\images\1399.jpg
6517.0,335.4213533401489,117.0,79.0,1.481012658227848,0.7113768026856909,23.851943969726562,30.321399107571054,0.0,253.0,3.0,42.28475603159148,22.18631218948231,1749,1,pathological,kidney_images\images\1749.jpg
4624.0,333.56348872184753,90.0,70.0,1.2857142857142858,0.5066547497151859,35.24772644042969,53.15348087101576,0.0,251.0,0.0,83.24698412698413,43.30641965076312,671,1,pathological,kidney_images\images\671.jpg
2973.0,213.58073353767395,65.0,57.0,1.1403508771929824,0.7932367004712058,21.850875854492188,38.01642125530118,0.0,251.0,0.0,40.997840755735496,22.26969996426216,1929,0,healthy,kidney_images\images\1929.jpg
3754.0,261.1370825767517,88.0,58.0,1.5172413793103448,0.6705865274091782,38.344512939453125,57.23813230777709,0.0,251.0,0.0,101.66496865203762,32.035403296052166,369,1,pathological,kidney_images\images\369.jpg
1283.0,160.3675308227539,38.0,36.0,1.0555555555555556,0.30685741551438245,15.261260986328125,28.74906128769399,0.0,251.0,0.0,67.82090643274854,27.321926402365452,1642,1,pathological,kidney_images\images\1642.jpg
3084.0,266.4507911205292,70.0,58.0,1.206896551724138,0.4672827647423484,52.11964416503906,76.05993586536283,0.0,253.0,0.0,177.1194581280788,43.55725823021877,448,1,pathological,kidney_images\images\448.jpg
613.0,106.08326005935669,34.0,25.0,1.36,0.6309059113238483,15.431671142578125,26.133440185198296,0.0,251.0,0.0,30.948235294117648,21.476326839868868,1849,0,healthy,kidney_images\images\1849.jpg
0.0,0.0,0.0,0.0,0.0,0.0,14.684051513671875,27.07729943727228,0.0,251.0,0.0,0.0,0.0,1614,1,pathological,kidney_images\images\1614.jpg
5237.0,316.9777020215988,97.0,85.0,1.1411764705882352,0.6370430020437887,25.08917236328125,42.69006766674409,0.0,252.0,0.0,76.3568223165555,37.72780851472552,1356,1,pathological,kidney_images\images\1356.jpg
3743.0,253.82337486743927,74.0,64.0,1.15625,0.7080326100449637,17.134963989257812,28.38099136446791,0.0,251.0,0.0,39.46769425675676,21.993544897304854,1403,1,pathological,kidney_images\images\1403.jpg
0.0,0.0,0.0,0.0,0.0,0.0,12.115005493164062,26.30370082666933,0.0,251.0,0.0,0.0,0.0,1641,0,healthy,kidney_images\images\1641.jpg
4739.0,300.9360716342926,97.0,70.0,1.3857142857142857,0.6392630187955872,24.85296630859375,39.52276132908749,0.0,251.0,0.0,56.640648011782034,26.517544088755265,414,1,pathological,kidney_images\images\414.jpg
4815.0,306.93607223033905,86.0,80.0,1.075,0.628386875385802,27.433609008789062,40.499628349350374,0.0,254.0,0.0,65.1359011627907,28.254882096184737,66,0,healthy,kidney_images\images\66.jpg
6778.0,353.84775960445404,107.0,92.0,1.1630434782608696,0.6651106993591399,36.14811706542969,56.74052413645176,0.0,255.0,0.0,66.99989841527834,46.18195049798014,392,1,pathological,kidney_images\images\392.jpg
4924.0,309.4213536977768,90.0,71.0,1.267605633802817,0.6250268748242233,26.218276977539062,40.91025798988283,0.0,251.0,0.0,90.2733959311424,42.53569867241625,933,1,pathological,kidney_images\images\933.jpg
5246.0,357.94826555252075,73.0,99.0,0.7373737373737373,0.49916538124708343,36.6302490234375,68.51102956750047,0.0,253.0,0.0,66.80738895807389,51.05901577524904,265,1,pathological,kidney_images\images\265.jpg
1555.0,236.30865597724915,42.0,53.0,0.7924528301886793,0.3283264687159635,17.08074951171875,30.35871875938887,0.0,252.0,0.0,46.54177897574124,26.87708381821016,1351,1,pathological,kidney_images\images\1351.jpg
5148.0,311.42135417461395,104.0,71.0,1.4647887323943662,0.6499360313135214,37.06939697265625,54.15409655834377,0.0,251.0,0.0,110.52654387865655,42.384977224708784,251,1,pathological,kidney_images\images\251.jpg
4988.0,326.39191591739655,72.0,92.0,0.782608695652174,0.5716293069837138,31.222122192382812,51.21488286421368,0.0,251.0,0.0,65.14100241545894,46.154062763999256,650,1,pathological,kidney_images\images\650.jpg
3545.0,270.4507917165756,77.0,68.0,1.1323529411764706,0.5889442187943411,26.8453369140625,47.621306081972335,0.0,251.0,0.0,77.33670741023683,25.712346976108876,555,1,pathological,kidney_images\images\555.jpg
7236.0,354.77669179439545,109.0,100.0,1.09,0.7072087132867695,34.11888122558594,51.40550240426473,0.0,255.0,0.0,74.5088990825688,47.31830739137138,204,1,pathological,kidney_images\images\204.jpg
0.0,0.0,0.0,0.0,0.0,0.0,20.855178833007812,32.15092034152568,0.0,251.0,0.0,0.0,0.0,1247,1,pathological,kidney_images\images\1247.jpg
4249.0,307.8061295747757,85.0,68.0,1.25,0.5461210843100729,42.51371765136719,64.05262186463754,0.0,251.0,0.0,99.83442906574395,40.84991635059373,585,1,pathological,kidney_images\images\585.jpg
2201.0,195.68123936653137,55.0,51.0,1.0784313725490196,0.6940996973517322,17.968276977539062,31.16169923388341,0.0,251.0,0.0,33.10588235294118,20.610638383994438,1617,0,healthy,kidney_images\images\1617.jpg
5693.0,314.63455605506897,93.0,93.0,1.0,0.7050858463721588,34.16204833984375,48.24090348851572,0.0,255.0,0.0,80.45473465140479,37.63730331204772,92,0,healthy,kidney_images\images\92.jpg
6509.0,415.7472538948059,102.0,91.0,1.120879120879121,0.46097204852502316,24.626571655273438,40.427641495655394,0.0,251.0,0.0,64.15729368670546,39.154826614774784,1390,1,pathological,kidney_images\images\1390.jpg
2238.0,234.208150267601,61.0,58.0,1.0517241379310345,0.488534114025092,29.778091430664062,47.17070333423932,0.0,251.0,0.0,77.92170717919728,36.29613811215452,472,1,pathological,kidney_images\images\472.jpg
1807.0,312.2497808933258,54.0,88.0,0.6136363636363636,0.18469356737468592,23.055770874023438,38.942966163463126,0.0,251.0,0.0,60.72748316498316,31.280863852023668,1106,0,healthy,kidney_images\images\1106.jpg
775.0,132.4680359363556,21.0,32.0,0.65625,0.24169153879659233,21.172805786132812,33.24941487753379,0.0,251.0,0.0,55.092261904761905,18.26223822218369,1246,0,healthy,kidney_images\images\1246.jpg
2844.0,218.65180218219757,58.0,67.0,0.8656716417910447,0.7209905112150071,26.627166748046875,40.92307828933244,0.0,251.0,0.0,79.93489449305198,36.43884084401232,1231,0,healthy,kidney_images\images\1231.jpg
33.0,12.242640614509583,4.0,5.0,0.8,0.7126537717491254,19.7728271484375,33.80300693354689,0.0,251.0,0.0,36.05,6.924413332550275,1299,0,healthy,kidney_images\images\1299.jpg
2634.0,286.8355669975281,82.0,70.0,1.1714285714285715,0.382529467759817,29.38427734375,43.979794520214256,0.0,251.0,0.0,83.63135888501742,31.479903316045583,362,1,pathological,kidney_images\images\362.jpg
4578.0,283.279217839241,80.0,74.0,1.0810810810810811,0.6974782150770396,19.543991088867188,32.5013045236823,0.0,251.0,0.0,39.58885135135135,32.69209153114261,1875,0,healthy,kidney_images\images\1875.jpg
4681.0,295.90663492679596,86.0,89.0,0.9662921348314607,0.6547201973496327,19.702972412109375,34.39136907422459,0.0,251.0,0.0,57.443428272798535,41.595447022700775,1679,1,pathological,kidney_images\images\1679.jpg
801.0,184.7523068189621,44.0,35.0,1.2571428571428571,0.2593648520154031,35.94337463378906,53.688919757480015,0.0,251.0,0.0,114.5603896103896,27.66801547577427,1932,0,healthy,kidney_images\images\1932.jpg
4267.0,264.79393672943115,84.0,68.0,1.2352941176470589,0.7409079649134548,27.259933471679688,42.82419523932662,0.0,251.0,0.0,88.10416666666667,44.15350542666367,355,0,healthy,kidney_images\images\355.jpg
6686.0,347.27921748161316,100.0,84.0,1.1904761904761905,0.6805060009074976,35.36793518066406,54.56989348932457,0.0,251.0,0.0,84.28809523809524,41.75964218500323,409,1,pathological,kidney_images\images\409.jpg
3211.0,257.2792180776596,72.0,67.0,1.0746268656716418,0.5885212429551729,27.558395385742188,43.09915802540063,0.0,251.0,0.0,66.30058043117745,33.91575187434404,1963,0,healthy,kidney_images\images\1963.jpg
4190.0,296.93607199192047,86.0,74.0,1.162162162162162,0.578642034718861,27.092315673828125,45.07906186238282,0.0,251.0,0.0,58.681332495285986,28.7463542418304,927,1,pathological,kidney_images\images\927.jpg
2916.0,230.89444231987,70.0,56.0,1.25,0.6636489884087303,24.373031616210938,36.98415375575759,0.0,251.0,0.0,57.2484693877551,21.29833033850885,1029,1,pathological,kidney_images\images\1029.jpg
8252.0,402.87719666957855,121.0,92.0,1.315217391304348,0.6271183516307826,29.877471923828125,44.64654450061235,0.0,251.0,0.0,59.563510600071865,34.45336187701594,1236,1,pathological,kidney_images\images\1236.jpg
3008.0,232.409161567688,71.0,58.0,1.2241379310344827,0.6745691709066394,38.693634033203125,56.78600910291016,0.0,251.0,0.0,124.95944633317144,38.514853443560334,258,0,healthy,kidney_images\images\258.jpg
2691.0,204.85281205177307,56.0,63.0,0.8888888888888888,0.7785730237268861,10.971664428710938,23.460344459510313,0.0,251.0,0.0,41.93650793650794,26.809089154144726,958,1,pathological,kidney_images\images\958.jpg
1017.0,173.4385986328125,41.0,42.0,0.9761904761904762,0.393313340116862,14.358596801757812,26.84188594478836,0.0,251.0,0.0,33.803716608594655,24.040128765563413,1431,0,healthy,kidney_images\images\1431.jpg
4160.0,274.2497798204422,73.0,81.0,0.9012345679012346,0.6754932758139266,26.952072143554688,42.69532652007627,0.0,251.0,0.0,79.60460003382377,32.634634568109696,1379,0,healthy,kidney_images\images\1379.jpg
0.0,0.0,0.0,0.0,0.0,0.0,13.290695190429688,24.06070184215988,0.0,251.0,0.0,0.0,0.0,1555,1,pathological,kidney_images\images\1555.jpg
5835.0,356.4924212694168,101.0,79.0,1.2784810126582278,0.5605023165864481,24.235305786132812,38.53495298774954,0.0,251.0,0.0,60.40556460709362,35.39347441900815,1087,1,pathological,kidney_images\images\1087.jpg
5860.0,374.5340510606766,95.0,88.0,1.0795454545454546,0.5060562846096103,24.819961547851562,38.93488543775692,0.0,251.0,0.0,58.19964114832536,35.41555729387607,356,0,healthy,kidney_images\images\356.jpg
2526.0,239.33809351921082,61.0,58.0,1.0517241379310345,0.5306669955466502,30.391342163085938,46.61529820484291,0.0,251.0,0.0,79.00621820237423,33.981497738931274,1230,1,pathological,kidney_images\images\1230.jpg
6115.0,322.83556711673737,112.0,70.0,1.6,0.7202379174158163,26.746337890625,41.93415341547912,0.0,251.0,0.0,74.7656887755102,35.345558293896296,517,1,pathological,kidney_images\images\517.jpg
0.0,0.0,0.0,0.0,0.0,0.0,13.466506958007812,24.612914701649405,0.0,251.0,0.0,0.0,0.0,1548,0,healthy,kidney_images\images\1548.jpg
3884.0,329.56348872184753,80.0,89.0,0.898876404494382,0.43179073153714503,19.11663818359375,35.68067846468371,0.0,251.0,0.0,47.24691011235955,41.28513133204592,341,1,pathological,kidney_images\images\341.jpg
19.0,18.485281229019165,6.0,6.0,1.0,0.36775428324957027,23.545608520507812,47.09960636632601,0.0,252.0,0.0,49.94444444444444,10.044192474715716,1081,1,pathological,kidney_images\images\1081.jpg
4494.0,320.7350616455078,89.0,77.0,1.155844155844156,0.5341908750176729,26.596771240234375,42.14003773257036,0.0,251.0,0.0,76.84225886473078,31.40104234973348,299,1,pathological,kidney_images\images\299.jpg
5682.0,327.8061295747757,93.0,102.0,0.9117647058823529,0.64921129635729,35.2462158203125,54.03204342459218,0.0,255.0,0.0,74.16782627029306,38.53021631278528,142,1,pathological,kidney_images\images\142.jpg
3884.0,276.93607223033905,76.0,68.0,1.1176470588235294,0.6136244126166045,17.375579833984375,31.35025458418771,0.0,251.0,0.0,55.997097523219814,34.45675531636236,1317,1,pathological,kidney_images\images\1317.jpg
1891.0,239.03657710552216,50.0,67.0,0.746268656716418,0.39378164311652264,19.531585693359375,39.55067816684382,0.0,251.0,0.0,49.08955223880597,44.32957684640808,1810,1,pathological,kidney_images\images\1810.jpg
5580.0,336.53405129909515,105.0,82.0,1.2804878048780488,0.591064033824897,35.21856689453125,52.4138472522868,0.0,251.0,0.0,83.22984901277584,34.05126989229647,643,1,pathological,kidney_images\images\643.jpg
4338.0,329.2203427553177,82.0,79.0,1.0379746835443038,0.4927486789457639,34.955810546875,55.622971405049896,0.0,252.0,0.0,90.7562519296079,47.11075236985818,1091,1,pathological,kidney_images\images\1091.jpg
1635.0,209.13708317279816,45.0,55.0,0.8181818181818182,0.44015590849707453,20.675521850585938,33.64403507870068,0.0,251.0,0.0,72.16323232323232,19.641556174245103,4,1,pathological,kidney_images\images\4.jpg
4595.0,274.1076445579529,91.0,66.0,1.378787878787879,0.7457702265122939,24.078018188476562,41.79471557159013,0.0,251.0,0.0,62.184981684981686,40.12269619730446,343,0,healthy,kidney_images\images\343.jpg
2642.0,226.65180122852325,59.0,62.0,0.9516129032258065,0.6220680191465858,17.0701904296875,27.38708817925604,0.0,255.0,0.0,34.85866593767086,19.444133781568183,168,1,pathological,kidney_images\images\168.jpg
3189.0,219.33809304237366,73.0,57.0,1.280701754385965,0.8076463275053052,29.14447021484375,45.86595495477734,0.0,252.0,0.0,75.83321316991108,24.705145377200438,1910,1,pathological,kidney_images\images\1910.jpg
2778.0,243.03657722473145,58.0,77.0,0.7532467532467533,0.5726126890397739,24.17828369140625,40.18692722100552,0.0,251.0,0.0,80.98790864308106,42.78932588860808,239,1,pathological,kidney_images\images\239.jpg
3543.0,328.1492749452591,70.0,78.0,0.8974358974358975,0.3690604442558286,19.201309204101562,34.42340322824437,0.0,251.0,0.0,66.82490842490843,49.58249981591567,988,1,pathological,kidney_images\images\988.jpg
2276.0,318.1076453924179,65.0,48.0,1.3541666666666667,0.2648820356472474,19.959976196289062,32.31538706236774,0.0,251.0,0.0,58.81474358974359,27.98946070991168,1898,1,pathological,kidney_images\images\1898.jpg
3513.0,240.99494755268097,78.0,61.0,1.278688524590164,0.7369510334794301,15.326080322265625,27.745734816898995,0.0,251.0,0.0,44.79150903741068,25.34455782577412,1702,1,pathological,kidney_images\images\1702.jpg
1781.0,167.19595801830292,52.0,49.0,1.0612244897959184,0.7682461252663774,22.827041625976562,34.75897858624248,0.0,251.0,0.0,43.67739403453689,17.604730547098573,814,1,pathological,kidney_images\images\814.jpg
3988.0,274.6934313774109,79.0,75.0,1.0533333333333332,0.6444187469646283,26.63751220703125,52.8561621387464,0.0,255.0,0.0,49.73839662447257,41.128479388842834,445,1,pathological,kidney_images\images\445.jpg
3554.0,320.29140985012054,80.0,68.0,1.1764705882352942,0.418627549046864,24.0167236328125,38.310698110382575,0.0,251.0,0.0,74.27555147058824,28.416330835485475,1477,1,pathological,kidney_images\images\1477.jpg
3444.0,231.72286915779114,70.0,65.0,1.0769230769230769,0.7824802724229684,28.12353515625,45.844391361319,0.0,251.0,0.0,63.066153846153846,27.98185082007605,360,1,pathological,kidney_images\images\360.jpg
1287.0,177.4385986328125,41.0,45.0,0.9111111111111111,0.3550255580204279,19.353118896484375,34.47176502090187,0.0,251.0,0.0,64.1170731707317,37.03897245962102,1682,1,pathological,kidney_images\images\1682.jpg
3090.0,220.50966572761536,67.0,58.0,1.1551724137931034,0.7652318005637152,12.784805297851562,24.353276862675546,0.0,251.0,0.0,38.521358723623266,28.94862846263558,1711,0,healthy,kidney_images\images\1711.jpg
2608.0,214.4091613292694,64.0,58.0,1.103448275862069,0.6873450792222144,25.140914916992188,38.91365619822568,0.0,252.0,0.0,68.89816810344827,20.031397146583537,366,1,pathological,kidney_images\images\366.jpg
1519.0,205.48022866249084,54.0,50.0,1.08,0.4256041174184849,15.43402099609375,26.81449024325129,0.0,251.0,0.0,42.86518518518518,21.009935281224976,955,0,healthy,kidney_images\images\955.jpg
0.0,0.0,0.0,0.0,0.0,0.0,26.851165771484375,41.83908759712995,0.0,255.0,0.0,0.0,0.0,91,0,healthy,kidney_images\images\91.jpg
3960.0,294.8355675935745,78.0,68.0,1.1470588235294117,0.5501255845806092,35.713653564453125,52.96919023237137,0.0,255.0,0.0,86.47360482654601,51.535217469656054,127,1,pathological,kidney_images\images\127.jpg
5575.0,324.5929266214371,89.0,84.0,1.0595238095238095,0.6445358835938596,31.958099365234375,51.31565364995708,0.0,251.0,0.0,81.544810058855,49.2265321737601,1209,1,pathological,kidney_images\images\1209.jpg
3794.0,245.96550965309143,72.0,67.0,1.0746268656716418,0.7109979322708809,25.6502685546875,38.53847496544529,0.0,253.0,0.0,60.26264510779436,37.70809104578005,77,0,healthy,kidney_images\images\77.jpg
4751.0,306.93607223033905,92.0,71.0,1.295774647887324,0.6157150958991429,17.293548583984375,30.693188474493716,0.0,251.0,0.0,42.39268218003674,31.61178459082254,1750,0,healthy,kidney_images\images\1750.jpg
2722.0,277.8650041818619,87.0,50.0,1.74,0.4211361444767092,24.129165649414062,41.13174107044325,0.0,251.0,0.0,58.40459770114943,35.02402429350058,920,1,pathological,kidney_images\images\920.jpg
0.0,0.0,0.0,0.0,0.0,0.0,18.198043823242188,33.325671047821835,0.0,251.0,0.0,0.0,0.0,1798,0,healthy,kidney_images\images\1798.jpg
3665.0,259.03657722473145,75.0,76.0,0.9868421052631579,0.6653064974223873,17.696502685546875,30.728457325017672,0.0,251.0,0.0,45.99298245614035,36.83243640877847,1652,1,pathological,kidney_images\images\1652.jpg
0.0,0.0,0.0,0.0,0.0,0.0,11.564300537109375,26.68223445861683,0.0,251.0,0.0,0.0,0.0,1645,1,pathological,kidney_images\images\1645.jpg
4169.0,265.2792179584503,82.0,69.0,1.1884057971014492,0.7239142926415589,16.061248779296875,28.805024447160044,0.0,251.0,0.0,38.28967833156592,25.014694222475143,1251,0,healthy,kidney_images\images\1251.jpg
0.0,0.0,0.0,0.0,0.0,0.0,14.983917236328125,27.135215712693352,0.0,251.0,0.0,0.0,0.0,1455,0,healthy,kidney_images\images\1455.jpg
0.0,0.0,0.0,0.0,0.0,0.0,13.645034790039062,26.247824571641413,0.0,251.0,0.0,0.0,0.0,1603,1,pathological,kidney_images\images\1603.jpg
3717.0,337.6639943122864,70.0,88.0,0.7954545454545454,0.39330191230157907,38.10990905761719,52.46963543125769,0.0,255.0,0.0,69.94691558441558,24.451594247934043,50,1,pathological,kidney_images\images\50.jpg
1980.0,193.72286891937256,46.0,64.0,0.71875,0.6357094704700291,15.815719604492188,28.53828173272419,0.0,248.0,0.0,47.32540760869565,20.26296434430653,1423,1,pathological,kidney_images\images\1423.jpg
6112.0,318.00714004039764,103.0,75.0,1.3733333333333333,0.7421510056955247,28.714752197265625,44.89749705002553,0.0,251.0,0.0,61.745760517799354,36.09967265117423,699,1,pathological,kidney_images\images\699.jpg
3504.0,370.1909055709839,79.0,64.0,1.234375,0.3074623390955728,43.03709411621094,64.30086713288702,0.0,251.0,0.0,111.47567246835443,37.735361105883925,993,1,pathological,kidney_images\images\993.jpg
5445.0,351.0193318128586,90.0,92.0,0.9782608695652174,0.5400248663577096,21.236190795898438,38.52742771322752,0.0,251.0,0.0,61.628743961352654,44.06704482359997,1882,1,pathological,kidney_images\images\1882.jpg
4820.0,291.7644991874695,96.0,68.0,1.411764705882353,0.6924850503006462,36.124786376953125,56.982499430512945,0.0,251.0,0.0,116.26945465686275,39.83518247806133,1518,1,pathological,kidney_images\images\1518.jpg
4718.0,322.8355669975281,77.0,78.0,0.9871794871794872,0.5526425875807122,21.817276000976562,35.28102399730738,0.0,252.0,0.0,54.62937062937063,28.111111597401983,1350,1,pathological,kidney_images\images\1350.jpg
2835.0,240.30865585803986,67.0,61.0,1.098360655737705,0.5940646119925442,20.253524780273438,33.23883068341057,0.0,251.0,0.0,65.79226816735992,24.413064304858192,1413,1,pathological,kidney_images\images\1413.jpg
2380.0,239.1370825767517,57.0,62.0,0.9193548387096774,0.5001361751566161,19.505691528320312,33.17745788186596,0.0,251.0,0.0,41.5874363327674,29.474162004295458,1837,1,pathological,kidney_images\images\1837.jpg
5540.0,316.39191603660583,89.0,82.0,1.0853658536585367,0.6783822051649265,16.253082275390625,31.55215650279894,0.0,251.0,0.0,33.69498492737736,37.10510176789516,1102,1,pathological,kidney_images\images\1102.jpg
6319.0,424.3746705055237,112.0,100.0,1.12,0.42762702679994313,43.78861999511719,63.388941298292245,0.0,255.0,0.0,107.25616071428571,52.418048345991885,107,1,pathological,kidney_images\images\107.jpg
0.0,0.0,0.0,0.0,0.0,0.0,23.677322387695312,40.43875753796327,0.0,251.0,0.0,0.0,0.0,1915,0,healthy,kidney_images\images\1915.jpg
3020.0,223.82337427139282,67.0,61.0,1.098360655737705,0.7352157550756026,25.62408447265625,42.42287725872539,0.0,251.0,0.0,71.66772693907511,24.724133808036356,923,1,pathological,kidney_images\images\923.jpg
409.0,131.982754945755,28.0,30.0,0.9333333333333333,0.24347213407608087,11.928634643554688,26.2106828718735,0.0,251.0,0.0,56.04642857142857,20.652948287331366,1194,1,pathological,kidney_images\images\1194.jpg
5048.0,301.4213534593582,95.0,75.0,1.2666666666666666,0.6800831913080067,24.241424560546875,37.734541638114486,0.0,251.0,0.0,68.04378947368421,39.281287608302826,1841,1,pathological,kidney_images\images\1841.jpg
4949.0,296.49242091178894,88.0,82.0,1.0731707317073171,0.6892310634428869,30.582656860351562,48.161082228573534,0.0,251.0,0.0,66.97325388026607,43.500888562296986,443,0,healthy,kidney_images\images\443.jpg
3888.0,285.17871260643005,82.0,72.0,1.1388888888888888,0.5843052123520891,28.239776611328125,45.86967319261991,0.0,251.0,0.0,76.1485433604336,35.35835881161767,1867,1,pathological,kidney_images\images\1867.jpg
0.0,0.0,0.0,0.0,0.0,0.0,6.849945068359375,20.693964055067173,0.0,251.0,0.0,0.0,0.0,1593,0,healthy,kidney_images\images\1593.jpg
1041.0,106.66904664039612,36.0,27.0,1.3333333333333333,0.4920177212287985,44.885467529296875,72.5492401566232,0.0,255.0,0.0,74.15843621399176,55.18843143095949,96,1,pathological,kidney_images\images\96.jpg
0.0,0.0,0.0,0.0,0.0,0.0,24.08172607421875,36.89861000051203,0.0,251.0,0.0,0.0,0.0,750,1,pathological,kidney_images\images\750.jpg
2847.0,365.50461304187775,74.0,86.0,0.8604651162790697,0.2646024560753906,21.695266723632812,35.29434708063103,0.0,251.0,0.0,71.37979258328096,30.520683245994977,310,1,pathological,kidney_images\images\310.jpg
5817.0,302.6934313774109,93.0,79.0,1.1772151898734178,0.7786835742591522,36.553619384765625,60.15249551766404,0.0,251.0,0.0,71.79297672519395,43.886979642201574,288,1,pathological,kidney_images\images\288.jpg
7256.0,566.7005712985992,127.0,94.0,1.351063829787234,0.2750401564739496,57.11235046386719,80.5020747670641,0.0,255.0,0.0,89.58904339085274,66.2907463098149,51,1,pathological,kidney_images\images\51.jpg
3126.0,228.7523068189621,69.0,62.0,1.1129032258064515,0.7263275009751589,18.440032958984375,33.24423703139681,0.0,251.0,0.0,62.05586722767649,29.911415292173583,1853,0,healthy,kidney_images\images\1853.jpg
1341.0,255.37972331047058,47.0,45.0,1.0444444444444445,0.24036852259665778,24.941543579101562,39.31305640641348,0.0,251.0,0.0,78.19148936170212,29.129347527535018,1002,1,pathological,kidney_images\images\1002.jpg
4007.0,281.86500453948975,75.0,70.0,1.0714285714285714,0.6142580494187753,34.66490173339844,51.21588456793971,0.0,251.0,0.0,75.82057142857143,28.934385470070247,1046,0,healthy,kidney_images\images\1046.jpg
4552.0,271.5218586921692,92.0,66.0,1.393939393939394,0.7558662033554061,28.5946044921875,43.93416376847271,0.0,251.0,0.0,69.28442028985508,33.9965214792286,982,1,pathological,kidney_images\images\982.jpg
1047.0,220.40916085243225,42.0,46.0,0.9130434782608695,0.25052450162903994,18.398284912109375,30.30666925216356,0.0,251.0,0.0,51.55175983436853,17.564784315262724,795,1,pathological,kidney_images\images\795.jpg
6285.0,344.6345567703247,109.0,91.0,1.1978021978021978,0.6498863039410244,31.279251098632812,50.407485434145975,0.0,252.0,0.0,63.19608831535437,36.14803552962647,1083,0,healthy,kidney_images\images\1083.jpg
4366.0,310.4924216270447,86.0,79.0,1.0886075949367089,0.5515719854921685,24.615509033203125,45.87145709611021,0.0,251.0,0.0,58.51898734177215,53.689833137315325,1627,1,pathological,kidney_images\images\1627.jpg
3883.0,297.4213534593582,82.0,67.0,1.2238805970149254,0.5331435226869876,26.661117553710938,44.13420320400319,0.0,251.0,0.0,82.01092100473244,40.38787042305822,1311,1,pathological,kidney_images\images\1311.jpg
1343.0,205.9238796234131,42.0,54.0,0.7777777777777778,0.3607990707604171,23.634002685546875,38.628222124516284,0.0,251.0,0.0,56.75661375661376,31.6155508556389,1303,1,pathological,kidney_images\images\1303.jpg
2788.0,228.16652023792267,66.0,57.0,1.1578947368421053,0.6485951433647793,30.23797607421875,41.74208341456485,0.0,255.0,0.0,57.63902179691653,22.261804278141778,73,1,pathological,kidney_images\images\73.jpg
7761.0,439.7472541332245,118.0,96.0,1.2291666666666667,0.488708966203722,31.025131225585938,54.779855833288174,0.0,251.0,0.0,67.35619703389831,50.12488618216242,1954,1,pathological,kidney_images\images\1954.jpg
6752.0,449.54624378681183,112.0,88.0,1.2727272727272727,0.4075685697251362,24.416976928710938,43.68585250371422,0.0,251.0,0.0,47.02079951298701,45.066687977594604,1391,1,pathological,kidney_images\images\1391.jpg
3747.0,250.45079112052917,82.0,66.0,1.2424242424242424,0.7290328599527152,26.391571044921875,41.29579893896477,0.0,251.0,0.0,64.38359201773837,31.34336360046067,1284,0,healthy,kidney_images\images\1284.jpg
2996.0,211.33809340000153,65.0,57.0,1.1403508771929824,0.8167729187467121,20.891555786132812,32.25795352935898,0.0,251.0,0.0,62.78677462887989,22.864156438647857,951,0,healthy,kidney_images\images\951.jpg
0.0,0.0,0.0,0.0,0.0,0.0,15.231643676757812,26.791040732787618,0.0,251.0,0.0,0.0,0.0,1543,0,healthy,kidney_images\images\1543.jpg
4038.0,284.35028541088104,59.0,93.0,0.6344086021505376,0.608385457556878,33.27888488769531,55.749448466754764,0.0,251.0,0.0,86.29979952615273,45.66404093540848,451,1,pathological,kidney_images\images\451.jpg
295.0,71.35533833503723,17.0,26.0,0.6538461538461539,0.37884826652668624,16.386337280273438,29.009937379671687,0.0,251.0,0.0,37.07692307692308,14.411799512662459,1270,1,pathological,kidney_images\images\1270.jpg
1901.0,248.55129611492157,46.0,68.0,0.6764705882352942,0.3619726789405125,18.982635498046875,33.4184397886506,0.0,251.0,0.0,39.98881074168798,33.97397552403774,1604,1,pathological,kidney_images\images\1604.jpg
5171.0,295.5218585729599,96.0,73.0,1.3150684931506849,0.725421489387203,33.29029846191406,48.28112043491194,0.0,251.0,0.0,98.8988299086758,35.488034333034946,1856,0,healthy,kidney_images\images\1856.jpg
3098.0,327.46298384666443,62.0,78.0,0.7948717948717948,0.3496322432077508,31.16632080078125,46.549484519402434,0.0,255.0,0.0,73.78349875930522,26.020250127703008,150,1,pathological,kidney_images\images\150.jpg
2975.0,228.99494755268097,67.0,59.0,1.1355932203389831,0.6887233814833228,31.433456420898438,50.76681161979715,0.0,251.0,0.0,66.66658234252466,38.819751061586466,229,1,pathological,kidney_images\images\229.jpg
1904.0,182.71067655086517,57.0,42.0,1.3571428571428572,0.6866048178851804,29.905380249023438,43.889071348638595,0.0,251.0,0.0,67.19172932330827,31.30896106080523,465,1,pathological,kidney_images\images\465.jpg
2371.0,218.65180158615112,62.0,56.0,1.1071428571428572,0.5982407628406756,15.859405517578125,30.584339178993737,0.0,251.0,0.0,73.75633640552995,29.82179145464354,679,0,healthy,kidney_images\images\679.jpg
3940.0,302.39191699028015,85.0,76.0,1.118421052631579,0.5229066545806104,30.592620849609375,48.993739727257015,0.0,251.0,0.0,81.24164086687307,36.10653268552262,441,1,pathological,kidney_images\images\441.jpg
4272.0,269.3797231912613,89.0,68.0,1.3088235294117647,0.7192738547626981,30.639968872070312,47.622255111535935,0.0,251.0,0.0,74.07716457369465,38.86764907695533,374,1,pathological,kidney_images\images\374.jpg
4637.0,301.7644988298416,90.0,74.0,1.2162162162162162,0.6216821069728321,37.921783447265625,57.04843291313712,0.0,252.0,0.0,96.4481981981982,44.22384557876589,740,1,pathological,kidney_images\images\740.jpg
2704.0,205.58073389530182,65.0,53.0,1.2264150943396226,0.777677912195315,25.219635009765625,39.969805302277095,0.0,252.0,0.0,71.0290275761974,24.075384132249063,238,0,healthy,kidney_images\images\238.jpg
825.0,178.85281205177307,34.0,43.0,0.7906976744186046,0.29188187816181477,18.748916625976562,31.709026522791238,0.0,251.0,0.0,41.96511627906977,18.731693679576715,1618,1,pathological,kidney_images\images\1618.jpg
6054.0,342.77669167518616,103.0,88.0,1.1704545454545454,0.631816594895646,55.89985656738281,56.66250086155461,0.0,242.0,45.0,71.8136584289497,26.176024813819105,11,1,pathological,kidney_images\images\11.jpg
2238.0,234.208150267601,61.0,58.0,1.0517241379310345,0.488534114025092,29.57476806640625,47.082670777255714,0.0,251.0,0.0,77.92170717919728,36.29613811215452,471,1,pathological,kidney_images\images\471.jpg
1065.0,143.5391035079956,40.0,36.0,1.1111111111111112,0.5897879282380577,28.570236206054688,42.936216501699676,0.0,251.0,0.0,57.83819444444445,31.4169683816807,570,1,pathological,kidney_images\images\570.jpg
7230.0,334.9777023792267,108.0,85.0,1.2705882352941176,0.7328045748783549,27.869949340820312,46.266700258052005,0.0,251.0,0.0,68.36230936819172,48.45267547044395,1324,1,pathological,kidney_images\images\1324.jpg
1108.0,193.09545266628265,35.0,48.0,0.7291666666666666,0.34528501746318147,11.42657470703125,25.3267244819413,0.0,252.0,0.0,50.31488095238095,24.38313268449395,1676,1,pathological,kidney_images\images\1676.jpg
3848.0,257.6223636865616,82.0,63.0,1.3015873015873016,0.706996162503345,32.01722717285156,47.80895353449375,0.0,251.0,0.0,81.63472706155633,33.70339796017855,786,1,pathological,kidney_images\images\786.jpg
4898.0,323.17871260643005,95.0,67.0,1.4179104477611941,0.5718030879518224,24.08966064453125,35.046977130536575,0.0,251.0,0.0,63.320345640219955,25.76527015478762,941,1,pathological,kidney_images\images\941.jpg
4515.0,290.7350627183914,93.0,72.0,1.2916666666666667,0.6530948293382912,28.168594360351562,40.991374937025356,0.0,251.0,0.0,72.94071087216248,27.273832272973273,777,1,pathological,kidney_images\images\777.jpg
4875.0,323.56348848342896,95.0,79.0,1.2025316455696202,0.570263895256583,27.600204467773438,49.351125612303484,0.0,251.0,0.0,65.5475016655563,67.65542011920769,691,1,pathological,kidney_images\images\691.jpg
9902.0,338.0071406364441,106.0,72.0,1.4722222222222223,0.5855383871429964,42.40003967285156,60.238838543466365,0.0,255.0,0.0,90.9287211740042,33.22508607822536,36,1,pathological,kidney_images\images\36.jpg
6135.0,403.60511898994446,123.0,71.0,1.732394366197183,0.45934800228847794,34.72010803222656,51.334408645179145,0.0,251.0,0.0,83.1623726096416,44.67153781302478,478,1,pathological,kidney_images\images\478.jpg
4623.0,364.7766910791397,70.0,91.0,0.7692307692307693,0.4237047932925568,41.22587585449219,62.42575000680275,0.0,253.0,0.0,79.22700156985871,52.18751926758495,1039,1,pathological,kidney_images\images\1039.jpg
4474.0,280.8355664014816,84.0,76.0,1.105263157894737,0.6936560788171905,37.16499328613281,60.887409166136756,0.0,251.0,0.0,65.89223057644111,33.58727795442699,1126,1,pathological,kidney_images\images\1126.jpg
4809.0,296.6934312582016,84.0,84.0,1.0,0.667883378520056,25.688339233398438,35.90381091807087,0.0,255.0,0.0,61.77040816326531,28.327595610570857,29,1,pathological,kidney_images\images\29.jpg
7887.0,369.70562291145325,117.0,87.0,1.3448275862068966,0.7103174045095935,43.29872131347656,71.64061018999111,0.0,253.0,0.0,79.65586010413597,55.57923292491836,613,1,pathological,kidney_images\images\613.jpg
6036.0,323.4213534593582,107.0,74.0,1.445945945945946,0.7080804684915327,32.17985534667969,50.488303621402906,0.0,251.0,0.0,71.79123516039404,41.957242443323864,512,1,pathological,kidney_images\images\512.jpg
1829.0,281.07820749282837,71.0,52.0,1.3653846153846154,0.2689670756263131,21.864181518554688,33.92227355744185,0.0,255.0,0.0,49.395178764897075,16.229816486009934,78,0,healthy,kidney_images\images\78.jpg
6040.0,323.1787133216858,90.0,90.0,1.0,0.7095652175211362,28.785400390625,52.427969483063436,0.0,251.0,0.0,55.0058024691358,54.382026269220304,1371,1,pathological,kidney_images\images\1371.jpg
7121.0,372.048770070076,118.0,82.0,1.4390243902439024,0.6317670249380648,37.891082763671875,43.92729362335836,0.0,252.0,22.0,72.47995039272426,30.330750645551657,1970,0,healthy,kidney_images\images\1970.jpg
267.0,59.69848430156708,15.0,22.0,0.6818181818181818,0.6963865174177155,15.775177001953125,27.573484542842838,0.0,251.0,0.0,14.942424242424243,9.210321295452886,1839,0,healthy,kidney_images\images\1839.jpg
3903.0,308.4924213886261,78.0,79.0,0.9873417721518988,0.4931208084866015,27.94049072265625,48.3781440622077,0.0,251.0,0.0,82.90976955533918,45.13994581510895,1982,1,pathological,kidney_images\images\1982.jpg
3396.0,261.5218588113785,73.0,71.0,1.028169014084507,0.604582775963697,26.331268310546875,39.148516654876346,0.0,251.0,0.0,75.59058460351147,33.881935779475604,257,1,pathological,kidney_images\images\257.jpg
5721.0,336.8771971464157,95.0,100.0,0.95,0.6190933316391823,31.471389770507812,55.904320908581745,0.0,251.0,0.0,87.02073684210526,63.54267932892953,610,1,pathological,kidney_images\images\610.jpg
3450.0,241.9238796234131,70.0,62.0,1.1290322580645162,0.7174536552568678,17.87359619140625,30.03376773650319,0.0,251.0,0.0,51.45967741935484,22.311338810732046,1443,0,healthy,kidney_images\images\1443.jpg
4740.0,286.4924205541611,90.0,78.0,1.1538461538461537,0.7069529232400218,31.532135009765625,48.90338767140355,0.0,251.0,0.0,82.99330484330484,39.479910657045146,1062,0,healthy,kidney_images\images\1062.jpg
1317.0,173.6812388896942,38.0,45.0,0.8444444444444444,0.5044849218671941,27.733001708984375,46.08370621239156,0.0,251.0,0.0,72.67309941520467,25.51481925283298,887,0,healthy,kidney_images\images\887.jpg
4641.0,273.6223638057709,84.0,75.0,1.12,0.7588242305834267,22.088104248046875,38.515901385226286,0.0,251.0,0.0,56.73031746031746,43.410606577094526,1866,0,healthy,kidney_images\images\1866.jpg
2.0,2.0,2.0,1.0,2.0,0.0,13.594741821289062,26.809884252197083,0.0,251.0,0.0,44.0,0.0,307,1,pathological,kidney_images\images\307.jpg
3084.0,280.1076452732086,64.0,64.0,1.0,0.44445001602645984,22.005691528320312,36.42809641542132,0.0,251.0,0.0,80.01611328125,37.50596611565175,302,1,pathological,kidney_images\images\302.jpg
7085.0,361.9066345691681,96.0,102.0,0.9411764705882353,0.664986262042205,39.538543701171875,61.68671991241731,0.0,255.0,0.0,108.68535539215686,53.1578047311598,437,1,pathological,kidney_images\images\437.jpg
5181.0,339.2203426361084,100.0,78.0,1.2820512820512822,0.5499608930143921,28.743743896484375,43.56694552053309,0.0,251.0,0.0,79.73333333333333,39.8354006544323,718,1,pathological,kidney_images\images\718.jpg
6849.0,339.90663492679596,99.0,85.0,1.1647058823529413,0.7287278756163197,33.962005615234375,57.42792317663773,0.0,251.0,0.0,67.8080808080808,44.87852098644169,846,1,pathological,kidney_images\images\846.jpg
4475.0,281.62236416339874,83.0,74.0,1.1216216216216217,0.689389504613416,20.798995971679688,32.79165148065649,0.0,251.0,0.0,51.94366655812439,25.787797557570823,1892,1,pathological,kidney_images\images\1892.jpg
2139.0,200.02438521385193,48.0,58.0,0.8275862068965517,0.6438694754656461,20.032730102539062,32.93909099728911,0.0,251.0,0.0,46.59015804597701,24.855006046061106,1034,1,pathological,kidney_images\images\1034.jpg
725.0,131.63960921764374,31.0,36.0,0.8611111111111112,0.4840474820052024,20.088058471679688,31.095109996600474,0.0,251.0,0.0,53.39426523297491,17.278307076442974,1139,1,pathological,kidney_images\images\1139.jpg
3368.0,258.1076455116272,67.0,76.0,0.881578947368421,0.6143641767649726,19.742355346679688,32.48832485184339,0.0,251.0,0.0,71.37588373919874,28.079887433260247,948,1,pathological,kidney_images\images\948.jpg
3314.0,222.75230729579926,67.0,64.0,1.046875,0.8143553531079301,28.72271728515625,49.40787683901635,0.0,251.0,0.0,78.96152052238806,45.000918965757116,1123,1,pathological,kidney_images\images\1123.jpg
322.0,71.11269772052765,22.0,19.0,1.1578947368421053,0.5292917916103754,17.499755859375,29.03566942258002,0.0,251.0,0.0,62.94019138755981,16.443720517601196,812,1,pathological,kidney_images\images\812.jpg
2905.0,211.82337415218353,67.0,58.0,1.1551724137931034,0.7878287636175063,15.4237060546875,26.91024570696632,0.0,251.0,0.0,50.698147195059185,21.479172347649765,1589,1,pathological,kidney_images\images\1589.jpg
1616.0,210.99494743347168,56.0,46.0,1.2173913043478262,0.4301804997390504,20.619537353515625,32.66247453582683,0.0,251.0,0.0,33.34704968944099,18.66773607531602,963,0,healthy,kidney_images\images\963.jpg
6371.0,318.24978029727936,106.0,80.0,1.325,0.7671369216898682,28.515304565429688,45.785916372665625,0.0,251.0,0.0,69.93042452830188,45.45894497369756,1984,1,pathological,kidney_images\images\1984.jpg
2650.0,205.6812391281128,58.0,60.0,0.9666666666666667,0.7607291925608269,14.406326293945312,25.418714911774963,0.0,252.0,0.0,42.7132183908046,25.19572687699943,1886,0,healthy,kidney_images\images\1886.jpg
4546.0,454.9604572057724,81.0,91.0,0.8901098901098901,0.265000570378779,22.44708251953125,44.22257783546872,0.0,251.0,0.0,59.705603038936374,49.76180838843071,1479,1,pathological,kidney_images\images\1479.jpg
1266.0,152.3675309419632,43.0,47.0,0.9148936170212766,0.649540522031678,22.075180053710938,35.670193584928604,0.0,255.0,0.0,35.19891142998516,17.52495975886393,99,1,pathological,kidney_images\images\99.jpg
2745.0,209.37972402572632,61.0,65.0,0.9384615384615385,0.7614658625951171,23.277420043945312,38.18887475991912,0.0,251.0,0.0,67.03934426229509,27.956441809752246,1215,0,healthy,kidney_images\images\1215.jpg
2675.0,239.13708233833313,63.0,67.0,0.9402985074626866,0.5649605047854277,26.157333374023438,39.50031111110971,0.0,255.0,0.0,55.96446339729922,30.693055414498385,101,1,pathological,kidney_images\images\101.jpg
4219.0,283.8650040626526,87.0,64.0,1.359375,0.6385384161885292,29.579788208007812,50.87953841189873,0.0,251.0,0.0,56.632722701149426,35.79885717330212,542,1,pathological,kidney_images\images\542.jpg
788.0,200.1665199995041,40.0,37.0,1.0810810810810811,0.20794118512300622,20.236618041992188,33.098524982518704,0.0,251.0,0.0,59.45608108108108,24.284228355132818,1024,0,healthy,kidney_images\images\1024.jpg
5797.0,367.66399347782135,80.0,102.0,0.7843137254901961,0.5256562981104854,21.942459106445312,37.42741469901982,0.0,251.0,0.0,64.04276960784314,33.195111841540914,803,1,pathological,kidney_images\images\803.jpg
7150.0,367.84775960445404,110.0,93.0,1.1827956989247312,0.6490657217377936,46.44139099121094,74.58450449382605,0.0,253.0,0.0,86.84154447702835,56.40738405487096,616,1,pathological,kidney_images\images\616.jpg
4401.0,263.37972342967987,84.0,67.0,1.2537313432835822,0.7763305716667059,20.822799682617188,35.59913508462116,0.0,251.0,0.0,52.38805970149254,38.58837427625427,1265,1,pathological,kidney_images\images\1265.jpg
6178.0,385.362478017807,122.0,74.0,1.6486486486486487,0.5114409141941435,31.187667846679688,46.4911449365653,0.0,255.0,0.0,70.26052281789987,36.428806714057146,137,1,pathological,kidney_images\images\137.jpg
4811.0,373.5046133995056,98.0,78.0,1.2564102564102564,0.41913215050311287,26.437896728515625,45.3015954079322,0.0,251.0,0.0,70.34118262689691,46.821728156823205,1662,1,pathological,kidney_images\images\1662.jpg
3337.0,276.6934311389923,67.0,80.0,0.8375,0.5287742549370185,23.31585693359375,35.02992054336484,0.0,251.0,0.0,68.72835820895523,30.784507665868155,1832,0,healthy,kidney_images\images\1832.jpg
4035.0,274.9360718727112,86.0,66.0,1.303030303030303,0.6510121594549207,30.28875732421875,43.74403516055226,0.0,255.0,0.0,82.22956307258633,36.37415164043049,14,1,pathological,kidney_images\images\14.jpg
5230.0,288.1076455116272,90.0,76.0,1.1842105263157894,0.7142631322709778,20.330459594726562,37.155789279053366,0.0,251.0,0.0,69.53771929824562,38.52502085950506,346,1,pathological,kidney_images\images\346.jpg
0.0,0.0,0.0,0.0,0.0,0.0,9.596893310546875,23.63703820933194,0.0,251.0,0.0,0.0,0.0,304,1,pathological,kidney_images\images\304.jpg
2701.0,224.9949473142624,61.0,60.0,1.0166666666666666,0.6459094307533548,21.808807373046875,34.9243340936274,0.0,251.0,0.0,54.66775956284153,20.258007899383387,1454,0,healthy,kidney_images\images\1454.jpg
3913.0,299.42135322093964,78.0,77.0,1.0129870129870129,0.5288483231094723,18.497177124023438,32.90129250019997,0.0,251.0,0.0,34.57242757242757,42.87572744957224,1877,1,pathological,kidney_images\images\1877.jpg
1775.0,199.78174448013306,53.0,50.0,1.06,0.5347660317490845,17.79888916015625,28.632535746213996,0.0,251.0,0.0,46.42943396226415,20.517597639274154,1647,1,pathological,kidney_images\images\1647.jpg
3427.0,252.30865561962128,69.0,69.0,1.0,0.6545760134810612,28.305831909179688,43.12115571262836,0.0,251.0,0.0,81.26927116152069,27.67828649774316,327,1,pathological,kidney_images\images\327.jpg
0.0,0.0,0.0,0.0,0.0,0.0,18.954238891601562,30.59568006214118,0.0,251.0,0.0,0.0,0.0,1873,0,healthy,kidney_images\images\1873.jpg
707.0,125.9827550649643,31.0,43.0,0.7209302325581395,0.5047401472496111,25.507980346679688,43.039805210459555,0.0,251.0,0.0,31.3390847711928,17.919649235399266,866,1,pathological,kidney_images\images\866.jpg
2039.0,188.02438485622406,50.0,55.0,0.9090909090909091,0.6952649906071131,13.716461181640625,25.157153541153477,0.0,251.0,0.0,24.924363636363637,14.318103831245045,1458,0,healthy,kidney_images\images\1458.jpg
3869.0,254.69343090057373,79.0,67.0,1.1791044776119404,0.7282901995326834,30.071258544921875,44.46791535422191,0.0,255.0,0.0,56.99055356130739,30.022925706092266,382,1,pathological,kidney_images\images\382.jpg
2663.0,284.4924212694168,78.0,55.0,1.4181818181818182,0.3972408315361822,28.84881591796875,44.760822384332684,0.0,251.0,0.0,72.28391608391608,26.161414808024563,1705,0,healthy,kidney_images\images\1705.jpg
3107.0,224.9949470758438,70.0,59.0,1.1864406779661016,0.7496719773286638,25.420059204101562,41.34651410174303,0.0,251.0,0.0,44.53389830508475,25.881428991526167,599,0,healthy,kidney_images\images\599.jpg
348.0,111.74011445045471,32.0,20.0,1.6,0.21940581512593094,16.000457763671875,28.620328959865592,0.0,251.0,0.0,23.721875,17.299227482300328,1632,1,pathological,kidney_images\images\1632.jpg
2990.0,246.20815074443817,67.0,63.0,1.0634920634920635,0.5990012248396643,25.825439453125,39.857016983028174,0.0,251.0,0.0,74.23714759535655,25.22566999580072,686,1,pathological,kidney_images\images\686.jpg
2926.0,223.48022830486298,64.0,62.0,1.032258064516129,0.711810842089684,24.203857421875,39.02503251261337,0.0,251.0,0.0,63.181703629032256,20.264257175426927,656,1,pathological,kidney_images\images\656.jpg
3040.0,224.26702558994293,61.0,67.0,0.9104477611940298,0.7344335067708492,28.0738525390625,47.300030503650035,0.0,251.0,0.0,62.34083679960852,34.65348836720748,895,1,pathological,kidney_images\images\895.jpg
3803.0,267.2792179584503,83.0,67.0,1.2388059701492538,0.6494431980111729,39.80799865722656,63.99527568631133,0.0,253.0,0.0,69.94659233950728,54.33309710567029,1786,1,pathological,kidney_images\images\1786.jpg
3477.0,230.50966608524323,76.0,58.0,1.3103448275862069,0.797478800109199,27.484527587890625,41.92268054002635,0.0,251.0,0.0,72.71597096188748,25.10255008540856,1079,0,healthy,kidney_images\images\1079.jpg
3494.0,248.30865573883057,79.0,59.0,1.3389830508474576,0.6898978943773606,26.599822998046875,42.38250845188081,0.0,251.0,0.0,64.88993778159194,38.80931256141199,732,1,pathological,kidney_images\images\732.jpg
4512.0,275.6223646402359,92.0,65.0,1.4153846153846155,0.715926119770655,38.982940673828125,59.16511357878,0.0,251.0,0.0,93.12491638795987,46.002315063632885,731,1,pathological,kidney_images\images\731.jpg
3442.0,275.96550989151,73.0,68.0,1.0735294117647058,0.5387452260224102,24.2303466796875,39.47258080895721,0.0,251.0,0.0,83.03525382755842,44.55972919883156,961,1,pathological,kidney_images\images\961.jpg
1758.0,224.65180134773254,53.0,47.0,1.127659574468085,0.38544375163695166,30.005905151367188,42.762924420546256,0.0,251.0,0.0,73.11882778000803,24.351078845468525,1948,1,pathological,kidney_images\images\1948.jpg
4210.0,269.4802290201187,81.0,66.0,1.2272727272727273,0.7077491500587325,30.616119384765625,59.38419854881074,0.0,251.0,0.0,61.24953236064347,48.50619485938286,848,1,pathological,kidney_images\images\848.jpg
3262.0,270.4507907629013,66.0,70.0,0.9428571428571428,0.5420417221121624,37.19548034667969,62.8300138223872,0.0,255.0,0.0,80.2469696969697,41.33333300405606,1814,1,pathological,kidney_images\images\1814.jpg
3440.0,232.30865585803986,65.0,69.0,0.9420289855072463,0.7774912302985204,20.820053100585938,35.07444233657593,0.0,251.0,0.0,36.5221850613155,23.246989676187567,794,1,pathological,kidney_images\images\794.jpg
6754.0,343.56348836421967,122.0,76.0,1.605263157894737,0.703289973639336,40.291046142578125,61.576535443232906,0.0,251.0,0.0,110.08013373597929,47.54443843436433,421,1,pathological,kidney_images\images\421.jpg
0.0,0.0,0.0,0.0,0.0,0.0,11.901290893554688,23.125894213994734,0.0,251.0,0.0,0.0,0.0,1783,1,pathological,kidney_images\images\1783.jpg
1474.0,244.2081503868103,51.0,55.0,0.9272727272727272,0.28772742554251013,24.05096435546875,37.801629494366956,0.0,252.0,0.0,54.654545454545456,21.183926359939388,1089,1,pathological,kidney_images\images\1089.jpg
332.0,114.9116872549057,35.0,20.0,1.75,0.20080009613108332,29.963775634765625,47.141037375479755,0.0,251.0,0.0,113.33714285714285,31.63832292570231,1762,1,pathological,kidney_images\images\1762.jpg
1860.0,207.09545290470123,52.0,53.0,0.9811320754716981,0.5181718325651622,13.318984985351562,29.741186197191837,0.0,252.0,0.0,48.453918722786646,16.650195452046862,1388,1,pathological,kidney_images\images\1388.jpg
2784.0,243.52185881137848,67.0,64.0,1.046875,0.5680018829337995,21.087570190429688,36.467655102750896,0.0,251.0,0.0,51.569496268656714,39.660297529385595,1377,1,pathological,kidney_images\images\1377.jpg
3053.0,344.8771973848343,57.0,103.0,0.5533980582524272,0.3016386687428269,19.78216552734375,36.73064056873754,0.0,255.0,0.0,70.0965763924374,42.065886307885016,985,1,pathological,kidney_images\images\985.jpg
5458.0,391.26197278499603,101.0,90.0,1.1222222222222222,0.43559486543333065,38.356781005859375,57.42487658855126,0.0,251.0,0.0,102.57733773377338,41.59017683003911,501,1,pathological,kidney_images\images\501.jpg
584.0,131.98275482654572,37.0,36.0,1.0277777777777777,0.37765233309354845,21.262527465820312,34.41527474962804,0.0,251.0,0.0,70.49924924924925,37.12017857034137,1717,0,healthy,kidney_images\images\1717.jpg
4473.0,307.6639943122864,83.0,76.0,1.0921052631578947,0.5760977891942608,26.869674682617188,42.81779518809506,0.0,251.0,0.0,64.79232720355104,31.576160179274375,399,1,pathological,kidney_images\images\399.jpg
4276.0,274.7939375638962,80.0,68.0,1.1764705882352942,0.6914592611041707,16.908721923828125,30.72138401652724,0.0,251.0,0.0,43.87867647058823,25.016317933583917,1410,0,healthy,kidney_images\images\1410.jpg
1519.0,225.23758804798126,51.0,46.0,1.108695652173913,0.3503733613976835,18.540359497070312,31.311701598598376,0.0,251.0,0.0,51.35976129582268,25.350890975650213,1582,1,pathological,kidney_images\images\1582.jpg
4556.0,364.2914102077484,81.0,93.0,0.8709677419354839,0.41640683573833354,19.545654296875,35.84683012678111,0.0,251.0,0.0,46.40846940130094,52.98265602872557,1876,1,pathological,kidney_images\images\1876.jpg
0.0,0.0,0.0,0.0,0.0,0.0,18.310104370117188,31.01005261972118,0.0,251.0,0.0,0.0,0.0,1242,1,pathological,kidney_images\images\1242.jpg
5204.0,365.220342874527,96.0,84.0,1.1428571428571428,0.47463319362286877,32.58744812011719,46.88214282083075,0.0,255.0,0.0,66.28980654761905,32.60005911692281,75,1,pathological,kidney_images\images\75.jpg
2964.0,252.2081505060196,53.0,86.0,0.6162790697674418,0.5558256042066209,41.55043029785156,58.12808623987253,0.0,253.0,0.0,96.04387889425186,38.365088823266156,25,0,healthy,kidney_images\images\25.jpg
6590.0,336.3502857685089,113.0,76.0,1.486842105263158,0.7153949112256262,41.48675537109375,66.27298559553373,0.0,254.0,0.0,109.77398695854681,51.65728523115612,548,1,pathological,kidney_images\images\548.jpg
1857.0,177.68123924732208,44.0,57.0,0.7719298245614035,0.7085111956486561,13.046127319335938,25.239758386290877,0.0,251.0,0.0,30.202153110047846,18.146714110374653,1430,0,healthy,kidney_images\images\1430.jpg
4359.0,399.5046137571335,87.0,84.0,1.0357142857142858,0.33422886964290877,27.012176513671875,40.412761833580134,0.0,251.0,0.0,75.41584564860428,35.92697552648745,1826,1,pathological,kidney_images\images\1826.jpg
0.0,0.0,0.0,0.0,0.0,0.0,12.062103271484375,24.35516747498264,0.0,251.0,0.0,0.0,0.0,1756,1,pathological,kidney_images\images\1756.jpg
3826.0,237.7228685617447,73.0,68.0,1.0735294117647058,0.8277565883178888,16.8751220703125,29.747107100430352,0.0,251.0,0.0,50.66257050765512,28.941185620860118,1397,1,pathological,kidney_images\images\1397.jpg
5993.0,306.59292685985565,97.0,81.0,1.1975308641975309,0.7832656828003517,32.67448425292969,55.836091188148735,0.0,251.0,0.0,74.5811378388698,50.11036378397961,435,1,pathological,kidney_images\images\435.jpg
5010.0,284.308655500412,88.0,76.0,1.1578947368421053,0.7591304729317111,15.611297607421875,27.667815763127162,0.0,251.0,0.0,27.04470693779904,22.894056082775975,1861,0,healthy,kidney_images\images\1861.jpg
554.0,85.84061968326569,27.0,21.0,1.2857142857142858,0.5806859149844914,24.045623779296875,44.472937009314265,0.0,252.0,0.0,95.8994708994709,21.662118767349966,558,1,pathological,kidney_images\images\558.jpg
4283.0,252.16652047634125,78.0,69.0,1.1304347826086956,0.8240832127006029,19.228561401367188,32.14949055145402,0.0,251.0,0.0,41.07357859531773,28.36896855020988,1250,0,healthy,kidney_images\images\1250.jpg
2683.0,279.9066346883774,70.0,71.0,0.9859154929577465,0.41124582248980807,25.742141723632812,48.793556740592244,0.0,252.0,0.0,48.97686116700201,53.31893020038117,573,1,pathological,kidney_images\images\573.jpg
2748.0,208.30865597724915,56.0,69.0,0.8115942028985508,0.7700405006475739,23.008285522460938,37.4409203600778,0.0,251.0,0.0,64.67572463768116,27.203581673032687,1184,0,healthy,kidney_images\images\1184.jpg
3270.0,336.14927554130554,74.0,84.0,0.8809523809523809,0.3459200304271562,25.29296875,38.160342185287625,0.0,255.0,0.0,52.13529601029601,24.730058773862833,386,1,pathological,kidney_images\images\386.jpg
5557.0,321.70562422275543,97.0,86.0,1.127906976744186,0.6573714044279679,36.189849853515625,57.25228382710893,0.0,251.0,0.0,104.49484536082474,43.18674397026382,1095,1,pathological,kidney_images\images\1095.jpg
1624.0,183.9238795042038,45.0,52.0,0.8653846153846154,0.5741199463137104,22.4996337890625,40.44986249171079,0.0,253.0,0.0,30.752991452991452,22.28773789064243,529,1,pathological,kidney_images\images\529.jpg
3113.0,245.62236404418945,74.0,64.0,1.15625,0.6263361495323388,18.053802490234375,31.45959649673462,0.0,251.0,0.0,66.10430743243244,27.229894610520986,1059,0,healthy,kidney_images\images\1059.jpg
3456.0,355.8061295747757,91.0,68.0,1.338235294117647,0.328110534613994,49.08135986328125,78.56738559233618,0.0,255.0,0.0,89.69085326438268,54.3024812537389,1816,0,healthy,kidney_images\images\1816.jpg
2116.0,203.6812391281128,49.0,58.0,0.8448275862068966,0.6185339540222128,12.886367797851562,23.570669452736677,0.0,251.0,0.0,31.64496833216045,19.69243428316789,1408,0,healthy,kidney_images\images\1408.jpg
3532.0,241.137082695961,77.0,61.0,1.2622950819672132,0.7391081056961755,15.840301513671875,28.16520904925074,0.0,251.0,0.0,45.83542686821375,25.270888298489776,1703,1,pathological,kidney_images\images\1703.jpg
2222.0,223.72286880016327,46.0,73.0,0.6301369863013698,0.550965861009125,23.18243408203125,42.918681912569895,0.0,251.0,0.0,55.49553305539011,45.849948942667474,280,1,pathological,kidney_images\images\280.jpg
0.0,0.0,0.0,0.0,0.0,0.0,13.683151245117188,25.551778138161005,0.0,251.0,0.0,0.0,0.0,1695,1,pathological,kidney_images\images\1695.jpg
4881.0,290.9360725879669,82.0,87.0,0.9425287356321839,0.7051935474757354,32.74629211425781,56.41500654295211,0.0,252.0,0.0,78.57331090552285,43.23387989708399,450,0,healthy,kidney_images\images\450.jpg
5881.0,316.977703332901,100.0,85.0,1.1764705882352942,0.7184634327991938,34.5743408203125,54.13455754516152,0.0,251.0,0.0,87.67670588235295,42.156260560477925,504,1,pathological,kidney_images\images\504.jpg
4406.0,277.72286903858185,85.0,65.0,1.3076923076923077,0.6882748369699461,31.523101806640625,45.46960826346211,0.0,251.0,0.0,80.67185520361991,34.4891354746533,908,1,pathological,kidney_images\images\908.jpg
0.0,0.0,0.0,0.0,0.0,0.0,7.1184844970703125,22.533419383970887,0.0,251.0,0.0,0.0,0.0,1644,0,healthy,kidney_images\images\1644.jpg
3877.0,251.23758804798126,77.0,64.0,1.203125,0.7608069953639098,21.746414184570312,35.845163445742386,0.0,251.0,0.0,31.053774350649352,19.4810969702265,792,1,pathological,kidney_images\images\792.jpg
2406.0,240.55129659175873,59.0,59.0,1.0,0.5002449076685367,14.448822021484375,26.680766229181533,0.0,251.0,0.0,36.194771617351336,21.258021078350772,1623,0,healthy,kidney_images\images\1623.jpg
3734.0,305.0782073736191,71.0,76.0,0.9342105263157895,0.48146955592137053,30.605087280273438,43.77499081577673,0.0,255.0,0.0,84.19199406968124,39.18011452264245,198,1,pathological,kidney_images\images\198.jpg
6082.0,330.93607234954834,93.0,85.0,1.0941176470588236,0.6809925656920829,17.5924072265625,31.40766826269344,0.0,251.0,0.0,47.035926628716005,21.96616280248627,1148,1,pathological,kidney_images\images\1148.jpg
34.0,19.071067690849304,8.0,5.0,1.6,0.7082942396169128,18.548065185546875,30.873669700143573,0.0,251.0,0.0,34.775,6.627546680333531,474,1,pathological,kidney_images\images\474.jpg
5263.0,300.73506224155426,98.0,80.0,1.225,0.7161205699978281,36.047943115234375,55.19345352533582,0.0,252.0,0.0,99.90714285714286,45.33509644180494,1961,1,pathological,kidney_images\images\1961.jpg
4350.0,472.6173108816147,77.0,87.0,0.8850574712643678,0.23302403008838904,33.512298583984375,54.23318010977275,0.0,251.0,0.0,89.18868487834006,59.603981807490214,563,1,pathological,kidney_images\images\563.jpg
6579.0,349.07820785045624,108.0,77.0,1.4025974025974026,0.6581443973236282,33.22221374511719,49.21821473252311,0.0,251.0,0.0,79.3023088023088,42.46258856983245,335,1,pathological,kidney_images\images\335.jpg
1362.0,190.99494791030884,42.0,55.0,0.7636363636363637,0.44162548747559904,17.8443603515625,30.11824852104809,0.0,251.0,0.0,39.977489177489176,24.052925314950627,1201,1,pathological,kidney_images\images\1201.jpg
4949.0,275.03657710552216,87.0,73.0,1.1917808219178083,0.8032862676814783,19.569534301757812,30.521186132264457,0.0,251.0,0.0,54.38702566524957,25.878951927693983,949,0,healthy,kidney_images\images\949.jpg
5764.0,352.04877054691315,102.0,82.0,1.2439024390243902,0.5653624562841547,45.74609375,69.35842846050322,0.0,253.0,0.0,106.35736489717839,57.07847471668337,584,1,pathological,kidney_images\images\584.jpg
7644.0,400.73506140708923,112.0,93.0,1.2043010752688172,0.584150822687742,29.257156372070312,48.226770553978874,0.0,251.0,0.0,57.52812980030722,36.7577851534912,1112,1,pathological,kidney_images\images\1112.jpg
6325.0,326.6345558166504,96.0,90.0,1.0666666666666667,0.7284339876631664,35.8011474609375,56.980487435528005,0.0,251.0,0.0,90.47881944444444,47.97716968145709,436,1,pathological,kidney_images\images\436.jpg
5720.0,305.4213535785675,96.0,81.0,1.1851851851851851,0.7526442364950905,30.06884765625,44.03606936664421,0.0,251.0,0.0,65.1332304526749,36.47704188989873,1115,1,pathological,kidney_images\images\1115.jpg
1328.0,239.2375876903534,43.0,50.0,0.86,0.26841074813019283,14.570388793945312,26.037616015323618,0.0,252.0,0.0,44.104651162790695,18.244202054330653,1564,0,healthy,kidney_images\images\1564.jpg
4686.0,310.04877066612244,90.0,76.0,1.1842105263157894,0.5953095681831853,21.690536499023438,34.65779731305121,0.0,251.0,0.0,52.85116959064327,24.67501189629602,1957,0,healthy,kidney_images\images\1957.jpg
4056.0,271.5218585729599,80.0,72.0,1.1111111111111112,0.6706405636967468,33.181365966796875,49.740579801541415,0.0,255.0,0.0,65.14045138888889,29.485405331689538,380,1,pathological,kidney_images\images\380.jpg
2149.0,213.237588763237,55.0,56.0,0.9821428571428571,0.5617109528594223,19.0218505859375,31.164062673808278,0.0,251.0,0.0,59.79155844155844,21.67100657889911,1422,1,pathological,kidney_images\images\1422.jpg
3374.0,308.1492749452591,64.0,80.0,0.8,0.36558624757205777,33.59033203125,56.59227640602149,0.0,255.0,0.0,86.60078125,48.152139256887104,196,1,pathological,kidney_images\images\196.jpg
6480.0,349.9066346883774,102.0,79.0,1.2911392405063291,0.5913965181129001,36.63432312011719,51.32441742959097,0.0,253.0,0.0,64.37019111442045,41.04895514842097,144,0,healthy,kidney_images\images\144.jpg
2980.0,253.62236380577087,67.0,64.0,1.046875,0.5593145538264263,26.44000244140625,40.84327779709816,0.0,251.0,0.0,75.01142723880596,29.31301589967554,242,1,pathological,kidney_images\images\242.jpg
0.0,0.0,0.0,0.0,0.0,0.0,6.1186676025390625,19.90926842321356,0.0,251.0,0.0,0.0,0.0,1592,1,pathological,kidney_images\images\1592.jpg
4740.0,320.9188269376755,86.0,80.0,1.075,0.56231421678303,27.32818603515625,44.792091287140714,0.0,251.0,0.0,74.73575581395349,30.642949424439305,1952,0,healthy,kidney_images\images\1952.jpg
4974.0,286.4924211502075,88.0,79.0,1.1139240506329113,0.7427790130650063,27.4002685546875,44.99055554022981,0.0,255.0,0.0,63.699079401611044,31.97218222825482,388,0,healthy,kidney_images\images\388.jpg
2100.0,197.78174436092377,48.0,62.0,0.7741935483870968,0.6490771387228063,20.569580078125,33.76997444828361,0.0,254.0,0.0,44.20665322580645,25.367645580418497,163,1,pathological,kidney_images\images\163.jpg
4331.0,274.5929263830185,82.0,74.0,1.1081081081081081,0.7021382495735355,25.019027709960938,42.45388612829803,0.0,251.0,0.0,75.47181938035597,43.54064123560863,642,1,pathological,kidney_images\images\642.jpg
4457.0,326.97770178318024,79.0,86.0,0.9186046511627907,0.5073472787282877,27.440933227539062,46.12260738504814,0.0,251.0,0.0,69.21371798645863,37.13457946013977,906,1,pathological,kidney_images\images\906.jpg
3625.0,275.96550965309143,71.0,67.0,1.0597014925373134,0.5780167013835875,23.011459350585938,39.28226080959657,0.0,251.0,0.0,64.02018078620979,35.15752730829597,1376,0,healthy,kidney_images\images\1376.jpg
5252.0,347.84775948524475,99.0,85.0,1.1647058823529413,0.5342350813016352,44.97227478027344,67.38311759705337,0.0,251.0,0.0,108.49257278669043,65.6360237648687,1922,1,pathological,kidney_images\images\1922.jpg
5105.0,297.03657746315,90.0,75.0,1.2,0.7123448236499731,17.405593872070312,29.47281283851049,0.0,251.0,0.0,46.934814814814814,22.111077560617264,1481,0,healthy,kidney_images\images\1481.jpg
4109.0,254.45079135894775,83.0,67.0,1.2388059701492538,0.7761642875883478,25.205520629882812,39.41319003823998,0.0,251.0,0.0,61.49235748966014,27.337237762029055,354,1,pathological,kidney_images\images\354.jpg
4227.0,315.5634890794754,90.0,70.0,1.2857142857142858,0.516761644458215,33.709228515625,59.10133905311798,0.0,255.0,0.0,46.82920634920635,55.51952641779137,635,1,pathological,kidney_images\images\635.jpg
4313.0,281.27921855449677,92.0,65.0,1.4153846153846155,0.6655008175004771,39.84718322753906,61.19665777268192,0.0,251.0,0.0,76.63829431438127,43.25651618436651,526,1,pathological,kidney_images\images\526.jpg
4695.0,279.2792180776596,81.0,78.0,1.0384615384615385,0.7367732094378376,19.119415283203125,33.036171585953234,0.0,251.0,0.0,53.66935739157962,37.91666752781901,799,1,pathological,kidney_images\images\799.jpg
6012.0,320.2497811317444,102.0,87.0,1.1724137931034482,0.7194791745349743,32.76878356933594,49.97743683063822,0.0,251.0,0.0,79.41210277214334,39.82722141878852,495,1,pathological,kidney_images\images\495.jpg
2822.0,222.65180087089539,60.0,65.0,0.9230769230769231,0.6907548553522297,20.277679443359375,31.53041685959173,0.0,251.0,0.0,44.411794871794875,24.843833561051007,1238,0,healthy,kidney_images\images\1238.jpg
4084.0,263.0365777015686,85.0,61.0,1.3934426229508197,0.7209636678442363,22.78759765625,36.2490514927125,0.0,251.0,0.0,48.60964320154291,28.89600920028533,744,1,pathological,kidney_images\images\744.jpg
5050.0,302.2497806549072,101.0,73.0,1.3835616438356164,0.676222706358546,33.52400207519531,57.10970794468607,0.0,255.0,0.0,95.47958768479587,48.04369843066686,113,1,pathological,kidney_images\images\113.jpg
4780.0,271.622363448143,89.0,69.0,1.289855072463768,0.7938855906150072,28.94561767578125,46.499783452897155,0.0,251.0,0.0,76.4342940889106,39.92129681472002,347,0,healthy,kidney_images\images\347.jpg
2115.0,217.72286939620972,62.0,51.0,1.2156862745098038,0.5324435881373367,25.375885009765625,42.266492245151284,0.0,251.0,0.0,74.53510436432637,39.30365014125499,320,1,pathological,kidney_images\images\320.jpg
1382.0,295.56348872184753,46.0,60.0,0.7666666666666667,0.18125034454269387,19.677764892578125,32.780459859018876,0.0,254.0,0.0,65.34927536231883,27.058265758390945,161,1,pathological,kidney_images\images\161.jpg
4060.0,363.6051182746887,67.0,93.0,0.7204301075268817,0.3710257672787398,23.434417724609375,40.30713349381958,0.0,251.0,0.0,72.38164018616594,37.502881630335125,1494,1,pathological,kidney_images\images\1494.jpg
1589.0,192.7523068189621,47.0,58.0,0.8103448275862069,0.5136005636522293,13.066482543945312,24.158429586502493,0.0,251.0,0.0,29.745047688921495,20.00935042010867,1622,1,pathological,kidney_images\images\1622.jpg
538.0,180.99494695663452,36.0,36.0,1.0,0.17261935007058404,21.1845703125,34.86697687815807,0.0,251.0,0.0,63.969907407407405,29.547302345854735,1138,1,pathological,kidney_images\images\1138.jpg
2175.0,335.4629842042923,54.0,93.0,0.5806451612903226,0.21947936755916692,19.554489135742188,36.24769309640324,0.0,251.0,0.0,73.27379530067702,39.621171392492364,986,1,pathological,kidney_images\images\986.jpg
3978.0,267.1370824575424,82.0,64.0,1.28125,0.679718063863313,21.783660888671875,34.673308951395306,0.0,252.0,0.0,64.18616615853658,26.20422517184085,1900,1,pathological,kidney_images\images\1900.jpg
2023.0,181.88224959373474,48.0,57.0,0.8421052631578947,0.7373178791841815,11.735931396484375,24.854110466465663,0.0,251.0,0.0,39.89656432748538,30.400865444508344,959,1,pathological,kidney_images\images\959.jpg
8565.0,388.63455629348755,116.0,102.0,1.1372549019607843,0.6983451644908871,29.579010009765625,48.069341940738305,0.0,254.0,0.0,56.830713319810684,40.030999143061415,129,1,pathological,kidney_images\images\129.jpg
7363.0,445.06096279621124,128.0,78.0,1.641025641025641,0.45515833256499383,47.4312744140625,64.1351184807964,0.0,254.0,0.0,86.81570512820512,49.10112791947179,141,0,healthy,kidney_images\images\141.jpg
4406.0,341.3624781370163,68.0,93.0,0.7311827956989247,0.4557301815324226,25.426010131835938,38.523926911581356,0.0,251.0,0.0,77.70129664769134,37.313039635561104,821,1,pathological,kidney_images\images\821.jpg
4578.0,291.76449966430664,88.0,72.0,1.2222222222222223,0.6564657873846187,26.7681884765625,37.99570688176423,0.0,255.0,0.0,62.11568813131313,31.586386977088313,385,1,pathological,kidney_images\images\385.jpg
3298.0,242.89444231987,77.0,60.0,1.2833333333333334,0.6885147395595791,24.519821166992188,39.837980252491484,0.0,251.0,0.0,61.47792207792208,26.987975308767705,314,1,pathological,kidney_images\images\314.jpg
3612.0,259.96550965309143,78.0,61.0,1.278688524590164,0.6504264648104225,29.849151611328125,47.31616595242543,0.0,251.0,0.0,75.5666246321984,42.597642402973825,733,1,pathological,kidney_images\images\733.jpg
2314.0,192.7523069381714,52.0,61.0,0.8524590163934426,0.7544195296735614,32.88130187988281,54.69273519128956,0.0,251.0,0.0,69.59457755359395,34.921866610629415,1802,0,healthy,kidney_images\images\1802.jpg
2835.0,227.3797229528427,62.0,63.0,0.9841269841269841,0.661963094728991,22.233184814453125,35.32217538687359,0.0,251.0,0.0,56.93830005120328,37.14031506533245,1043,1,pathological,kidney_images\images\1043.jpg
3676.0,252.2081505060196,78.0,60.0,1.3,0.7045857534753559,28.227615356445312,44.996112852560174,0.0,251.0,0.0,62.98418803418804,33.19573146638849,787,1,pathological,kidney_images\images\787.jpg
2753.0,289.62236416339874,71.0,57.0,1.2456140350877194,0.38846168723461866,26.245361328125,41.466247913592944,0.0,252.0,0.0,75.41907585866073,25.872887120545442,1339,1,pathological,kidney_images\images\1339.jpg
1822.0,170.02438485622406,49.0,51.0,0.9607843137254902,0.7598517496314637,14.876617431640625,27.09737732321179,0.0,251.0,0.0,50.363345338135254,17.449338805326878,1402,1,pathological,kidney_images\images\1402.jpg
87.0,33.55634891986847,12.0,10.0,1.2,0.7979331400318117,9.728958129882812,21.90229271275387,0.0,251.0,0.0,22.583333333333332,11.063892724634592,1588,1,pathological,kidney_images\images\1588.jpg
2418.0,197.2375876903534,56.0,58.0,0.9655172413793104,0.7560302017473008,19.849685668945312,30.909247736969533,0.0,253.0,0.0,51.854679802955665,20.70523398932372,48,0,healthy,kidney_images\images\48.jpg
4200.0,284.1076453924179,80.0,76.0,1.0526315789473684,0.6345680438136166,28.26312255859375,52.958524304860084,0.0,251.0,0.0,57.38092105263158,42.856112125577646,447,1,pathological,kidney_images\images\447.jpg
4125.0,268.10764491558075,81.0,69.0,1.173913043478261,0.6991057475209916,25.624298095703125,41.836302860017675,0.0,251.0,0.0,74.36589729826444,31.784220431849157,600,1,pathological,kidney_images\images\600.jpg
900.0,144.46803629398346,48.0,31.0,1.5483870967741935,0.4970309149991794,22.149887084960938,36.61033626564815,0.0,251.0,0.0,80.80174731182795,27.566080375517338,719,0,healthy,kidney_images\images\719.jpg
4297.0,299.7644993066788,79.0,78.0,1.0128205128205128,0.5825976551026762,29.667526245117188,50.95397439107434,0.0,251.0,0.0,66.30233690360272,62.263417528606176,695,1,pathological,kidney_images\images\695.jpg
2392.0,211.23758840560913,62.0,56.0,1.1071428571428572,0.6459013719878813,16.228485107421875,27.84766930845575,0.0,251.0,0.0,41.55097926267281,19.693993802634026,1400,1,pathological,kidney_images\images\1400.jpg
3089.0,261.137082695961,67.0,62.0,1.0806451612903225,0.549516082140272,22.311920166015625,34.88999605133793,0.0,251.0,0.0,64.54429465575349,28.777458469791647,831,1,pathological,kidney_images\images\831.jpg
1746.0,203.8233746290207,48.0,56.0,0.8571428571428571,0.5012153890874651,16.622650146484375,30.384780662470003,0.0,251.0,0.0,64.5844494047619,24.044623306774888,1579,1,pathological,kidney_images\images\1579.jpg
5470.0,304.59292590618134,94.0,80.0,1.175,0.7227466035774046,38.13432312011719,57.749168298001706,0.0,251.0,0.0,108.2402925531915,44.90942242174618,498,1,pathological,kidney_images\images\498.jpg
1528.0,218.16652035713196,54.0,51.0,1.0588235294117647,0.3886346010067152,24.520462036132812,38.46117525452615,0.0,251.0,0.0,86.79883805374001,27.400897924593476,295,0,healthy,kidney_images\images\295.jpg
4122.0,262.49242103099823,73.0,79.0,0.9240506329113924,0.7316158802266542,12.400833129882812,25.549414985815584,0.0,251.0,0.0,39.601699323738515,28.00288604904653,1663,1,pathological,kidney_images\images\1663.jpg
2351.0,296.0071390867233,55.0,63.0,0.873015873015873,0.32003861643805,20.181015014648438,36.490671218565765,0.0,251.0,0.0,48.948340548340546,27.854848220665147,907,1,pathological,kidney_images\images\907.jpg
4099.0,265.37972366809845,73.0,77.0,0.948051948051948,0.7106081324874248,23.81646728515625,39.20364859368367,0.0,251.0,0.0,66.72033446006049,30.15656933175157,1211,0,healthy,kidney_images\images\1211.jpg
4358.0,296.35028517246246,77.0,77.0,1.0,0.6050419679525945,33.08161926269531,51.26574888109899,0.0,251.0,0.0,90.536346770113,40.842362435119654,487,0,healthy,kidney_images\images\487.jpg
5991.0,351.84775948524475,86.0,110.0,0.7818181818181819,0.5921976901589757,26.515838623046875,45.94032057792025,0.0,251.0,0.0,68.82315010570825,49.810740253707216,705,1,pathological,kidney_images\images\705.jpg
5344.0,352.977702498436,100.0,86.0,1.1627906976744187,0.5230051418963233,39.489105224609375,58.66966335258309,0.0,251.0,0.0,109.43209302325582,40.09324066201239,500,1,pathological,kidney_images\images\500.jpg
3534.0,239.48022842407227,67.0,72.0,0.9305555555555556,0.7513426143875225,16.042190551757812,30.03815534815741,0.0,251.0,0.0,38.58810116086236,34.097352810732254,1862,0,healthy,kidney_images\images\1862.jpg
3046.0,268.2497800588608,66.0,78.0,0.8461538461538461,0.5115057105143644,19.890731811523438,33.658374552678815,0.0,254.0,0.0,59.25524475524475,33.12900254627174,138,1,pathological,kidney_images\images\138.jpg
5037.0,289.07820677757263,87.0,79.0,1.1012658227848102,0.7404525007931422,37.230865478515625,60.776284768338364,0.0,252.0,0.0,76.32373053979339,50.86727922704644,565,1,pathological,kidney_images\images\565.jpg
5563.0,302.6518018245697,107.0,67.0,1.5970149253731343,0.739044028018641,38.437713623046875,59.93152777163295,0.0,251.0,0.0,67.71460454735667,43.53570720422558,1795,0,healthy,kidney_images\images\1795.jpg
4001.0,262.5512957572937,81.0,65.0,1.2461538461538462,0.707953676663168,22.341690063476562,35.83235755738447,0.0,251.0,0.0,53.823741690408355,28.69730169965738,1013,1,pathological,kidney_images\images\1013.jpg
3339.0,258.6518015861511,73.0,65.0,1.123076923076923,0.6042684359903763,23.810379028320312,38.71124230852991,0.0,251.0,0.0,80.08809272918862,37.457812383876764,1414,1,pathological,kidney_images\images\1414.jpg
4479.0,268.55129611492157,86.0,70.0,1.2285714285714286,0.7597866340924516,29.271560668945312,44.576891364188725,0.0,255.0,0.0,70.45996677740864,31.32105570110073,180,0,healthy,kidney_images\images\180.jpg
2657.0,205.0954533815384,60.0,58.0,1.0344827586206897,0.7673215020698964,16.656784057617188,32.111193836252106,0.0,251.0,0.0,47.60890804597701,32.685248895478225,969,0,healthy,kidney_images\images\969.jpg
1970.0,239.722869515419,63.0,46.0,1.3695652173913044,0.40793050418534527,21.141571044921875,33.842078283859585,0.0,251.0,0.0,67.50828157349896,25.914896960756447,1851,0,healthy,kidney_images\images\1851.jpg
3012.0,219.72286987304688,67.0,62.0,1.0806451612903225,0.7593993184644506,23.98822021484375,41.20874307435149,0.0,251.0,0.0,64.45305729417429,32.48048688748137,1176,1,pathological,kidney_images\images\1176.jpg
0.0,0.0,0.0,0.0,0.0,0.0,8.4669189453125,21.490200304106466,0.0,251.0,0.0,0.0,0.0,1396,0,healthy,kidney_images\images\1396.jpg
2180.0,280.93607234954834,55.0,61.0,0.9016393442622951,0.33181236483570087,16.233612060546875,28.321463176880282,0.0,251.0,0.0,51.23666169895678,27.144488867724576,1509,0,healthy,kidney_images\images\1509.jpg
3555.0,259.2792183160782,72.0,67.0,1.0746268656716418,0.6424716651059639,31.80267333984375,49.32019093949589,0.0,254.0,0.0,68.02508291873964,33.170847648192414,171,1,pathological,kidney_images\images\171.jpg
3854.0,243.09545302391052,80.0,61.0,1.3114754098360655,0.7962510675628193,27.11578369140625,42.990497236967684,0.0,251.0,0.0,58.93012295081967,28.580419942387895,1326,0,healthy,kidney_images\images\1326.jpg
3344.0,238.0660148859024,76.0,57.0,1.3333333333333333,0.7182787927923114,39.26423645019531,60.65457523223842,0.0,251.0,0.0,85.99930747922437,30.87970358833194,881,1,pathological,kidney_images\images\881.jpg
2400.0,194.61017155647278,53.0,60.0,0.8833333333333333,0.7755868062880729,13.217910766601562,26.155131367588407,0.0,252.0,0.0,35.07641509433962,22.58476994988729,1359,0,healthy,kidney_images\images\1359.jpg
4398.0,357.70562398433685,70.0,95.0,0.7368421052631579,0.4176896462481833,36.64674377441406,59.74131638573927,0.0,251.0,0.0,84.39774436090225,56.36147162409705,628,1,pathological,kidney_images\images\628.jpg
2871.0,251.37972342967987,65.0,70.0,0.9285714285714286,0.5491543440585951,22.228958129882812,38.55002811163902,0.0,251.0,0.0,67.60197802197803,29.670380324743086,721,1,pathological,kidney_images\images\721.jpg
3054.0,240.4507907629013,67.0,68.0,0.9852941176470589,0.6459609280083686,20.451904296875,35.42610717902803,0.0,251.0,0.0,67.39771729587358,32.10474289414819,1949,1,pathological,kidney_images\images\1949.jpg
5458.0,323.4213536977768,99.0,82.0,1.2073170731707317,0.6386419689432125,31.030670166015625,45.14696838288408,0.0,255.0,0.0,80.90662724809066,37.32976177261587,13,1,pathological,kidney_images\images\13.jpg
4191.0,514.7005716562271,72.0,105.0,0.6857142857142857,0.18950354841977124,34.900390625,55.48413433086136,0.0,251.0,0.0,115.76613756613757,48.84952942755176,1506,1,pathological,kidney_images\images\1506.jpg
153.0,48.041630148887634,15.0,14.0,1.0714285714285714,0.37296232591447354,23.79248046875,36.48784649035244,0.0,251.0,0.0,49.904761904761905,11.755058736377782,248,1,pathological,kidney_images\images\248.jpg
947.0,127.15432786941528,32.0,41.0,0.7804878048780488,0.6804617556054049,23.836944580078125,40.32636926619735,0.0,253.0,0.0,39.521341463414636,24.86428716551626,861,1,pathological,kidney_images\images\861.jpg
2164.0,195.6812388896942,57.0,49.0,1.163265306122449,0.6809725196331426,25.62823486328125,40.45179202382732,0.0,251.0,0.0,74.24633011099176,31.16221447155327,353,1,pathological,kidney_images\images\353.jpg
4282.0,286.59292685985565,86.0,77.0,1.1168831168831168,0.6363086818921607,28.994720458984375,46.1928318314104,0.0,251.0,0.0,88.79915433403805,35.01260694394543,322,1,pathological,kidney_images\images\322.jpg
4016.0,285.1787123680115,91.0,64.0,1.421875,0.6014565761955475,22.526321411132812,36.03448881401834,0.0,255.0,0.0,73.56353021978022,27.464726671931796,19,1,pathological,kidney_images\images\19.jpg
4831.0,395.2619731426239,77.0,109.0,0.7064220183486238,0.37357582363220354,20.846298217773438,40.05770540860972,0.0,251.0,0.0,68.77588466579293,54.64928794439416,1513,1,pathological,kidney_images\images\1513.jpg
5639.0,304.83556711673737,102.0,75.0,1.36,0.7445182638069767,28.161087036132812,45.73262109150762,0.0,251.0,0.0,76.84078431372549,45.72971756599747,459,1,pathological,kidney_images\images\459.jpg
4477.0,321.42135298252106,79.0,78.0,1.0128205128205128,0.5274116124976129,34.98435974121094,55.693380569807736,0.0,251.0,0.0,87.41496267445635,37.714738277711575,212,0,healthy,kidney_images\images\212.jpg
2321.0,232.40916109085083,54.0,59.0,0.9152542372881356,0.5063630993284887,35.35418701171875,50.25074435178434,0.0,254.0,0.0,65.11550533584432,21.74962745484357,160,1,pathological,kidney_images\images\160.jpg
6260.0,332.4924215078354,87.0,97.0,0.8969072164948454,0.6950360187933361,26.028961181640625,41.140805445150676,0.0,251.0,0.0,71.3994549117194,42.568874421317254,1107,0,healthy,kidney_images\images\1107.jpg
5201.0,305.4213538169861,88.0,81.0,1.0864197530864197,0.6813808022639536,31.190460205078125,50.53303288596898,0.0,251.0,0.0,76.04980359147025,46.85888341678711,1207,1,pathological,kidney_images\images\1207.jpg
5144.0,316.24978053569794,105.0,73.0,1.4383561643835616,0.6350159532040685,29.899871826171875,43.59212148317048,0.0,255.0,0.0,65.77273320287019,24.993776397519134,120,1,pathological,kidney_images\images\120.jpg
1652.0,187.09545278549194,49.0,52.0,0.9423076923076923,0.5637951556244156,15.718002319335938,27.82193193981619,0.0,251.0,0.0,36.28414442700157,24.562372783671986,1836,1,pathological,kidney_images\images\1836.jpg
1871.0,216.9949471950531,50.0,53.0,0.9433962264150944,0.47397297845712183,27.831878662109375,44.50729098464563,0.0,251.0,0.0,58.56603773584906,24.716039734340924,1916,0,healthy,kidney_images\images\1916.jpg
2198.0,195.8233743906021,54.0,59.0,0.9152542372881356,0.7025958578672957,34.16929626464844,52.24858195855701,0.0,254.0,0.0,60.895166352793474,26.188215997141576,85,1,pathological,kidney_images\images\85.jpg
5682.0,308.2497798204422,95.0,83.0,1.144578313253012,0.7337375855930622,35.20710754394531,54.604443336376875,0.0,251.0,0.0,91.99074191502854,42.803285901635476,420,1,pathological,kidney_images\images\420.jpg
1701.0,223.48022890090942,52.0,50.0,1.04,0.40358592598852433,19.174713134765625,32.309713166788555,0.0,251.0,0.0,39.315384615384616,23.072555997043033,1172,0,healthy,kidney_images\images\1172.jpg
1947.0,184.95331728458405,52.0,47.0,1.1063829787234043,0.6908105341743681,17.935455322265625,31.995561047714318,0.0,251.0,0.0,21.795008183306056,19.353210773042086,1237,1,pathological,kidney_images\images\1237.jpg
0.0,0.0,0.0,0.0,0.0,0.0,7.34503173828125,20.645237519824498,0.0,251.0,0.0,0.0,0.0,1591,1,pathological,kidney_images\images\1591.jpg
6802.0,486.2741651535034,111.0,94.0,1.1808510638297873,0.3509575056625515,20.41094970703125,34.47191246154265,0.0,251.0,0.0,54.5344067471727,38.713804873061115,984,1,pathological,kidney_images\images\984.jpg
2648.0,266.450790643692,66.0,61.0,1.0819672131147542,0.44250261971101873,34.4078369140625,50.991269330717564,0.0,251.0,0.0,127.51266766020865,30.414163228266542,1169,1,pathological,kidney_images\images\1169.jpg
1829.0,234.06601452827454,56.0,52.0,1.0769230769230769,0.39852718949872207,25.547225952148438,38.406038206068665,0.0,251.0,0.0,54.56043956043956,21.427341469350537,1055,0,healthy,kidney_images\images\1055.jpg
4063.0,286.2081501483917,79.0,73.0,1.082191780821918,0.5974445156524347,27.447113037109375,41.98566967835871,0.0,251.0,0.0,66.29582105080631,30.15344069926998,785,1,pathological,kidney_images\images\785.jpg
3402.0,233.33809328079224,74.0,59.0,1.2542372881355932,0.7690305051804719,17.326980590820312,28.805900068166107,0.0,251.0,0.0,43.67040769583142,20.772730882077077,1407,0,healthy,kidney_images\images\1407.jpg
1993.0,194.85281205177307,56.0,51.0,1.0980392156862746,0.6255446478927931,13.91021728515625,27.511283007635697,0.0,251.0,0.0,28.8781512605042,24.182817914718875,1830,1,pathological,kidney_images\images\1830.jpg
5810.0,440.0315248966217,77.0,112.0,0.6875,0.3713232845260788,36.53179931640625,56.634756663973235,0.0,254.0,0.0,87.35772263450835,44.05966794826722,82,1,pathological,kidney_images\images\82.jpg
2861.0,269.27921867370605,71.0,67.0,1.0597014925373134,0.5218130576505774,15.636322021484375,29.855254372886186,0.0,251.0,0.0,51.45553920538154,26.771582824894118,1163,0,healthy,kidney_images\images\1163.jpg
3546.0,265.379723072052,82.0,60.0,1.3666666666666667,0.6119348653641759,21.183303833007812,33.79986075898649,0.0,251.0,0.0,53.857520325203254,25.104121069342796,1452,1,pathological,kidney_images\images\1452.jpg
1467.0,201.4385985136032,56.0,42.0,1.3333333333333333,0.4300018912066332,34.950408935546875,52.206333268611,0.0,251.0,0.0,100.87074829931973,26.778322055220514,1934,0,healthy,kidney_images\images\1934.jpg
3183.0,226.16652011871338,73.0,58.0,1.2586206896551724,0.757402539631229,27.07373046875,42.0935052667766,0.0,251.0,0.0,56.28649031648559,35.38334999120917,859,1,pathological,kidney_images\images\859.jpg
623.0,165.19595789909363,29.0,43.0,0.6744186046511628,0.24958030862648198,21.82904052734375,39.17064260510657,0.0,251.0,0.0,49.60705693664796,23.802405279976128,630,1,pathological,kidney_images\images\630.jpg
1433.0,204.50966620445251,51.0,43.0,1.186046511627907,0.4035136187689041,23.2012939453125,37.16504429063059,0.0,252.0,0.0,64.15823073415413,18.519927940805434,842,1,pathological,kidney_images\images\842.jpg
1329.0,173.39696836471558,49.0,38.0,1.2894736842105263,0.49736340228578163,19.372116088867188,32.16681824866088,0.0,251.0,0.0,45.90601503759399,19.470440189053775,1890,0,healthy,kidney_images\images\1890.jpg
1661.0,206.95331716537476,45.0,54.0,0.8333333333333334,0.4575625369753826,36.07920837402344,52.0370967044756,0.0,251.0,0.0,124.10781893004115,29.844726781160364,250,1,pathological,kidney_images\images\250.jpg
4606.0,320.93607199192047,80.0,80.0,1.0,0.5438922398107099,24.152099609375,38.82790608258004,0.0,251.0,0.0,54.535,28.941714487915192,858,1,pathological,kidney_images\images\858.jpg
267.0,60.38477599620819,20.0,14.0,1.4285714285714286,0.7151103206218784,24.805953979492188,40.96691142094333,0.0,251.0,0.0,29.275,10.72444220993734,1917,0,healthy,kidney_images\images\1917.jpg
14239.0,750.7838313579559,202.0,108.0,1.8703703703703705,0.2992914676610255,83.19953918457031,69.82806770708066,0.0,255.0,95.0,115.12917125045838,46.12933321645649,427,1,pathological,kidney_images\images\427.jpg
600.0,139.88224971294403,24.0,45.0,0.5333333333333333,0.34615723436040746,21.239349365234375,35.983510281437674,0.0,251.0,0.0,65.97962962962963,25.517560254544463,1683,1,pathological,kidney_images\images\1683.jpg
6447.0,384.433545589447,103.0,94.0,1.0957446808510638,0.5230561805418469,28.874649047851562,46.27439100987807,0.0,255.0,0.0,72.68725469944226,48.26399101478089,700,1,pathological,kidney_images\images\700.jpg
3594.0,269.03657734394073,74.0,71.0,1.0422535211267605,0.6035724929862049,20.104660034179688,33.47876240238009,0.0,251.0,0.0,61.42729349067377,32.21573797893649,1277,1,pathological,kidney_images\images\1277.jpg
3754.0,302.4507911205292,78.0,67.0,1.164179104477612,0.49728915128903156,37.88645935058594,63.653413272507684,0.0,255.0,0.0,77.72502870264064,61.95994512809574,211,1,pathological,kidney_images\images\211.jpg
4836.0,333.46298384666443,88.0,75.0,1.1733333333333333,0.5295055814941527,32.3828125,40.548575199180476,0.0,251.0,3.0,67.6919696969697,21.54970566625243,1968,0,healthy,kidney_images\images\1968.jpg
2996.0,211.33809340000153,65.0,57.0,1.1403508771929824,0.8167729187467121,20.768600463867188,32.11025314008748,0.0,251.0,0.0,62.78677462887989,22.864156438647857,950,0,healthy,kidney_images\images\950.jpg
2108.0,230.89444184303284,57.0,60.0,0.95,0.47625742731956466,23.675003051757812,36.045601867231156,0.0,251.0,0.0,65.67397660818713,23.383726809647445,1965,0,healthy,kidney_images\images\1965.jpg
6171.0,355.462984085083,94.0,103.0,0.912621359223301,0.5979655835971689,30.873199462890625,52.41223689568062,0.0,251.0,0.0,93.01425325346003,55.3365377853784,1879,1,pathological,kidney_images\images\1879.jpg
4956.0,373.9482650756836,87.0,99.0,0.8787878787878788,0.4312134692042333,40.52778625488281,63.40192864805597,0.0,255.0,0.0,100.16846627191455,62.02804068045292,522,1,pathological,kidney_images\images\522.jpg
4497.0,278.69343090057373,82.0,79.0,1.0379746835443038,0.7061401374125287,21.897735595703125,37.96202370654007,0.0,251.0,0.0,61.46372337141093,36.174747773880924,1278,1,pathological,kidney_images\images\1278.jpg
2282.0,203.92387986183167,60.0,52.0,1.1538461538461537,0.6583112204752389,17.389495849609375,31.939364140568614,0.0,251.0,0.0,51.4099358974359,31.62661109703457,1440,0,healthy,kidney_images\images\1440.jpg
4362.0,258.06601536273956,82.0,67.0,1.2238805970149254,0.8014595702072458,23.725662231445312,39.45230906513548,0.0,251.0,0.0,57.35001820167455,30.28551165249723,1372,0,healthy,kidney_images\images\1372.jpg
4105.0,276.1076452732086,81.0,69.0,1.173913043478261,0.6570377067515063,33.51783752441406,48.80546304546745,0.0,251.0,0.0,83.85525138665236,32.548093703265494,1077,0,healthy,kidney_images\images\1077.jpg
4985.0,303.1787130832672,90.0,79.0,1.139240506329114,0.663403865571786,32.05908203125,51.22731747753773,0.0,251.0,0.0,73.53825597749649,46.48447723360252,892,1,pathological,kidney_images\images\892.jpg
4049.0,266.55129647254944,64.0,89.0,0.7191011235955056,0.6985385586448802,29.5050048828125,44.88643547007225,0.0,255.0,0.0,76.84901685393258,34.02803225827939,169,1,pathological,kidney_images\images\169.jpg
4875.0,304.8355669975281,83.0,81.0,1.0246913580246915,0.6455286413699449,23.444259643554688,33.54809633598489,0.0,255.0,0.0,44.46868957310724,26.663370387401475,35,1,pathological,kidney_images\images\35.jpg
0.0,0.0,0.0,0.0,0.0,0.0,23.55267333984375,36.32922254970707,0.0,251.0,0.0,0.0,0.0,667,1,pathological,kidney_images\images\667.jpg
2697.0,202.02438533306122,65.0,55.0,1.1818181818181819,0.8026815987756195,17.408432006835938,31.84937947157688,0.0,251.0,0.0,56.83020979020979,33.459730257535504,711,1,pathological,kidney_images\images\711.jpg
526.0,144.9533168077469,29.0,34.0,0.8529411764705882,0.27720642240380533,21.582412719726562,39.733271482280976,0.0,251.0,0.0,47.682555780933065,21.052133683217406,1801,0,healthy,kidney_images\images\1801.jpg
2058.0,183.78174424171448,49.0,58.0,0.8448275862068966,0.7353632882193585,10.969268798828125,24.00396063465184,0.0,251.0,0.0,39.68472906403941,30.049346684849407,960,1,pathological,kidney_images\images\960.jpg
3564.0,360.2914105653763,80.0,78.0,1.0256410256410255,0.32512277982591675,30.895858764648438,46.77400288762359,0.0,254.0,0.0,71.45032051282051,33.741524575313754,156,1,pathological,kidney_images\images\156.jpg
4802.0,280.2497812509537,81.0,87.0,0.9310344827586207,0.7491188215566277,32.03926086425781,50.80985882555298,0.0,251.0,0.0,88.49127288207748,40.255546713370016,1049,1,pathological,kidney_images\images\1049.jpg
4919.0,317.76449966430664,93.0,66.0,1.4090909090909092,0.5921388398445045,33.398345947265625,53.37439204359966,0.0,251.0,0.0,62.52150537634409,37.808174704705316,670,1,pathological,kidney_images\images\670.jpg
2184.0,216.16652047634125,59.0,55.0,1.0727272727272728,0.5625934612052303,26.1314697265625,43.381108935105765,0.0,251.0,0.0,57.166409861325114,24.447788072878065,278,1,pathological,kidney_images\images\278.jpg
3440.0,232.30865573883057,70.0,65.0,1.0769230769230769,0.7774912310964603,28.123565673828125,45.8445380607201,0.0,251.0,0.0,63.066813186813185,27.981806054363286,359,1,pathological,kidney_images\images\359.jpg
3781.0,311.5218584537506,82.0,73.0,1.1232876712328768,0.4658366098387434,23.5240478515625,37.4200184863295,0.0,251.0,0.0,65.42348813899098,34.47317569590281,995,1,pathological,kidney_images\images\995.jpg
6658.0,340.14927411079407,110.0,82.0,1.3414634146341464,0.7069983469427937,28.849639892578125,46.21796332095687,0.0,251.0,0.0,68.20410199556541,44.99957532224611,514,1,pathological,kidney_images\images\514.jpg
5453.0,310.1076453924179,103.0,77.0,1.3376623376623376,0.694656156973194,21.702651977539062,34.491800539989974,0.0,255.0,0.0,58.96948682385575,30.631541583505744,20,1,pathological,kidney_images\images\20.jpg
5114.0,328.2497807741165,97.0,71.0,1.3661971830985915,0.5796386860875196,27.263092041015625,43.087566153599866,0.0,252.0,0.0,69.83098591549296,33.32007320795762,1336,1,pathological,kidney_images\images\1336.jpg
4747.0,467.68837893009186,87.0,93.0,0.9354838709677419,0.26263671073396283,28.104721069335938,39.16678507239032,0.0,254.0,0.0,68.66332962550983,37.50644967384024,131,1,pathological,kidney_images\images\131.jpg
2867.0,210.40916061401367,55.0,69.0,0.7971014492753623,0.7878105783605692,18.701904296875,28.48672615325064,0.0,255.0,0.0,40.42819499341238,24.51270103487616,41,1,pathological,kidney_images\images\41.jpg
3199.0,232.99494767189026,69.0,62.0,1.1129032258064515,0.716667662238833,14.675994873046875,25.358063278112756,0.0,251.0,0.0,37.950444132772326,19.79210257873524,1426,1,pathological,kidney_images\images\1426.jpg
3809.0,300.6934313774109,83.0,64.0,1.296875,0.5111103355776752,34.718414306640625,50.979026463682054,0.0,251.0,0.0,100.89250753012048,34.06314349950272,1821,0,healthy,kidney_images\images\1821.jpg
2283.0,211.72286868095398,48.0,65.0,0.7384615384615385,0.6202369052011919,16.288223266601562,29.238410610184033,0.0,251.0,0.0,43.86538461538461,23.898915472244905,1704,0,healthy,kidney_images\images\1704.jpg
3805.0,326.14927542209625,80.0,73.0,1.095890410958904,0.43373109685888495,36.03753662109375,62.53609232044373,0.0,251.0,0.0,82.60993150684932,55.38912382725938,871,1,pathological,kidney_images\images\871.jpg
1563.0,234.89444160461426,45.0,55.0,0.8181818181818182,0.32785065312881306,16.345809936523438,27.822682341399414,0.0,251.0,0.0,41.51151515151515,20.650868074968916,1523,0,healthy,kidney_images\images\1523.jpg
3456.0,275.279217839241,69.0,65.0,1.0615384615384615,0.5535404278488715,21.404861450195312,35.64826431888809,0.0,251.0,0.0,64.038127090301,32.91865072078513,749,1,pathological,kidney_images\images\749.jpg
767.0,148.95331740379333,35.0,36.0,0.9722222222222222,0.39505150071802964,28.789260864257812,43.430286271821984,0.0,255.0,0.0,55.24603174603175,30.19115988243266,214,1,pathological,kidney_images\images\214.jpg
4524.0,276.4507911205292,94.0,66.0,1.4242424242424243,0.7239738425957853,31.657577514648438,56.296167671718024,0.0,251.0,0.0,97.4124758220503,49.396290020836524,1804,1,pathological,kidney_images\images\1804.jpg
5129.0,313.8061294555664,84.0,88.0,0.9545454545454546,0.6379895897146193,36.23536682128906,53.169156233694274,0.0,251.0,0.0,101.79531926406926,43.07315852902441,745,1,pathological,kidney_images\images\745.jpg
1155.0,204.06601440906525,34.0,61.0,0.5573770491803278,0.31911621723514905,25.579360961914062,40.577925558831076,0.0,251.0,0.0,62.13693346190935,31.952917922910327,1845,1,pathological,kidney_images\images\1845.jpg
672.0,78.18376529216766,23.0,16.0,1.4375,0.36695678353793565,48.45515441894531,68.54392879864092,0.0,251.0,0.0,136.73641304347825,40.97259927660887,1006,1,pathological,kidney_images\images\1006.jpg
4379.0,303.220342874527,78.0,82.0,0.9512195121951219,0.5506687894181941,29.451004028320312,43.68290451375733,0.0,251.0,0.0,67.60365853658537,28.194458632139938,779,1,pathological,kidney_images\images\779.jpg
3604.0,256.79393672943115,74.0,69.0,1.0724637681159421,0.6654486811044461,21.561508178710938,33.696086418712056,0.0,251.0,0.0,58.709753231492364,25.961147317726486,1030,1,pathological,kidney_images\images\1030.jpg
4212.0,300.2497799396515,91.0,70.0,1.3,0.5695643926595892,30.455520629882812,44.88028549352338,0.0,251.0,0.0,86.05777080062795,37.58247600157561,945,0,healthy,kidney_images\images\945.jpg
2286.0,202.85281229019165,58.0,53.0,1.0943396226415094,0.670320224062491,33.406463623046875,51.36594648899072,0.0,251.0,0.0,114.46844502277163,28.636933984244195,1764,1,pathological,kidney_images\images\1764.jpg
3977.0,262.79393661022186,73.0,71.0,1.028169014084507,0.7027347863183586,24.04205322265625,35.58742666797826,0.0,251.0,0.0,56.78699594829249,25.67681881409586,1001,1,pathological,kidney_images\images\1001.jpg
1536.0,180.02438497543335,47.0,45.0,1.0444444444444445,0.5649457475754943,12.077713012695312,24.66677618839718,0.0,252.0,0.0,39.78770685579196,23.39315210036181,1674,1,pathological,kidney_images\images\1674.jpg
4625.0,289.5218583345413,86.0,75.0,1.1466666666666667,0.6743958256811751,18.437210083007812,32.50882533501714,0.0,251.0,0.0,50.27891472868217,26.306656782461893,1827,0,healthy,kidney_images\images\1827.jpg
3892.0,247.13708245754242,76.0,67.0,1.1343283582089552,0.7785475834360661,35.362335205078125,57.584717014233185,0.0,251.0,0.0,69.36802827965435,27.294789991575247,885,0,healthy,kidney_images\images\885.jpg
5534.0,387.6051186323166,92.0,89.0,1.0337078651685394,0.44736587893146335,44.03582763671875,67.37109973798734,0.0,252.0,0.0,89.81595017098192,49.285007095366105,546,1,pathological,kidney_images\images\546.jpg
5273.0,325.46298265457153,92.0,85.0,1.0823529411764705,0.6090041191344014,30.368011474609375,48.11960328583962,0.0,253.0,0.0,75.84936061381075,36.86544023519057,103,1,pathological,kidney_images\images\103.jpg
0.0,0.0,0.0,0.0,0.0,0.0,14.138275146484375,25.601397091956457,0.0,251.0,0.0,0.0,0.0,1547,1,pathological,kidney_images\images\1547.jpg
38.0,16.485281229019165,7.0,5.0,1.4,0.6935989106655485,17.780014038085938,29.52732836642671,0.0,251.0,0.0,34.457142857142856,10.718056479319259,475,1,pathological,kidney_images\images\475.jpg
3769.0,292.10764503479004,82.0,65.0,1.2615384615384615,0.5353384439990604,35.310516357421875,54.5507320186582,0.0,251.0,0.0,90.70337711069418,29.89013039092491,1158,1,pathological,kidney_images\images\1158.jpg
3859.0,247.82337498664856,79.0,61.0,1.2950819672131149,0.7670801953656763,18.514389038085938,31.934528233444944,0.0,251.0,0.0,48.55882963270388,28.433647533446397,1384,0,healthy,kidney_images\images\1384.jpg
3348.0,266.4507911205292,76.0,66.0,1.1515151515151516,0.5710053784313698,20.858535766601562,34.04573696188549,0.0,251.0,0.0,53.54425837320574,25.322364110228936,1096,0,healthy,kidney_images\images\1096.jpg
2859.0,207.33809340000153,66.0,55.0,1.2,0.8091289656660176,25.3526611328125,41.257958456336375,0.0,251.0,0.0,45.65068870523416,26.562277117020436,857,1,pathological,kidney_images\images\857.jpg
6776.0,414.2325345277786,109.0,85.0,1.2823529411764707,0.48141333845275597,34.85255432128906,49.57969957544677,0.0,255.0,0.0,78.28904479222882,39.97484629789535,199,1,pathological,kidney_images\images\199.jpg
2335.0,255.62236380577087,54.0,62.0,0.8709677419354839,0.4252074973344393,17.6497802734375,28.561249287963932,0.0,251.0,0.0,58.145161290322584,30.441795980800958,801,1,pathological,kidney_images\images\801.jpg
3016.0,268.3502850532532,73.0,61.0,1.1967213114754098,0.5063237707724594,18.593170166015625,32.3374519982951,0.0,251.0,0.0,58.05501908825511,28.007656392508164,1535,0,healthy,kidney_images\images\1535.jpg
2949.0,212.16652047634125,64.0,58.0,1.103448275862069,0.7972864056046265,17.06671142578125,32.033359385966904,0.0,251.0,0.0,61.76050646551724,32.66497456153244,710,1,pathological,kidney_images\images\710.jpg
2737.0,230.6518017053604,58.0,63.0,0.9206349206349206,0.6226465228882979,17.776031494140625,30.41881840902687,0.0,251.0,0.0,42.70607553366174,20.60279555698128,971,0,healthy,kidney_images\images\971.jpg
3014.0,318.1492757797241,65.0,75.0,0.8666666666666667,0.35674606181812496,18.539276123046875,32.06709477407393,0.0,251.0,0.0,63.8734358974359,31.293007033844635,1490,1,pathological,kidney_images\images\1490.jpg
3432.0,295.4213535785675,78.0,68.0,1.1470588235294117,0.48106368344050565,43.391815185546875,63.8225822555208,0.0,251.0,0.0,124.96493212669684,47.805569241309,236,1,pathological,kidney_images\images\236.jpg
2066.0,265.5218576192856,46.0,71.0,0.647887323943662,0.35461185628191144,28.953155517578125,46.11148463573108,0.0,251.0,0.0,87.21984078383343,24.404770461635607,1729,1,pathological,kidney_images\images\1729.jpg
192.0,48.870057106018066,16.0,12.0,1.3333333333333333,0.2972847413141219,27.507919311523438,39.91964965396669,0.0,251.0,0.0,62.145833333333336,13.769667121571564,918,1,pathological,kidney_images\images\918.jpg
5301.0,401.16146767139435,91.0,84.0,1.0833333333333333,0.3972218946802219,43.235687255859375,67.73010137075839,0.0,253.0,0.0,93.78649921507065,40.917498720709474,432,1,pathological,kidney_images\images\432.jpg
4102.0,249.96550965309143,79.0,71.0,1.1126760563380282,0.8030618535805782,19.460311889648438,31.505244414006988,0.0,252.0,0.0,47.18006774826172,29.107659855923732,1337,1,pathological,kidney_images\images\1337.jpg
2514.0,237.96550917625427,65.0,56.0,1.1607142857142858,0.5350311217226532,17.047683715820312,30.617583202957142,0.0,251.0,0.0,25.038736263736265,21.247776471818813,1383,0,healthy,kidney_images\images\1383.jpg
1742.0,205.92387986183167,55.0,56.0,0.9821428571428571,0.49000514342579604,28.882232666015625,43.2422879035145,0.0,255.0,0.0,64.29123376623376,25.471321811823138,383,1,pathological,kidney_images\images\383.jpg
3764.0,277.6223638057709,70.0,75.0,0.9333333333333333,0.5938009801352998,17.364273071289062,32.67102235523062,0.0,251.0,0.0,27.228,31.073890690846333,1320,1,pathological,kidney_images\images\1320.jpg
3780.0,335.4629831314087,70.0,86.0,0.813953488372093,0.4059614580845471,20.259536743164062,33.580448070382545,0.0,251.0,0.0,67.21694352159469,26.982973195798536,1536,1,pathological,kidney_images\images\1536.jpg
4269.0,300.59292578697205,93.0,66.0,1.4090909090909092,0.5753576259379799,31.81658935546875,47.3564051716303,0.0,251.0,0.0,75.44753991528185,30.156622782774402,370,1,pathological,kidney_images\images\370.jpg
3252.0,253.6223635673523,80.0,62.0,1.2903225806451613,0.6241739444062878,34.352996826171875,53.166661308436744,0.0,251.0,0.0,74.36431451612903,36.271391585021696,771,1,pathological,kidney_images\images\771.jpg
5025.0,277.86500453948975,94.0,71.0,1.323943661971831,0.7980835088409259,24.87640380859375,43.15949121559802,0.0,251.0,0.0,71.60608330836081,43.31539522090494,342,1,pathological,kidney_images\images\342.jpg
4023.0,246.06601512432098,74.0,73.0,1.0136986301369864,0.8120091857586741,15.444046020507812,28.121228267264588,0.0,251.0,0.0,38.94131803035913,28.700551531992936,1281,0,healthy,kidney_images\images\1281.jpg
2586.0,289.42135298252106,76.0,63.0,1.2063492063492063,0.374599563969678,26.28607177734375,41.37001449675411,0.0,251.0,0.0,69.49415204678363,31.98227774008416,1864,0,healthy,kidney_images\images\1864.jpg
6792.0,337.07820773124695,109.0,87.0,1.2528735632183907,0.7333774292204386,26.232772827148438,43.2375223408239,0.0,251.0,0.0,61.956132025730255,38.96219306919498,1309,1,pathological,kidney_images\images\1309.jpg
6473.0,374.19090473651886,109.0,90.0,1.211111111111111,0.5663978419317462,39.52227783203125,63.8880383913842,0.0,255.0,0.0,72.83965341488278,50.312342236546506,152,1,pathological,kidney_images\images\152.jpg
4629.0,309.03657746315,90.0,72.0,1.25,0.5913865975067453,24.322647094726562,45.001197057643026,0.0,251.0,0.0,45.29074074074074,49.93954407495393,1626,1,pathological,kidney_images\images\1626.jpg
5938.0,319.6639939546585,103.0,79.0,1.3037974683544304,0.7141865052781804,38.69285583496094,64.13188940388149,0.0,251.0,0.0,90.79230674695833,57.2136338776635,511,1,pathological,kidney_images\images\511.jpg
5229.0,341.6639940738678,98.0,74.0,1.3243243243243243,0.5471278530678477,41.39759826660156,60.206383683123256,0.0,253.0,0.0,118.10797021511307,56.630809650502776,1938,1,pathological,kidney_images\images\1938.jpg
3887.0,269.0365775823593,84.0,66.0,1.2727272727272727,0.6544416822318487,36.65055847167969,55.436938836982655,0.0,251.0,0.0,94.50090187590187,40.65008798103977,1926,1,pathological,kidney_images\images\1926.jpg
4559.0,267.86500453948975,85.0,73.0,1.1643835616438356,0.778046123854979,21.52392578125,35.15619758771592,0.0,251.0,0.0,58.453182917002415,35.864135352956886,1261,1,pathological,kidney_images\images\1261.jpg
6520.0,338.3502858877182,107.0,78.0,1.3717948717948718,0.6989493769833207,27.565155029296875,43.752195778467986,0.0,251.0,0.0,72.87395159357776,32.56250491324816,1561,1,pathological,kidney_images\images\1561.jpg
1450.0,175.09545266628265,43.0,55.0,0.7818181818181819,0.5695327210988264,23.464706420898438,37.10313195140686,0.0,251.0,0.0,68.54672304439747,31.954235821499168,1972,0,healthy,kidney_images\images\1972.jpg
3096.0,238.6518018245697,70.0,63.0,1.1111111111111112,0.6608109874140592,18.196746826171875,29.52414171912275,0.0,251.0,0.0,63.18458049886621,23.041034830243817,1222,1,pathological,kidney_images\images\1222.jpg
2392.0,235.72286939620972,53.0,58.0,0.9137931034482759,0.5177821492241662,16.363082885742188,30.08505283516132,0.0,251.0,0.0,44.77000650618087,23.623761475385145,1658,0,healthy,kidney_images\images\1658.jpg
3017.0,393.60511887073517,64.0,83.0,0.7710843373493976,0.2254525058385449,30.93804931640625,46.51736068366444,0.0,251.0,0.0,98.7300451807229,41.06324299906631,524,1,pathological,kidney_images\images\524.jpg
2437.0,206.26702535152435,56.0,59.0,0.9491525423728814,0.6927646047393187,14.7640380859375,25.643140695877122,0.0,252.0,0.0,43.04872881355932,23.83429449397929,1888,1,pathological,kidney_images\images\1888.jpg
4039.0,269.3797233104706,76.0,78.0,0.9743589743589743,0.6789245564226198,25.6163330078125,42.244964674642134,0.0,251.0,0.0,74.67408906882591,39.7829306215564,639,1,pathological,kidney_images\images\639.jpg
4365.0,303.5218586921692,85.0,75.0,1.1333333333333333,0.577197263068234,43.155548095703125,65.71544668651269,0.0,251.0,0.0,104.05349019607843,43.54324919621444,1923,1,pathological,kidney_images\images\1923.jpg
3304.0,230.1665199995041,64.0,66.0,0.9696969696969697,0.7595334214340672,14.917266845703125,27.24892918177346,0.0,251.0,0.0,38.83167613636363,21.948433678524008,1594,1,pathological,kidney_images\images\1594.jpg
3481.0,249.722869515419,66.0,71.0,0.9295774647887324,0.6793856894603655,17.8775634765625,31.10000319142609,0.0,251.0,0.0,43.39116517285532,30.820359802721615,1417,0,healthy,kidney_images\images\1417.jpg
2295.0,250.20815062522888,64.0,58.0,1.103448275862069,0.4441096782219915,32.363006591796875,54.36011942706223,0.0,251.0,0.0,67.43049568965517,29.031604675127973,873,1,pathological,kidney_images\images\873.jpg
2821.0,258.7939372062683,70.0,60.0,1.1666666666666667,0.5050992502591036,40.30671691894531,61.44329647479569,0.0,253.0,0.0,109.73357142857142,52.73072851859759,235,1,pathological,kidney_images\images\235.jpg
2596.0,207.33809340000153,66.0,55.0,1.2,0.7322500213126352,26.973541259765625,40.30615073101711,0.0,255.0,0.0,54.90027548209366,21.115345690174472,181,0,healthy,kidney_images\images\181.jpg
2960.0,276.0071394443512,73.0,65.0,1.123076923076923,0.4687236773960403,17.372573852539062,37.54094766830954,0.0,251.0,0.0,48.095468914647,51.55100342553467,1551,1,pathological,kidney_images\images\1551.jpg
2650.0,207.92387974262238,67.0,53.0,1.2641509433962264,0.7419367345338349,21.395065307617188,36.453116285888676,0.0,251.0,0.0,71.38946775556181,34.7804003809633,1179,1,pathological,kidney_images\images\1179.jpg
4562.0,275.72286891937256,90.0,68.0,1.3235294117647058,0.7338348740816409,22.381011962890625,36.36453109661009,0.0,251.0,0.0,57.27794117647059,35.929215591439615,234,0,healthy,kidney_images\images\234.jpg
3856.0,273.0782073736191,70.0,86.0,0.813953488372093,0.6302420552330279,33.5653076171875,47.53398193427959,0.0,255.0,0.0,78.71445182724253,30.416177891435122,52,1,pathological,kidney_images\images\52.jpg
5670.0,308.10764479637146,92.0,88.0,1.0454545454545454,0.7325614662104242,23.158432006835938,37.391817831962946,0.0,251.0,0.0,63.99814723320158,43.55343614374116,1210,1,pathological,kidney_images\images\1210.jpg
2938.0,228.16652011871338,66.0,64.0,1.03125,0.6848025395045113,25.291580200195312,40.66327959027234,0.0,251.0,0.0,72.38683712121212,29.332189582061822,1217,1,pathological,kidney_images\images\1217.jpg
5921.0,389.2203438282013,84.0,97.0,0.865979381443299,0.4703291096781652,28.204010009765625,49.41739557468266,0.0,251.0,0.0,76.92071674030437,54.17044635770332,1698,0,healthy,kidney_images\images\1698.jpg
3335.0,258.5512965917587,79.0,59.0,1.3389830508474576,0.6102837851379146,24.423873901367188,44.2890404858906,0.0,254.0,0.0,80.71572623900451,33.230493234345346,559,1,pathological,kidney_images\images\559.jpg
2518.0,253.17871260643005,69.0,55.0,1.2545454545454546,0.45943116053087124,21.311477661132812,35.65106828038714,0.0,251.0,0.0,68.17654808959156,25.949407109272965,1746,0,healthy,kidney_images\images\1746.jpg
2999.0,278.3502856492996,67.0,68.0,0.9852941176470589,0.4668665461259515,25.30877685546875,39.05747889439292,0.0,251.0,0.0,68.14179104477611,26.797039016291002,232,1,pathological,kidney_images\images\232.jpg
3323.0,246.06601476669312,72.0,61.0,1.180327868852459,0.6675597581047259,22.057952880859375,34.255619650580556,0.0,251.0,0.0,58.39845173041894,24.244188407853592,1893,1,pathological,kidney_images\images\1893.jpg
2301.0,201.68123936653137,58.0,56.0,1.0357142857142858,0.671951801052735,17.263092041015625,30.21498484105431,0.0,251.0,0.0,44.28355911330049,19.881916199557075,1613,1,pathological,kidney_images\images\1613.jpg
6278.0,367.6051194667816,102.0,90.0,1.1333333333333333,0.5687871052884657,27.235580444335938,40.52775053890723,0.0,255.0,0.0,66.40479302832244,40.64233144846866,220,1,pathological,kidney_images\images\220.jpg
6044.0,334.24978053569794,99.0,82.0,1.2073170731707317,0.663282791986779,18.198959350585938,32.17491096751683,0.0,251.0,0.0,48.146957378664695,20.149868639512516,1145,1,pathological,kidney_images\images\1145.jpg
6068.0,317.66399443149567,102.0,79.0,1.2911392405063291,0.7387740391576502,30.275009155273438,47.1166363907069,0.0,251.0,0.0,83.22884090344999,37.093202691984246,1960,1,pathological,kidney_images\images\1960.jpg
4958.0,357.8477591276169,97.0,83.0,1.1686746987951808,0.47142896106901766,41.30003356933594,62.65700950286906,0.0,251.0,0.0,91.56688610110545,45.59557265146256,431,1,pathological,kidney_images\images\431.jpg
3157.0,250.79393684864044,75.0,62.0,1.2096774193548387,0.6083634236452596,23.484207153320312,36.30052035342942,0.0,251.0,0.0,59.527096774193545,27.364568119111134,1844,1,pathological,kidney_images\images\1844.jpg
2729.0,212.99494755268097,62.0,59.0,1.0508474576271187,0.7171389501851869,16.523895263671875,31.430970278364313,0.0,251.0,0.0,61.84171678512848,32.14284918872309,1514,1,pathological,kidney_images\images\1514.jpg
3497.0,234.65180206298828,73.0,61.0,1.1967213114754098,0.7745936178341609,17.068084716796875,31.94348881622965,0.0,251.0,0.0,48.012351223894,30.07013405692377,345,1,pathological,kidney_images\images\345.jpg
2990.0,231.48022842407227,67.0,61.0,1.098360655737705,0.6775316716003075,24.6124267578125,38.04271418302889,0.0,251.0,0.0,72.313677514069,33.607224315059135,1942,0,healthy,kidney_images\images\1942.jpg
2269.0,248.30865585803986,64.0,51.0,1.2549019607843137,0.4449179030959281,27.474014282226562,44.88405808798483,0.0,251.0,0.0,62.18688725490196,26.754626677345943,230,1,pathological,kidney_images\images\230.jpg
5018.0,365.0782073736191,99.0,68.0,1.4558823529411764,0.4550146322936646,41.23344421386719,60.35767054661454,0.0,253.0,0.0,115.35814022578728,53.10153717859953,1937,1,pathological,kidney_images\images\1937.jpg
2656.0,296.8355668783188,66.0,69.0,0.9565217391304348,0.3603274039146589,21.015792846679688,33.42822334409113,0.0,251.0,0.0,64.08058849363198,25.75525590740916,1722,1,pathological,kidney_images\images\1722.jpg
4844.0,325.9066352844238,76.0,91.0,0.8351648351648352,0.5581891563933331,37.46504211425781,55.16551244480365,0.0,252.0,0.0,78.42163100057837,47.556815924649776,1038,1,pathological,kidney_images\images\1038.jpg
348.0,82.76955211162567,19.0,26.0,0.7307692307692307,0.5117676822643653,17.173110961914062,30.534438169200566,0.0,252.0,0.0,39.98178137651822,34.17349269981678,1607,1,pathological,kidney_images\images\1607.jpg
5231.0,358.33304023742676,84.0,100.0,0.84,0.49833862594525913,25.0673828125,40.757015899776405,0.0,255.0,0.0,57.7125,33.68271544784471,31,0,healthy,kidney_images\images\31.jpg
1790.0,181.9238796234131,55.0,48.0,1.1458333333333333,0.6430069202922906,22.393234252929688,44.08267783781512,0.0,251.0,0.0,71.64090909090909,47.79988898577424,1805,0,healthy,kidney_images\images\1805.jpg
5990.0,319.17871284484863,90.0,82.0,1.0975609756097562,0.7215405968349694,31.440277099609375,51.78809200442098,0.0,253.0,0.0,56.866937669376696,36.40521220907777,284,1,pathological,kidney_images\images\284.jpg
5744.0,356.29140985012054,112.0,70.0,1.6,0.5507408024745424,37.233978271484375,57.33768996009073,0.0,252.0,0.0,77.90905612244897,36.222083122616624,1819,1,pathological,kidney_images\images\1819.jpg
2076.0,280.3502860069275,65.0,64.0,1.015625,0.3062598132459454,26.346908569335938,41.03144524392082,0.0,255.0,0.0,55.37980769230769,22.351754705717315,2,1,pathological,kidney_images\images\2.jpg
1533.0,148.2253955602646,35.0,53.0,0.660377358490566,0.7921627222507637,36.9451904296875,62.463342658608845,0.0,252.0,0.0,78.02318059299192,52.85907625417299,1093,1,pathological,kidney_images\images\1093.jpg
1687.0,243.27921843528748,57.0,48.0,1.1875,0.33441087971396305,32.52693176269531,53.95658181098095,0.0,251.0,0.0,78.984283625731,36.39738802901606,769,1,pathological,kidney_images\images\769.jpg
4713.0,293.3797231912613,91.0,68.0,1.338235294117647,0.6690401000253505,19.7762451171875,33.372980717274004,0.0,251.0,0.0,62.01923076923077,38.62168102972901,1743,0,healthy,kidney_images\images\1743.jpg
209.0,68.5269113779068,23.0,17.0,1.3529411764705883,0.40273933459197575,31.830245971679688,47.93351249357005,0.0,251.0,0.0,87.27109974424552,20.953197353941533,1933,0,healthy,kidney_images\images\1933.jpg
2934.0,228.16652023792267,68.0,57.0,1.1929824561403508,0.6838370082442946,20.20709228515625,34.547960937990666,0.0,251.0,0.0,54.97445820433437,33.42108086017399,1252,0,healthy,kidney_images\images\1252.jpg
0.0,0.0,0.0,0.0,0.0,0.0,14.411422729492188,26.895053442457,0.0,251.0,0.0,0.0,0.0,1327,1,pathological,kidney_images\images\1327.jpg
5703.0,378.433545589447,99.0,87.0,1.1379310344827587,0.485721654510193,20.088638305664062,33.86353248102658,0.0,255.0,0.0,58.7906652734239,36.57134560474168,226,1,pathological,kidney_images\images\226.jpg
5098.0,320.3919155597687,93.0,81.0,1.1481481481481481,0.6037676419461099,22.099197387695312,37.10802425950086,0.0,251.0,0.0,56.11973981149608,40.26405936970165,1220,1,pathological,kidney_images\images\1220.jpg
4386.0,260.9949473142624,84.0,64.0,1.3125,0.7875385456327345,21.940719604492188,34.87285444886691,0.0,251.0,0.0,52.743675595238095,25.63647675981757,1738,0,healthy,kidney_images\images\1738.jpg
1997.0,213.09545266628265,47.0,57.0,0.8245614035087719,0.5262084639384271,16.351104736328125,30.039734804330724,0.0,251.0,0.0,28.175811870100784,27.603280505505406,1602,0,healthy,kidney_images\images\1602.jpg
2954.0,271.66399359703064,67.0,65.0,1.0307692307692307,0.4834900885291043,27.031097412109375,48.0554445837552,0.0,251.0,0.0,77.56877152698048,29.81186378367915,557,1,pathological,kidney_images\images\557.jpg
1149.0,120.0832599401474,38.0,30.0,1.2666666666666666,0.669277377333368,13.761322021484375,25.269371714315408,0.0,251.0,0.0,34.97280701754386,18.722867081987612,1446,1,pathological,kidney_images\images\1446.jpg
4995.0,379.5046137571335,84.0,97.0,0.865979381443299,0.4208167381358512,37.77043151855469,55.986379212457706,0.0,255.0,0.0,91.1840942562592,42.1468664647818,45,1,pathological,kidney_images\images\45.jpg
3513.0,253.52185821533203,73.0,64.0,1.140625,0.6660202570934791,20.209060668945312,35.27605468985196,0.0,251.0,0.0,72.15817636986301,31.59766235332799,560,0,healthy,kidney_images\images\560.jpg
1022.0,147.88224959373474,36.0,40.0,0.9,0.5470344980976146,12.443756103515625,23.97934046209685,0.0,252.0,0.0,23.375694444444445,17.814198248587253,1825,1,pathological,kidney_images\images\1825.jpg
2002.0,229.722869515419,61.0,55.0,1.1090909090909091,0.4539815555576861,25.68511962890625,39.81437108670227,0.0,251.0,0.0,80.50461997019374,32.582389794282214,240,1,pathological,kidney_images\images\240.jpg
2266.0,190.85281217098236,54.0,56.0,0.9642857142857143,0.7527789790666966,20.508834838867188,35.70642440748033,0.0,251.0,0.0,45.32308201058201,20.853810165955732,926,1,pathological,kidney_images\images\926.jpg
3575.0,285.3208478689194,79.0,73.0,1.082191780821918,0.5087028469579302,31.658203125,49.12140543359117,0.0,251.0,0.0,66.31732269810993,29.64213260833381,486,1,pathological,kidney_images\images\486.jpg
4086.0,255.2792180776596,80.0,70.0,1.1428571428571428,0.7666997433319624,30.148330688476562,47.10288925175717,0.0,251.0,0.0,72.77446428571429,29.131230628438885,566,1,pathological,kidney_images\images\566.jpg
0.0,0.0,0.0,0.0,0.0,0.0,13.243698120117188,25.076313242979726,0.0,252.0,0.0,0.0,0.0,1778,0,healthy,kidney_images\images\1778.jpg
4580.0,325.9066346883774,102.0,59.0,1.728813559322034,0.5242340315866393,34.38914489746094,51.907717562446585,0.0,251.0,0.0,97.7951146560319,35.62405334226045,1235,1,pathological,kidney_images\images\1235.jpg
3494.0,294.2914105653763,69.0,80.0,0.8625,0.4890452243748644,22.4302978515625,36.27049267552009,0.0,251.0,0.0,53.39981884057971,26.343201003249703,325,1,pathological,kidney_images\images\325.jpg
4504.0,295.3208485841751,86.0,81.0,1.0617283950617284,0.630736267042596,20.22113037109375,32.42844139516911,0.0,251.0,0.0,56.518662072925636,23.805675253289415,1524,0,healthy,kidney_images\images\1524.jpg
7043.0,332.8771975040436,104.0,91.0,1.1428571428571428,0.7825117397158582,26.955245971679688,42.08395310004924,0.0,251.0,0.0,63.48869399830938,36.081384582986594,553,1,pathological,kidney_images\images\553.jpg
5099.0,287.86500442028046,90.0,75.0,1.2,0.7540617532317474,29.182662963867188,46.79659398745375,0.0,251.0,0.0,69.43733333333333,47.18652819671372,418,1,pathological,kidney_images\images\418.jpg
5380.0,297.9066346883774,96.0,78.0,1.2307692307692308,0.7436596714808567,28.874832153320312,46.37912326764691,0.0,251.0,0.0,79.0400641025641,37.57568214227693,316,1,pathological,kidney_images\images\316.jpg
5298.0,375.0193326473236,106.0,73.0,1.452054794520548,0.4592674534711146,30.142486572265625,44.75044863349405,0.0,251.0,0.0,88.18118376841561,39.17759825802345,1927,0,healthy,kidney_images\images\1927.jpg
5131.0,299.42135298252106,88.0,79.0,1.1139240506329113,0.7009728248296698,25.824325561523438,41.91594649703908,0.0,251.0,0.0,71.510500575374,48.5168923423301,638,1,pathological,kidney_images\images\638.jpg
2415.0,247.72286903858185,64.0,68.0,0.9411764705882353,0.47313342950860704,27.680526733398438,44.660598906293686,0.0,251.0,0.0,72.43129595588235,35.35066410335794,675,1,pathological,kidney_images\images\675.jpg
3041.0,262.69343161582947,59.0,79.0,0.7468354430379747,0.5330995796871645,24.583511352539062,43.39194141272011,0.0,251.0,0.0,64.60587856683115,42.013246138441964,237,0,healthy,kidney_images\images\237.jpg
5690.0,313.42135298252106,93.0,79.0,1.1772151898734178,0.7103630698732109,22.21136474609375,36.46673325805893,0.0,251.0,0.0,51.158568123043416,31.11355202137888,1307,1,pathological,kidney_images\images\1307.jpg
2526.0,199.92387986183167,59.0,57.0,1.0350877192982457,0.7389937692561579,25.506149291992188,45.34842587159902,0.0,254.0,0.0,59.492714837942316,38.73714407525682,1681,1,pathological,kidney_images\images\1681.jpg
4829.0,328.3502858877182,84.0,84.0,1.0,0.5427435535370442,24.279129028320312,38.04738731942289,0.0,251.0,0.0,54.6203231292517,28.694758240181795,1287,1,pathological,kidney_images\images\1287.jpg
3899.0,273.42135441303253,80.0,69.0,1.1594202898550725,0.6363933210653846,16.541976928710938,29.338089895205766,0.0,251.0,0.0,40.43007246376811,23.022559068915548,1636,1,pathological,kidney_images\images\1636.jpg
3029.0,286.35028624534607,64.0,64.0,1.0,0.41723670715616146,21.9425048828125,36.37103634943349,0.0,251.0,0.0,80.015380859375,37.506477406090006,301,1,pathological,kidney_images\images\301.jpg
4367.0,309.7644991874695,81.0,76.0,1.0657894736842106,0.5499110562083677,32.53587341308594,48.1213129646114,0.0,251.0,0.0,87.68615984405459,31.716831254057542,689,1,pathological,kidney_images\images\689.jpg
3732.0,242.30865561962128,81.0,61.0,1.3278688524590163,0.775854027342404,37.85276794433594,58.49711149963634,0.0,251.0,0.0,103.9979761181947,40.734284363903846,210,0,healthy,kidney_images\images\210.jpg
6129.0,366.048770070076,100.0,95.0,1.0526315789473684,0.5557680894440113,37.76739501953125,59.474864897627384,0.0,251.0,0.0,75.54084210526315,43.75697376390499,604,1,pathological,kidney_images\images\604.jpg
498.0,96.08326017856598,27.0,28.0,0.9642857142857143,0.5608046666352274,13.332305908203125,24.471845071455935,0.0,251.0,0.0,22.534391534391535,16.75871824836799,1542,0,healthy,kidney_images\images\1542.jpg
4129.0,277.96550989151,78.0,68.0,1.1470588235294117,0.6515368524239817,29.55352783203125,51.118631685293245,0.0,252.0,0.0,72.55448717948718,43.95556479784783,1122,1,pathological,kidney_images\images\1122.jpg
4732.0,275.480228304863,74.0,80.0,0.925,0.763029740934384,30.1435546875,49.01780991066834,0.0,251.0,0.0,73.62314189189189,44.638056855762045,492,1,pathological,kidney_images\images\492.jpg
2723.0,264.9360718727112,62.0,61.0,1.0163934426229508,0.4645848467978941,24.131744384765625,41.17830397041594,0.0,252.0,0.0,57.801427815970385,27.794116685730046,1913,0,healthy,kidney_images\images\1913.jpg
2916.0,215.8233743906021,65.0,58.0,1.1206896551724137,0.7613246939342845,18.284866333007812,30.42935825761316,0.0,252.0,0.0,43.76949602122016,19.699430386966498,829,1,pathological,kidney_images\images\829.jpg
2564.0,217.58073365688324,60.0,56.0,1.0714285714285714,0.6425013985939687,21.343154907226562,35.65442388177773,0.0,251.0,0.0,43.56875,21.757361362019523,1955,0,healthy,kidney_images\images\1955.jpg
2201.0,209.58073449134827,49.0,58.0,0.8448275862068966,0.6035130669562186,17.199935913085938,29.781183198062447,0.0,251.0,0.0,60.41449683321604,27.496642509713656,1744,1,pathological,kidney_images\images\1744.jpg
2326.0,248.20815002918243,57.0,60.0,0.95,0.44211667466039484,34.388824462890625,53.828123295627215,0.0,251.0,0.0,115.67543859649123,58.82670987228741,434,1,pathological,kidney_images\images\434.jpg
4128.0,265.4802281856537,79.0,71.0,1.1126760563380282,0.7146167843860272,34.0970458984375,54.846094644182244,0.0,251.0,0.0,127.11766803351756,44.05525457147062,243,0,healthy,kidney_images\images\243.jpg
4174.0,335.5634890794754,62.0,111.0,0.5585585585585585,0.4495209357107334,22.600372314453125,40.84861790590129,0.0,251.0,0.0,61.97805870386516,28.2498394212601,264,1,pathological,kidney_images\images\264.jpg
3405.0,279.62236404418945,70.0,74.0,0.9459459459459459,0.5277997817171767,30.417007446289062,48.456300944765694,0.0,251.0,0.0,79.56621621621622,40.45517632007535,677,1,pathological,kidney_images\images\677.jpg
1915.0,172.95331728458405,52.0,50.0,1.04,0.7723527649686579,28.901412963867188,45.88234824871143,0.0,251.0,0.0,78.44384615384615,34.65996250130279,883,1,pathological,kidney_images\images\883.jpg
2781.0,222.0660150051117,63.0,56.0,1.125,0.684083434674675,23.985137939453125,37.493152761173235,0.0,251.0,0.0,74.24036281179139,22.798213795148953,832,1,pathological,kidney_images\images\832.jpg
4964.0,284.3502861261368,88.0,75.0,1.1733333333333333,0.7523029231035624,19.572219848632812,34.402801741891615,0.0,251.0,0.0,56.789242424242424,34.68756181804401,1153,1,pathological,kidney_images\images\1153.jpg
0.0,0.0,0.0,0.0,0.0,0.0,13.41302490234375,25.187625475229588,0.0,252.0,0.0,0.0,0.0,1439,1,pathological,kidney_images\images\1439.jpg
852.0,150.56854152679443,44.0,33.0,1.3333333333333333,0.4345676959035347,18.500762939453125,30.51342577046954,0.0,251.0,0.0,44.1232782369146,19.126318770059598,1429,0,healthy,kidney_images\images\1429.jpg
3864.0,249.3797229528427,78.0,67.0,1.164179104477612,0.758848978909833,33.069580078125,53.9423464849842,0.0,251.0,0.0,67.37753539992346,28.97049095352048,1121,1,pathological,kidney_images\images\1121.jpg
3166.0,218.75230658054352,68.0,61.0,1.1147540983606556,0.8060690007539905,17.225555419921875,28.6203822352805,0.0,251.0,0.0,44.489874638379945,23.3142062237903,1404,1,pathological,kidney_images\images\1404.jpg
5485.0,361.7056237459183,82.0,103.0,0.7961165048543689,0.5070502529434331,26.970809936523438,45.27051347455388,0.0,251.0,0.0,79.15344541794933,43.617263556677486,680,0,healthy,kidney_images\images\680.jpg
4132.0,256.89444231987,80.0,69.0,1.1594202898550725,0.7651814254078779,25.352325439453125,38.765773551679644,0.0,251.0,0.0,61.25760869565217,31.505255141452835,515,1,pathological,kidney_images\images\515.jpg
6236.0,373.7056243419647,93.0,97.0,0.9587628865979382,0.546364355760886,31.259124755859375,48.434214156347494,0.0,251.0,0.0,84.9191885600266,45.6635130341565,364,1,pathological,kidney_images\images\364.jpg
1512.0,196.40916073322296,42.0,55.0,0.7636363636363637,0.4884643293243331,21.791656494140625,34.79421692902815,0.0,251.0,0.0,56.0008658008658,21.10889103282478,1072,1,pathological,kidney_images\images\1072.jpg
4334.0,292.9777023792267,89.0,72.0,1.2361111111111112,0.6162703028874972,35.25032043457031,52.54594496238132,0.0,251.0,0.0,91.78464419475655,44.86152019172003,730,1,pathological,kidney_images\images\730.jpg
4798.0,295.03657722473145,82.0,76.0,1.0789473684210527,0.6762719667759591,22.315948486328125,36.416141270198004,0.0,251.0,0.0,51.66976893453145,35.35018375809308,1865,0,healthy,kidney_images\images\1865.jpg
3777.0,261.86500453948975,78.0,68.0,1.1470588235294117,0.6713533076037288,22.319259643554688,34.811073069719484,0.0,251.0,0.0,62.10369532428356,23.808867536555283,930,1,pathological,kidney_images\images\930.jpg
3292.0,277.03657829761505,64.0,66.0,0.9696969696969697,0.5214070369103685,20.036026000976562,36.08103764029654,0.0,251.0,0.0,41.050899621212125,30.598210517611577,1697,1,pathological,kidney_images\images\1697.jpg
6000.0,314.00714004039764,105.0,79.0,1.3291139240506329,0.747160102473816,30.986907958984375,45.10744564181096,0.0,255.0,0.0,64.67377938517178,35.472430689217774,377,1,pathological,kidney_images\images\377.jpg
2688.0,339.56348848342896,70.0,56.0,1.25,0.2790023466477832,17.03924560546875,29.326019633695413,0.0,251.0,0.0,55.55357142857143,30.389120762442037,1487,0,healthy,kidney_images\images\1487.jpg
0.0,0.0,0.0,0.0,0.0,0.0,12.813232421875,24.950113179240642,0.0,251.0,0.0,0.0,0.0,1499,1,pathological,kidney_images\images\1499.jpg
2776.0,242.69343209266663,68.0,67.0,1.0149253731343284,0.5614320376287214,19.85052490234375,35.532171096485875,0.0,251.0,0.0,65.63454784899034,29.92183452491482,1385,0,healthy,kidney_images\images\1385.jpg
3497.0,241.9655100107193,73.0,66.0,1.106060606060606,0.7280459265284842,25.37152099609375,41.23486424173392,0.0,251.0,0.0,76.92777085927771,34.64098279092641,267,1,pathological,kidney_images\images\267.jpg
12288.0,698.9259663820267,148.0,137.0,1.0802919708029197,0.2975556824082502,42.90338134765625,41.81817656127821,0.0,236.0,39.0,67.61668968238311,32.10764878169362,18,1,pathological,kidney_images\images\18.jpg
3143.0,285.7644989490509,75.0,63.0,1.1904761904761905,0.44657121186631354,30.837081909179688,49.399542321242436,0.0,252.0,0.0,80.93375661375661,41.81176327687838,919,1,pathological,kidney_images\images\919.jpg
3718.0,253.62236380577087,74.0,74.0,1.0,0.7048574607774175,20.695098876953125,34.1469435715097,0.0,251.0,0.0,58.09751643535427,30.54960976984418,1262,1,pathological,kidney_images\images\1262.jpg
2440.0,235.48022866249084,57.0,58.0,0.9827586206896551,0.5345999418559397,37.145416259765625,56.82628598559018,0.0,251.0,0.0,119.28493647912886,44.1289686843413,999,1,pathological,kidney_images\images\999.jpg
3051.0,217.37972366809845,66.0,66.0,1.0,0.786761995071462,21.490982055664062,38.52542873104795,0.0,251.0,0.0,67.03650137741047,33.28414827264333,348,1,pathological,kidney_images\images\348.jpg
4461.0,263.279217839241,87.0,72.0,1.2083333333333333,0.7880728141587803,21.739898681640625,35.52334951110018,0.0,251.0,0.0,58.41570881226053,36.83021149339612,1263,1,pathological,kidney_images\images\1263.jpg
1308.0,163.68123877048492,38.0,56.0,0.6785714285714286,0.5806744300057411,19.955718994140625,40.37281089427661,0.0,251.0,0.0,53.2593984962406,30.193103548556124,1808,1,pathological,kidney_images\images\1808.jpg
5107.0,293.4213535785675,86.0,64.0,1.34375,0.5515734122858794,26.527053833007812,44.69588160879462,0.0,251.0,0.0,72.85192587209302,57.87032277986419,903,1,pathological,kidney_images\images\903.jpg
3198.0,219.68123877048492,65.0,64.0,1.015625,0.8072083024366127,25.770156860351562,41.82993232621033,0.0,251.0,0.0,62.34567307692308,22.798568834317678,654,1,pathological,kidney_images\images\654.jpg
4898.0,352.39191603660583,89.0,75.0,1.1866666666666668,0.47966312400464683,39.02210998535156,58.68705526231841,0.0,252.0,0.0,104.06187265917603,45.740206698840986,426,1,pathological,kidney_images\images\426.jpg
3727.0,246.65180158615112,78.0,63.0,1.2380952380952381,0.7473255709674403,19.634674072265625,31.67668888172332,0.0,251.0,0.0,49.90984940984941,23.998690200016206,1437,0,healthy,kidney_images\images\1437.jpg
6001.0,363.70562386512756,93.0,96.0,0.96875,0.554877401085027,24.69610595703125,36.720415862776626,0.0,251.0,0.0,56.71326164874552,32.73631336936952,1010,1,pathological,kidney_images\images\1010.jpg
4185.0,300.1076444387436,79.0,73.0,1.082191780821918,0.5654996645663117,19.329452514648438,33.44485119952495,0.0,251.0,0.0,56.15051153112537,35.63037165228959,1510,0,healthy,kidney_images\images\1510.jpg
4852.0,275.8650047779083,88.0,76.0,1.1578947368421053,0.7812957942886092,23.776092529296875,44.34706502391764,0.0,251.0,0.0,53.96052631578947,44.11415361858093,1119,0,healthy,kidney_images\images\1119.jpg
6633.0,375.9482649564743,119.0,78.0,1.5256410256410255,0.5760075254200225,40.6234130859375,61.20857448909886,0.0,255.0,0.0,89.59394527041586,46.07023504115041,1018,1,pathological,kidney_images\images\1018.jpg
4103.0,349.362478017807,87.0,77.0,1.12987012987013,0.40719630938828266,18.150222778320312,29.535297563008037,0.0,251.0,0.0,51.36214360352292,22.284952619277593,1486,1,pathological,kidney_images\images\1486.jpg
3626.0,296.1492750644684,76.0,73.0,1.0410958904109588,0.5061400303388961,39.82989501953125,58.337939199023644,0.0,251.0,0.0,115.29632299927901,33.89675055351844,1052,1,pathological,kidney_images\images\1052.jpg
6049.0,342.9777022600174,101.0,82.0,1.2317073170731707,0.6328922750582723,31.2723388671875,46.47663494119851,0.0,251.0,0.0,68.70236657812123,42.26126654845463,1108,1,pathological,kidney_images\images\1108.jpg
3844.0,288.10764515399933,92.0,59.0,1.5593220338983051,0.5631748322688531,29.535964965820312,43.781569809210055,0.0,251.0,0.0,82.24355195283714,31.719141068989384,1788,1,pathological,kidney_images\images\1788.jpg
5014.0,361.60511898994446,98.0,88.0,1.1136363636363635,0.46855425390213146,25.069564819335938,38.417229366214585,0.0,251.0,0.0,61.55994897959184,25.965880027458443,592,1,pathological,kidney_images\images\592.jpg
4758.0,308.4924204349518,95.0,84.0,1.130952380952381,0.6106405657908122,20.29302978515625,33.897798453444196,0.0,251.0,0.0,46.41478696741854,34.75862175573315,1308,0,healthy,kidney_images\images\1308.jpg
0.0,0.0,0.0,0.0,0.0,0.0,13.604324340820312,23.784909817685413,0.0,251.0,0.0,0.0,0.0,1881,0,healthy,kidney_images\images\1881.jpg
4682.0,281.52185928821564,73.0,84.0,0.8690476190476191,0.7229409739847129,27.773345947265625,43.70374355748516,0.0,251.0,0.0,57.31425309849968,30.873665290347418,493,1,pathological,kidney_images\images\493.jpg
5113.0,327.32084798812866,88.0,90.0,0.9777777777777777,0.5832265964347881,17.185714721679688,31.074479410961477,0.0,254.0,0.0,49.51022727272727,21.884341213579802,1146,1,pathological,kidney_images\images\1146.jpg
2848.0,245.13708293437958,58.0,69.0,0.8405797101449275,0.575075055802157,29.116302490234375,46.294172242765875,0.0,251.0,0.0,53.43728135932034,27.49128596488887,646,1,pathological,kidney_images\images\646.jpg
2574.0,262.7939363718033,72.0,63.0,1.1428571428571428,0.44707907123696056,21.849227905273438,36.50313925026291,0.0,251.0,0.0,67.30070546737214,26.760696643844454,1767,1,pathological,kidney_images\images\1767.jpg
4457.0,314.8355666399002,79.0,89.0,0.8876404494382022,0.5476155425371344,29.009979248046875,43.97371121868492,0.0,251.0,0.0,66.09671454985066,35.19888477925988,706,1,pathological,kidney_images\images\706.jpg
1994.0,251.37972331047058,61.0,52.0,1.1730769230769231,0.37236701438529496,22.120635986328125,34.20583559005511,0.0,251.0,0.0,71.66298865069356,28.079146016303902,621,1,pathological,kidney_images\images\621.jpg
1495.0,229.72286927700043,51.0,46.0,1.108695652173913,0.3242045052057566,33.921173095703125,52.85027437168996,0.0,254.0,0.0,86.0230179028133,29.205877360433615,183,1,pathological,kidney_images\images\183.jpg
234.0,55.21320307254791,15.0,18.0,0.8333333333333334,0.7110711825271101,21.466873168945312,34.84793234464634,0.0,251.0,0.0,30.38888888888889,11.18500429090907,1328,1,pathological,kidney_images\images\1328.jpg
5218.0,289.722869515419,99.0,69.0,1.434782608695652,0.7617879294473229,27.748764038085938,43.42481625460635,0.0,252.0,0.0,74.02254428341385,36.89230396258074,1331,1,pathological,kidney_images\images\1331.jpg
5954.0,313.9066346883774,101.0,85.0,1.188235294117647,0.7419635849922621,38.09413146972656,56.949967802869324,0.0,251.0,0.0,90.07757716948166,42.89080327601284,208,1,pathological,kidney_images\images\208.jpg
6775.0,429.1614683866501,108.0,86.0,1.255813953488372,0.4496967309756932,30.764144897460938,48.66759884588839,0.0,251.0,0.0,76.06621447028424,48.06404789501105,1109,1,pathological,kidney_images\images\1109.jpg
6190.0,371.1198375225067,101.0,95.0,1.063157894736842,0.5457473459433154,38.419921875,57.76555813699598,0.0,251.0,0.0,75.71651902032309,43.859262498394834,602,1,pathological,kidney_images\images\602.jpg
2090.0,222.40916109085083,59.0,55.0,1.0727272727272728,0.5112583441386881,15.310760498046875,27.03372828113222,0.0,251.0,0.0,41.4175654853621,20.78908092241122,1428,1,pathological,kidney_images\images\1428.jpg
2679.0,255.96550965309143,68.0,57.0,1.1929824561403508,0.49234874261754497,19.369430541992188,31.231313924311625,0.0,251.0,0.0,57.958720330237355,17.76687554637277,1572,1,pathological,kidney_images\images\1572.jpg
1604.0,268.69343161582947,70.0,37.0,1.8918918918918919,0.24655416475798567,22.608062744140625,35.65361307668333,0.0,251.0,0.0,72.33243243243243,22.524587815217277,1500,1,pathological,kidney_images\images\1500.jpg
1692.0,338.29141092300415,61.0,60.0,1.0166666666666666,0.17091376700313365,24.182968139648438,36.04136930454221,0.0,251.0,0.0,65.40437158469945,28.33640386795642,596,1,pathological,kidney_images\images\596.jpg
1231.0,169.19595801830292,38.0,46.0,0.8260869565217391,0.5113942278004362,16.938735961914062,25.78015889762849,0.0,255.0,0.0,28.816361556064074,19.461809872473264,43,1,pathological,kidney_images\images\43.jpg
3373.0,252.55129611492157,70.0,68.0,1.0294117647058822,0.6427782619598019,31.666183471679688,46.26754544991544,0.0,251.0,0.0,100.55903361344538,42.901150333137146,914,0,healthy,kidney_images\images\914.jpg
1791.0,202.75230658054352,49.0,48.0,1.0208333333333333,0.5207393476976757,21.5809326171875,34.496966404633504,0.0,251.0,0.0,55.16028911564626,21.699091753103616,1967,0,healthy,kidney_images\images\1967.jpg
7841.0,402.8771970272064,111.0,90.0,1.2333333333333334,0.5932849283969085,34.207427978515625,54.01476315257386,0.0,253.0,0.0,79.18468468468468,45.07813065710706,405,1,pathological,kidney_images\images\405.jpg
3853.0,275.62236428260803,81.0,73.0,1.1095890410958904,0.6173374043247808,31.045074462890625,48.56409911833646,0.0,251.0,0.0,76.11618467782851,36.624931695532304,726,0,healthy,kidney_images\images\726.jpg
3902.0,329.8061293363571,81.0,85.0,0.9529411764705882,0.4342171508908412,27.374496459960938,48.678000425489316,0.0,251.0,0.0,78.03108206245462,61.68515809248202,1218,1,pathological,kidney_images\images\1218.jpg
3273.0,266.10764515399933,61.0,74.0,0.8243243243243243,0.5604118191865812,18.3670654296875,32.60571792025638,0.0,255.0,0.0,57.148648648648646,29.388499949420417,187,1,pathological,kidney_images\images\187.jpg
4040.0,248.20815086364746,76.0,71.0,1.0704225352112675,0.8002974677584583,24.381942749023438,40.14413434974741,0.0,251.0,0.0,70.25593031875464,38.12107520959041,1369,0,healthy,kidney_images\images\1369.jpg
883.0,106.56854093074799,31.0,31.0,1.0,0.5886585507062541,25.03302001953125,38.41587666374836,0.0,251.0,0.0,58.33298647242456,24.92535044959643,1724,1,pathological,kidney_images\images\1724.jpg
4939.0,279.48022878170013,84.0,72.0,1.1666666666666667,0.7785084054377535,22.45977783203125,36.31417574392137,0.0,251.0,0.0,52.87202380952381,35.96300583601624,1448,0,healthy,kidney_images\images\1448.jpg
654.0,117.15432739257812,36.0,29.0,1.2413793103448276,0.5333215390535037,35.31671142578125,57.39082259040419,0.0,251.0,0.0,84.24712643678161,48.26805184495626,586,0,healthy,kidney_images\images\586.jpg
4803.0,283.7644991874695,82.0,85.0,0.9647058823529412,0.7300522750230496,30.02978515625,50.47441039806178,0.0,251.0,0.0,83.47618364418938,45.81971493142107,618,1,pathological,kidney_images\images\618.jpg
4474.0,273.9655100107193,89.0,68.0,1.3088235294117647,0.7287972862267706,26.562576293945312,43.19623436491888,0.0,251.0,0.0,62.89441506939855,29.680741003581815,644,0,healthy,kidney_images\images\644.jpg
6655.0,334.8355668783188,94.0,91.0,1.032967032967033,0.7288313718455894,23.660202026367188,41.877742308855666,0.0,252.0,0.0,47.82838438157587,36.967442133768316,978,0,healthy,kidney_images\images\978.jpg
5502.0,409.7472542524338,100.0,82.0,1.2195121951219512,0.3985259368324449,42.15129089355469,67.89711438602761,0.0,253.0,0.0,85.31914634146341,48.109668662166676,615,1,pathological,kidney_images\images\615.jpg
4987.0,331.4629843235016,88.0,90.0,0.9777777777777777,0.5535288812438215,27.372817993164062,43.55465035346878,0.0,251.0,0.0,73.93017676767677,41.52448223296984,1843,1,pathological,kidney_images\images\1843.jpg
2931.0,293.5218585729599,86.0,58.0,1.4827586206896552,0.40716139983245586,24.009353637695312,38.99841251883151,0.0,251.0,0.0,86.0653568564555,41.33395855036901,352,1,pathological,kidney_images\images\352.jpg
4803.0,296.00714015960693,80.0,92.0,0.8695652173913043,0.67098393732979,23.063446044921875,39.36710265221767,0.0,255.0,0.0,52.971603260869564,35.73073185732402,440,1,pathological,kidney_images\images\440.jpg
7322.0,360.14927554130554,112.0,88.0,1.2727272727272727,0.6942106521985035,30.5599365234375,53.99973531154272,0.0,251.0,0.0,54.61820211038961,51.571397101885076,1395,1,pathological,kidney_images\images\1395.jpg
4732.0,294.00714004039764,79.0,92.0,0.8586956521739131,0.6695313169012455,25.81036376953125,41.62413838746132,0.0,251.0,0.0,76.90602641717116,41.4987298743428,256,1,pathological,kidney_images\images\256.jpg
2165.0,198.75230705738068,52.0,56.0,0.9285714285714286,0.6787004766266578,17.320098876953125,27.944643331203785,0.0,253.0,0.0,51.32451923076923,20.978520619403817,162,1,pathological,kidney_images\images\162.jpg
2620.0,256.1076456308365,75.0,56.0,1.3392857142857142,0.4808819743334649,30.967453002929688,47.99778799320687,0.0,251.0,0.0,109.96857142857142,38.34527304148258,1941,1,pathological,kidney_images\images\1941.jpg
3121.0,219.82337403297424,67.0,64.0,1.046875,0.7866607901904437,14.919342041015625,27.715282722592995,0.0,251.0,0.0,43.90368470149254,25.174971754520108,518,1,pathological,kidney_images\images\518.jpg
2805.0,227.82337427139282,63.0,63.0,1.0,0.6563610813941071,23.883453369140625,43.080126218909015,0.0,254.0,0.0,79.9302091206853,44.22607826237534,61,1,pathological,kidney_images\images\61.jpg
5256.0,312.1076457500458,95.0,75.0,1.2666666666666666,0.660239236709419,32.47129821777344,46.658086007983655,0.0,255.0,0.0,64.20294736842105,34.49098237216838,88,1,pathological,kidney_images\images\88.jpg
5790.0,346.39191567897797,95.0,81.0,1.1728395061728396,0.5894248715948663,23.673614501953125,38.01021009391579,0.0,251.0,0.0,47.07667316439246,34.42143121579724,1025,1,pathological,kidney_images\images\1025.jpg
2769.0,245.2792181968689,60.0,71.0,0.8450704225352113,0.548090391073136,26.371795654296875,44.44715003148271,0.0,251.0,0.0,53.85492957746479,29.09614282585337,875,1,pathological,kidney_images\images\875.jpg
2328.0,239.03657722473145,61.0,55.0,1.1090909090909091,0.4854917488481978,25.192398071289062,37.082030849359214,0.0,251.0,0.0,63.763040238450074,19.205226382789093,1930,0,healthy,kidney_images\images\1930.jpg
3827.0,324.048770070076,69.0,89.0,0.7752808988764045,0.4413468401294438,25.70697021484375,41.0339577064982,0.0,251.0,0.0,86.14932421429735,41.920808534585426,822,1,pathological,kidney_images\images\822.jpg
1124.0,206.06601548194885,56.0,39.0,1.435897435897436,0.29194040515409175,18.538711547851562,31.810064205620087,0.0,251.0,0.0,42.63186813186813,26.14269470145863,1646,1,pathological,kidney_images\images\1646.jpg
2742.0,252.55129647254944,70.0,56.0,1.25,0.5184585414733391,42.587158203125,62.208985344154186,0.0,251.0,0.0,131.26862244897958,38.013437945401414,260,0,healthy,kidney_images\images\260.jpg
1404.0,169.9238795042038,48.0,44.0,1.0909090909090908,0.5738272503501562,17.1766357421875,30.09685528436387,0.0,251.0,0.0,53.62642045454545,27.386164577992933,1840,0,healthy,kidney_images\images\1840.jpg
1946.0,170.12489020824432,47.0,52.0,0.9038461538461539,0.8121417943621353,13.60382080078125,25.121100007309845,0.0,252.0,0.0,28.581833060556466,18.665377873845483,1896,1,pathological,kidney_images\images\1896.jpg
5141.0,299.6223638057709,102.0,65.0,1.5692307692307692,0.6926137404114469,31.254669189453125,46.977054850451225,0.0,251.0,0.0,77.3550527903469,37.145217056651454,394,1,pathological,kidney_images\images\394.jpg
3644.0,321.46298336982727,74.0,79.0,0.9367088607594937,0.42020268151526413,36.32011413574219,56.277566395987186,0.0,254.0,0.0,78.18439958946288,40.11986662220523,83,1,pathological,kidney_images\images\83.jpg
4546.0,294.93607211112976,85.0,70.0,1.2142857142857142,0.6401117950438897,30.89532470703125,45.820271860244496,0.0,251.0,0.0,78.75579831932774,36.73200737148947,1791,1,pathological,kidney_images\images\1791.jpg
3657.0,242.308655500412,73.0,67.0,1.0895522388059702,0.7600159044975735,14.046188354492188,28.023541822885186,0.0,252.0,0.0,37.20793293804948,26.063616603383554,1341,0,healthy,kidney_images\images\1341.jpg
4346.0,315.5634890794754,85.0,76.0,1.118421052631579,0.532535809429467,36.00494384765625,55.04671234073125,0.0,251.0,0.0,97.48297213622291,42.865241945168115,739,1,pathological,kidney_images\images\739.jpg
672.0,87.5979790687561,24.0,24.0,1.0,0.5404252475136884,37.56422424316406,55.5797384434463,0.0,254.0,0.0,77.63368055555556,16.50440316865505,185,1,pathological,kidney_images\images\185.jpg
3410.0,240.50966620445251,77.0,56.0,1.375,0.7095140064975587,27.004852294921875,43.60579478697828,0.0,251.0,0.0,58.3680426716141,38.13585505394847,856,1,pathological,kidney_images\images\856.jpg
4469.0,282.79393684864044,85.0,66.0,1.2878787878787878,0.6825893262243349,34.009918212890625,52.502539808060924,0.0,251.0,0.0,91.80641711229947,49.32132225210403,209,1,pathological,kidney_images\images\209.jpg
3399.0,245.62236428260803,77.0,65.0,1.1846153846153846,0.6859078604608994,27.975357055664062,47.00967749152434,0.0,251.0,0.0,88.73266733266733,46.78031705444617,1288,0,healthy,kidney_images\images\1288.jpg
1247.0,162.2670260667801,50.0,40.0,1.25,0.5619662401656337,20.896682739257812,37.09940232750767,0.0,251.0,0.0,73.129,25.581601963129675,1165,1,pathological,kidney_images\images\1165.jpg
2779.0,238.50966668128967,62.0,60.0,1.0333333333333334,0.59091046233104,26.771881103515625,44.846681909289266,0.0,251.0,0.0,71.02634408602151,36.420459135265446,467,1,pathological,kidney_images\images\467.jpg
3350.0,251.1370825767517,69.0,64.0,1.078125,0.6455549039856051,34.108673095703125,56.17047683171312,0.0,251.0,0.0,108.37613224637681,32.5352103174822,582,1,pathological,kidney_images\images\582.jpg
3036.0,231.5807340145111,65.0,60.0,1.0833333333333333,0.6873708399804154,28.267547607421875,42.41567109408676,0.0,251.0,0.0,62.202820512820516,23.655522307369395,624,1,pathological,kidney_images\images\624.jpg
4544.0,283.4213535785675,87.0,75.0,1.16,0.6913034590040942,17.658462524414062,31.256771328564454,0.0,252.0,0.0,46.74528735632184,29.200106722069727,1358,1,pathological,kidney_images\images\1358.jpg
5391.0,324.3502858877182,99.0,69.0,1.434782608695652,0.625254027749081,28.372283935546875,46.15248757127872,0.0,251.0,0.0,84.09793588054458,42.05765518161675,317,1,pathological,kidney_images\images\317.jpg
7186.0,379.8477591276169,93.0,111.0,0.8378378378378378,0.6134065584315498,49.693206787109375,70.41999136143404,0.0,255.0,0.0,85.02576770318706,52.92283825211378,134,1,pathological,kidney_images\images\134.jpg
2426.0,194.75230705738068,57.0,58.0,0.9827586206896551,0.7592145166057471,27.690383911132812,39.89158674371359,0.0,251.0,0.0,72.44948578342408,35.432536307709704,735,0,healthy,kidney_images\images\735.jpg
1429.0,180.02438497543335,45.0,56.0,0.8035714285714286,0.4629685810604942,36.50999450683594,53.99211790042603,0.0,251.0,0.0,93.29047619047618,35.84209954471477,1159,1,pathological,kidney_images\images\1159.jpg
2289.0,229.72286891937256,52.0,66.0,0.7878787878787878,0.5230372367988669,22.750732421875,34.81970468255518,0.0,251.0,0.0,54.7759324009324,19.76934811048101,1186,1,pathological,kidney_images\images\1186.jpg
6235.0,312.208150267601,105.0,77.0,1.3636363636363635,0.7764226571021822,26.6485595703125,43.7647257625327,0.0,251.0,0.0,51.45071119356834,36.04610462214337,698,1,pathological,kidney_images\images\698.jpg
2305.0,206.40916109085083,57.0,55.0,1.0363636363636364,0.6534670304638633,12.489791870117188,24.942774216951776,0.0,251.0,0.0,44.68835725677831,26.673108422742533,1672,1,pathological,kidney_images\images\1672.jpg
5831.0,415.9482650756836,85.0,108.0,0.7870370370370371,0.4103375325530667,26.098114013671875,47.6800445091264,0.0,252.0,0.0,74.2562091503268,51.04876283453545,1349,1,pathological,kidney_images\images\1349.jpg
2824.0,205.09545242786407,58.0,62.0,0.9354838709677419,0.7983907858098531,18.12664794921875,29.858588737261897,0.0,251.0,0.0,57.35456062291435,28.480585542402277,1870,0,healthy,kidney_images\images\1870.jpg
8350.0,395.16146779060364,123.0,96.0,1.28125,0.6559512701421997,46.50250244140625,63.88424031582417,0.0,255.0,1.0,82.1608231707317,49.17623029213559,55,0,healthy,kidney_images\images\55.jpg
3400.0,251.48022866249084,75.0,62.0,1.2096774193548387,0.6431982739428386,28.72357177734375,43.11723460753706,0.0,251.0,0.0,77.63354838709678,25.974683979580128,1964,0,healthy,kidney_images\images\1964.jpg
5605.0,316.9360718727112,100.0,77.0,1.2987012987012987,0.6833106945157176,38.871429443359375,58.030928246808045,0.0,251.0,0.0,99.58831168831169,44.50582764708686,1939,0,healthy,kidney_images\images\1939.jpg
3578.0,249.137082695961,77.0,63.0,1.2222222222222223,0.7023238462787202,20.620590209960938,31.91724733945307,0.0,251.0,0.0,61.69655741084313,25.487727826152028,946,1,pathological,kidney_images\images\946.jpg
5444.0,343.07820749282837,102.0,84.0,1.2142857142857142,0.5718263549590034,27.313705444335938,40.82659893462837,0.0,255.0,0.0,53.89484126984127,21.245865891002534,116,1,pathological,kidney_images\images\116.jpg
6179.0,313.76449954509735,97.0,87.0,1.1149425287356323,0.7711006886819006,33.58978271484375,52.370833379085866,0.0,251.0,0.0,86.99822253821543,47.14597392534307,915,0,healthy,kidney_images\images\915.jpg
3074.0,247.37972331047058,78.0,59.0,1.3220338983050848,0.6095631692981756,35.576141357421875,51.42059427390908,0.0,255.0,0.0,82.61668839634942,34.38039069447731,148,1,pathological,kidney_images\images\148.jpg
4995.0,285.279217839241,90.0,76.0,1.1842105263157894,0.7519666069152653,23.83184814453125,37.75691512812673,0.0,251.0,0.0,72.55730994152047,28.838174054923535,989,1,pathological,kidney_images\images\989.jpg
4665.0,314.9777019023895,87.0,76.0,1.144736842105263,0.5737206845731743,28.3988037109375,49.86809763420728,0.0,251.0,0.0,62.566545674531156,54.86714102201522,339,1,pathological,kidney_images\images\339.jpg
0.0,0.0,0.0,0.0,0.0,0.0,14.150482177734375,26.058952970502705,0.0,251.0,0.0,0.0,0.0,1557,1,pathological,kidney_images\images\1557.jpg
3403.0,431.3036028146744,85.0,90.0,0.9444444444444444,0.21562870505776494,25.575271606445312,42.12333384948798,0.0,251.0,0.0,54.716470588235296,30.29810068618677,521,1,pathological,kidney_images\images\521.jpg
3413.0,273.6639939546585,69.0,75.0,0.92,0.5610168039175276,20.553009033203125,33.613053103938356,0.0,251.0,0.0,44.305314009661835,22.510045439188804,1197,1,pathological,kidney_images\images\1197.jpg
3898.0,271.66399371623993,74.0,70.0,1.0571428571428572,0.6520603248449599,17.99456787109375,31.487117025971273,0.0,251.0,0.0,50.41583011583012,23.459775407039718,1568,0,healthy,kidney_images\images\1568.jpg
2449.0,216.308655500412,60.0,62.0,0.967741935483871,0.6338318682849499,32.02687072753906,50.06542741967733,0.0,251.0,0.0,78.8766129032258,38.52188445644842,466,1,pathological,kidney_images\images\466.jpg
5988.0,348.83556735515594,111.0,74.0,1.5,0.6020043814243049,40.05047607421875,58.21549431078916,0.0,255.0,0.0,73.87253469685902,37.13492456997951,125,1,pathological,kidney_images\images\125.jpg
2253.0,250.35028553009033,57.0,68.0,0.8382352941176471,0.43017206154738336,23.768157958984375,50.24475303957869,0.0,253.0,0.0,70.79901960784314,46.43126470020056,1809,1,pathological,kidney_images\images\1809.jpg
5947.0,342.49242067337036,107.0,76.0,1.4078947368421053,0.6209745109913909,38.53001403808594,58.01887138933576,0.0,251.0,0.0,86.99434333497295,51.81949133974078,703,0,healthy,kidney_images\images\703.jpg
0.0,0.0,0.0,0.0,0.0,0.0,11.36505126953125,23.33468153994422,0.0,251.0,0.0,0.0,0.0,1565,1,pathological,kidney_images\images\1565.jpg
3055.0,233.48022890090942,60.0,74.0,0.8108108108108109,0.6781914520046202,24.276763916015625,35.75916307431995,0.0,255.0,0.0,56.234234234234236,25.880609442869066,24,1,pathological,kidney_images\images\24.jpg
4128.0,265.4802281856537,79.0,71.0,1.1126760563380282,0.7146167843860272,34.38795471191406,55.00348322869166,0.0,251.0,0.0,127.11766803351756,44.05525457147062,244,0,healthy,kidney_images\images\244.jpg
4029.0,270.3502857685089,76.0,73.0,1.0410958904109588,0.6726831491097256,35.063079833984375,58.63552328999192,0.0,251.0,0.0,60.052451333813984,29.105282550793877,1127,1,pathological,kidney_images\images\1127.jpg
979.0,113.15432786941528,28.0,37.0,0.7567567567567568,0.6403951607823987,45.898956298828125,64.28568317604386,0.0,251.0,0.0,87.4430501930502,40.96904896303678,757,1,pathological,kidney_images\images\757.jpg
0.0,0.0,0.0,0.0,0.0,0.0,9.104217529296875,23.149436846373682,0.0,251.0,0.0,0.0,0.0,305,1,pathological,kidney_images\images\305.jpg
3279.0,253.33809328079224,70.0,61.0,1.1475409836065573,0.6138276028559988,16.246170043945312,26.81512667043466,0.0,251.0,0.0,51.035362997658076,27.461600442671156,809,1,pathological,kidney_images\images\809.jpg
3250.0,255.03657746315002,75.0,65.0,1.1538461538461537,0.6065483256096643,17.983474731445312,31.405103150491932,0.0,251.0,0.0,66.24266666666666,28.55746855596249,1060,0,healthy,kidney_images\images\1060.jpg
6595.0,361.22034335136414,102.0,88.0,1.1590909090909092,0.6199390178832547,35.16514587402344,54.5936004166656,0.0,251.0,0.0,79.54088680926917,44.8532403271048,697,0,healthy,kidney_images\images\697.jpg
6719.0,343.86500453948975,102.0,85.0,1.2,0.6976467214780512,31.474502563476562,49.40822059615573,0.0,251.0,0.0,76.78927335640138,42.10104284711424,407,1,pathological,kidney_images\images\407.jpg
2347.0,223.33809316158295,57.0,59.0,0.9661016949152542,0.5590382947243937,27.116195678710938,39.94152413833203,0.0,251.0,0.0,68.95747844186738,27.342123355906917,688,1,pathological,kidney_images\images\688.jpg
3296.0,227.92387998104095,73.0,57.0,1.280701754385965,0.7727394736900552,18.327133178710938,30.04208260373304,0.0,251.0,0.0,46.792597933189136,22.136899069483132,1438,0,healthy,kidney_images\images\1438.jpg
4288.0,294.00713992118835,80.0,77.0,1.0389610389610389,0.6077463190913959,35.51948547363281,54.03642021292348,0.0,251.0,0.0,91.91477272727273,42.670289581105024,1050,1,pathological,kidney_images\images\1050.jpg
2836.0,215.4802290201187,51.0,69.0,0.7391304347826086,0.619228629298316,23.805831909179688,40.36570613146468,0.0,251.0,0.0,75.6845694799659,26.264409959069805,1306,0,healthy,kidney_images\images\1306.jpg
3954.0,305.7644993066788,90.0,65.0,1.3846153846153846,0.5129134756198509,50.06761169433594,72.04270531248669,0.0,255.0,0.0,131.25538461538463,44.57294502577628,996,1,pathological,kidney_images\images\996.jpg
4228.0,295.03657746315,85.0,63.0,1.3492063492063493,0.5906642646156204,22.6688232421875,38.39462606251655,0.0,251.0,0.0,52.975723622782446,22.699312641818267,1800,1,pathological,kidney_images\images\1800.jpg
3740.0,270.2081506252289,84.0,61.0,1.3770491803278688,0.6253715765470845,29.589706420898438,44.81180853801264,0.0,251.0,0.0,74.18911007025761,32.68148079019247,372,1,pathological,kidney_images\images\372.jpg
5701.0,326.10764503479004,90.0,78.0,1.1538461538461537,0.6532146825271123,30.693466186523438,49.92540838713071,0.0,251.0,0.0,110.97663817663818,49.46557145195549,1160,1,pathological,kidney_images\images\1160.jpg
3976.0,300.0071403980255,84.0,69.0,1.2173913043478262,0.5373263916375777,19.906692504882812,32.12019862641298,0.0,251.0,0.0,49.97808833678399,22.435053944282814,1782,0,healthy,kidney_images\images\1782.jpg
3120.0,218.1665198802948,63.0,64.0,0.984375,0.8012948500077253,16.345626831054688,31.495520429234116,0.0,251.0,0.0,46.66889880952381,29.4749817402652,1792,0,healthy,kidney_images\images\1792.jpg
6452.0,325.6639939546585,113.0,79.0,1.4303797468354431,0.7475931599175679,46.92424011230469,75.22449746662592,0.0,255.0,0.0,95.64086479220343,65.6474886414499,217,1,pathological,kidney_images\images\217.jpg
2410.0,221.5218586921692,56.0,61.0,0.9180327868852459,0.5934668067275103,18.449478149414062,33.02684194486671,0.0,251.0,0.0,53.1943793911007,26.761868014956903,1065,0,healthy,kidney_images\images\1065.jpg
5027.0,318.5929265022278,77.0,91.0,0.8461538461538461,0.605034228455241,23.324935913085938,37.598775245062896,0.0,251.0,0.0,74.89153703439418,38.59842465224769,819,1,pathological,kidney_images\images\819.jpg
3268.0,268.450790643692,73.0,67.0,1.0895522388059702,0.5489277836987404,28.460250854492188,44.79499378391669,0.0,254.0,0.0,73.796156205275,28.47729627502741,67,1,pathological,kidney_images\images\67.jpg
4924.0,304.4507911205292,90.0,77.0,1.1688311688311688,0.6492627504871851,14.815460205078125,26.82235093651106,0.0,251.0,0.0,34.37647907647908,26.460732883219517,1648,1,pathological,kidney_images\images\1648.jpg
3020.0,244.4507908821106,65.0,72.0,0.9027777777777778,0.6130071353948735,29.084197998046875,49.812525944980855,0.0,251.0,0.0,70.92564102564103,44.388316884864395,738,1,pathological,kidney_images\images\738.jpg
6023.0,651.7127642631531,99.0,121.0,0.8181818181818182,0.1679196567946933,24.854217529296875,49.307007488403414,0.0,252.0,0.0,49.42866683362551,57.55532027865979,1656,1,pathological,kidney_images\images\1656.jpg
1364.0,161.2964631319046,39.0,48.0,0.8125,0.624779265608559,21.070663452148438,34.055763686134924,0.0,251.0,0.0,59.9866452991453,21.443608541777447,1692,0,healthy,kidney_images\images\1692.jpg
3479.0,285.5218585729599,66.0,75.0,0.88,0.5173897154285212,20.181350708007812,35.38117967889863,0.0,251.0,0.0,51.13939393939394,26.794126516725765,1740,1,pathological,kidney_images\images\1740.jpg
2666.0,246.4507908821106,53.0,73.0,0.726027397260274,0.5296505126457279,22.023834228515625,35.78026250064549,0.0,251.0,0.0,65.07702248643061,30.9313142279878,1571,0,healthy,kidney_images\images\1571.jpg
5281.0,313.07820761203766,94.0,79.0,1.1898734177215189,0.6594853407327651,46.86540222167969,72.52520899966375,0.0,251.0,0.0,105.27349851871801,41.51539245873785,579,1,pathological,kidney_images\images\579.jpg
2503.0,222.75230634212494,56.0,62.0,0.9032258064516129,0.6203587170015,26.909820556640625,41.85938940593289,0.0,251.0,0.0,84.35570276497695,25.470105970011844,589,1,pathological,kidney_images\images\589.jpg
15115.0,425.4041084051132,128.0,100.0,1.28,0.6292259123004165,55.781951904296875,40.95623529357272,7.0,247.0,42.0,78.270546875,36.35943405793643,16,1,pathological,kidney_images\images\16.jpg
1253.0,192.3675309419632,34.0,62.0,0.5483870967741935,0.39527495939012003,27.178176879882812,40.91167825837101,0.0,251.0,0.0,67.59914611005692,34.24555732667123,1846,1,pathological,kidney_images\images\1846.jpg
785.0,159.53910374641418,32.0,48.0,0.6666666666666666,0.35300561212669723,17.65496826171875,30.846388718877012,0.0,251.0,0.0,47.571614583333336,18.083071517806943,921,1,pathological,kidney_images\images\921.jpg
5762.0,313.2792179584503,106.0,66.0,1.606060606060606,0.7161294127547857,34.613983154296875,51.49381412218658,0.0,251.0,0.0,89.51486563750714,31.931359196103628,262,1,pathological,kidney_images\images\262.jpg
2661.0,209.58073389530182,65.0,56.0,1.1607142857142858,0.7356880116166384,21.759597778320312,34.92985207212594,0.0,251.0,0.0,40.994505494505496,18.282910188896203,1325,0,healthy,kidney_images\images\1325.jpg
4498.0,293.32084798812866,78.0,84.0,0.9285714285714286,0.6386366210054077,25.923858642578125,38.52392984885562,0.0,251.0,0.0,56.73244810744811,25.290642593615107,778,1,pathological,kidney_images\images\778.jpg
2524.0,199.19595777988434,57.0,54.0,1.0555555555555556,0.7711658464845224,28.6187744140625,44.29521523634214,0.0,251.0,0.0,51.04385964912281,21.327766992401852,1918,0,healthy,kidney_images\images\1918.jpg
4724.0,272.551296710968,88.0,69.0,1.2753623188405796,0.7780795158915703,26.7940673828125,40.85977024138845,0.0,251.0,0.0,62.393115942028984,26.524992044091675,269,0,healthy,kidney_images\images\269.jpg
5329.0,629.6122587919235,110.0,131.0,0.8396946564885496,0.1601499676520777,28.84869384765625,45.76138041518143,0.0,253.0,0.0,78.35954198473283,42.60664963998647,175,0,healthy,kidney_images\images\175.jpg
1551.0,188.5096663236618,48.0,53.0,0.9056603773584906,0.5194747113431718,31.786880493164062,47.02744325720041,0.0,251.0,0.0,84.95165094339623,20.61204856428696,1936,1,pathological,kidney_images\images\1936.jpg
2910.0,309.5218585729599,67.0,65.0,1.0307692307692307,0.3636627092217319,18.925384521484375,36.31940401250184,0.0,251.0,0.0,66.01492537313433,33.26890760925845,983,0,healthy,kidney_images\images\983.jpg
4642.0,297.56348872184753,81.0,80.0,1.0125,0.6400694839140416,28.0457763671875,47.25851067824885,0.0,255.0,0.0,61.51373456790123,31.327892498517702,389,1,pathological,kidney_images\images\389.jpg
2965.0,210.26702558994293,63.0,57.0,1.105263157894737,0.8161619467567985,29.607742309570312,47.97846903009392,0.0,251.0,0.0,54.618212197159565,30.288915898757438,890,0,healthy,kidney_images\images\890.jpg
546.0,145.88224947452545,36.0,34.0,1.0588235294117647,0.2326489961751111,17.669601440429688,36.21479527049983,0.0,252.0,0.0,58.57843137254902,41.364832939048064,1334,0,healthy,kidney_images\images\1334.jpg
6767.0,361.3208485841751,115.0,84.0,1.369047619047619,0.635620657387325,32.88053894042969,52.87018792216804,0.0,254.0,0.0,60.844927536231886,43.750366696421565,216,1,pathological,kidney_images\images\216.jpg
4334.0,277.72286903858185,99.0,59.0,1.6779661016949152,0.6856680438840141,31.52740478515625,49.17927341419414,0.0,252.0,0.0,69.79986303715117,40.4817950462233,1940,0,healthy,kidney_images\images\1940.jpg
4272.0,318.2914113998413,86.0,91.0,0.945054945054945,0.5199115846625536,25.172042846679688,43.8380282819221,0.0,253.0,0.0,70.77830309225658,44.581333735565195,1054,1,pathological,kidney_images\images\1054.jpg
5963.0,421.3036024570465,101.0,108.0,0.9351851851851852,0.41367131318240563,37.543548583984375,54.95050203440668,0.0,255.0,0.0,83.86532819948661,41.53109867158364,98,1,pathological,kidney_images\images\98.jpg
4067.0,285.17871272563934,77.0,75.0,1.0266666666666666,0.6093369305788897,43.57875061035156,63.13283734222969,0.0,251.0,0.0,110.97645021645022,47.35555261166965,1042,1,pathological,kidney_images\images\1042.jpg
3735.0,310.14927566051483,83.0,74.0,1.1216216216216217,0.46983826728478495,28.251068115234375,46.32176042608306,0.0,251.0,0.0,71.22972972972973,38.69202020789361,1286,1,pathological,kidney_images\images\1286.jpg
0.0,0.0,0.0,0.0,0.0,0.0,14.61590576171875,30.093729104758225,0.0,251.0,0.0,0.0,0.0,1389,1,pathological,kidney_images\images\1389.jpg
4710.0,285.03657710552216,85.0,69.0,1.2318840579710144,0.7090888442583733,27.38916015625,42.33998031164819,0.0,251.0,0.0,75.67450980392157,28.125760807641132,213,1,pathological,kidney_images\images\213.jpg
2918.0,220.30865502357483,63.0,64.0,0.984375,0.7308994311849787,32.50848388671875,49.78742367503559,0.0,251.0,0.0,104.32465277777777,30.459241361268994,844,1,pathological,kidney_images\images\844.jpg
5883.0,311.7644999027252,96.0,78.0,1.2307692307692308,0.7428859814191506,37.06854248046875,55.74449809440849,0.0,251.0,0.0,103.71474358974359,38.70494467155677,263,1,pathological,kidney_images\images\263.jpg
3379.0,241.96550941467285,71.0,73.0,0.9726027397260274,0.7027188606125188,24.469772338867188,38.284592511720724,0.0,251.0,0.0,77.21686282076018,27.140341867828024,1174,1,pathological,kidney_images\images\1174.jpg
4376.0,259.37972390651703,86.0,65.0,1.323076923076923,0.7961633995555246,22.24993896484375,37.47580966184357,0.0,251.0,0.0,48.219320214669054,31.21951568849391,1373,0,healthy,kidney_images\images\1373.jpg
3366.0,225.3797231912613,72.0,64.0,1.125,0.8088379567206072,26.395050048828125,41.56112180409921,0.0,251.0,0.0,67.86371527777777,24.673908060428705,657,1,pathological,kidney_images\images\657.jpg
3667.0,255.42135405540466,83.0,65.0,1.2769230769230768,0.6809024179521874,28.222900390625,44.51676777102242,0.0,251.0,0.0,82.76756255792401,43.378799064043626,1374,0,healthy,kidney_images\images\1374.jpg
117.0,40.62741661071777,15.0,12.0,1.25,0.6471282730718716,16.333709716796875,30.53388914567012,0.0,251.0,0.0,45.24444444444445,9.922825662874585,1638,0,healthy,kidney_images\images\1638.jpg
6633.0,509.7300088405609,112.0,115.0,0.9739130434782609,0.31350067946846033,52.0733642578125,50.425661460709954,0.0,255.0,47.0,69.99759316770187,28.042648483313965,463,1,pathological,kidney_images\images\463.jpg
3233.0,238.10764503479004,72.0,63.0,1.1428571428571428,0.6948654683136687,28.524826049804688,51.990506641925,0.0,251.0,0.0,82.98214285714286,42.968487370071664,538,1,pathological,kidney_images\images\538.jpg
6810.0,341.6223638057709,94.0,90.0,1.0444444444444445,0.717119457641877,28.400253295898438,45.12680193077411,0.0,251.0,0.0,64.01418439716312,48.3185649947591,1011,1,pathological,kidney_images\images\1011.jpg
2987.0,250.3502860069275,65.0,64.0,1.015625,0.5887673054867895,19.949234008789062,33.62050944161824,0.0,251.0,0.0,77.63846153846154,28.020735137271757,313,1,pathological,kidney_images\images\313.jpg
3360.0,233.37972402572632,66.0,68.0,0.9705882352941176,0.7520290297398945,31.103118896484375,45.15003659446434,0.0,251.0,0.0,98.37611408199643,43.058962185262125,913,0,healthy,kidney_images\images\913.jpg
3971.0,263.96550965309143,81.0,64.0,1.265625,0.6920019112129635,27.18017578125,42.48552475019203,0.0,251.0,0.0,92.89313271604938,33.88638650689584,1171,1,pathological,kidney_images\images\1171.jpg
4681.0,268.8944425582886,83.0,70.0,1.1857142857142857,0.7927821996469098,30.063980102539062,43.68178812108839,0.0,254.0,0.0,51.19259896729776,24.155717873456584,387,1,pathological,kidney_images\images\387.jpg
0.0,0.0,0.0,0.0,0.0,0.0,9.597320556640625,20.886276868415273,0.0,251.0,0.0,0.0,0.0,1755,1,pathological,kidney_images\images\1755.jpg
4888.0,357.2203425168991,95.0,86.0,1.1046511627906976,0.4407857813050996,40.47154235839844,66.94793419548877,0.0,254.0,0.0,81.65752753977968,72.25947038435315,562,1,pathological,kidney_images\images\562.jpg
4782.0,279.52185893058777,87.0,77.0,1.12987012987013,0.7495676321642982,27.751434326171875,45.042721769912305,0.0,251.0,0.0,79.24346917450366,37.92167488587011,357,1,pathological,kidney_images\images\357.jpg
3614.0,236.30865573883057,75.0,62.0,1.2096774193548387,0.7900988581136678,19.944442749023438,32.73610077026412,0.0,252.0,0.0,50.91440860215054,28.536269826625738,1353,1,pathological,kidney_images\images\1353.jpg
1666.0,177.43859827518463,48.0,48.0,1.0,0.6340169771655617,19.5556640625,32.599026787746894,0.0,251.0,0.0,63.415798611111114,23.874197057201926,1694,1,pathological,kidney_images\images\1694.jpg
2586.0,237.23758804798126,60.0,65.0,0.9230769230769231,0.5538371648558384,26.935882568359375,43.78514258536319,0.0,251.0,0.0,70.72538461538461,32.882311069362615,676,1,pathological,kidney_images\images\676.jpg
1982.0,188.02438473701477,53.0,51.0,1.0392156862745099,0.67500420185945,21.21929931640625,39.63516523357796,0.0,251.0,0.0,93.39400665926748,40.028372211618915,712,1,pathological,kidney_images\images\712.jpg
3742.0,244.55129671096802,75.0,68.0,1.1029411764705883,0.7638957135228537,18.322418212890625,29.47067026090272,0.0,251.0,0.0,41.14705882352941,25.217873003099633,395,1,pathological,kidney_images\images\395.jpg
3393.0,269.2792184352875,75.0,64.0,1.171875,0.5651386197315734,27.33489990234375,49.10737610039419,0.0,251.0,0.0,97.06979166666666,46.4878515039854,1248,0,healthy,kidney_images\images\1248.jpg
2769.0,234.20815086364746,78.0,53.0,1.471698113207547,0.6101808234854951,21.24749755859375,34.02841560650391,0.0,251.0,0.0,41.86477987421384,22.60433216433242,412,1,pathological,kidney_images\images\412.jpg
4839.0,291.17871272563934,92.0,70.0,1.3142857142857143,0.6978678564328056,35.484832763671875,53.47442856118405,0.0,251.0,0.0,87.43804347826087,34.28669154774247,678,1,pathological,kidney_images\images\678.jpg
3752.0,264.79393696784973,81.0,65.0,1.2461538461538462,0.6598991586595924,33.785003662109375,51.33375853514162,0.0,251.0,0.0,92.93846153846154,33.46577126626625,1944,0,healthy,kidney_images\images\1944.jpg
2750.0,238.0660150051117,74.0,54.0,1.3703703703703705,0.589234724474121,21.734420776367188,34.997960187841855,0.0,251.0,0.0,69.58283283283284,27.15076536016482,1747,0,healthy,kidney_images\images\1747.jpg
1323.0,166.36753058433533,45.0,29.0,1.5517241379310345,0.3050998515559853,19.986434936523438,32.49274045195203,0.0,252.0,0.0,74.12260536398468,31.289066102712216,850,1,pathological,kidney_images\images\850.jpg
4386.0,267.96550989151,74.0,81.0,0.9135802469135802,0.7465740956046504,34.86737060546875,58.47634190022147,0.0,251.0,0.0,80.37487487487488,45.27445068959538,452,0,healthy,kidney_images\images\452.jpg
5979.0,420.8599509000778,105.0,98.0,1.0714285714285714,0.41131582694554825,28.2818603515625,50.49433179345586,0.0,251.0,0.0,83.81214771622935,56.87733026359483,1707,1,pathological,kidney_images\images\1707.jpg
2945.0,253.23758792877197,62.0,68.0,0.9117647058823529,0.5546470235720757,22.644805908203125,37.686520953402095,0.0,251.0,0.0,61.84013282732448,35.53331230119578,1666,1,pathological,kidney_images\images\1666.jpg
2150.0,228.89444231987,55.0,56.0,0.9821428571428571,0.4918120234620056,18.65057373046875,31.349617135523047,0.0,251.0,0.0,46.55811688311688,29.70976268924532,1653,1,pathological,kidney_images\images\1653.jpg
4224.0,277.0365775823593,83.0,67.0,1.2388059701492538,0.6717137321306775,26.587142944335938,44.32056870302983,0.0,251.0,0.0,74.47815141161662,34.28199902023925,323,1,pathological,kidney_images\images\323.jpg
2467.0,196.16652035713196,53.0,61.0,0.8688524590163934,0.7778607250352411,35.39500427246094,54.923438245166665,0.0,251.0,0.0,89.25579956696566,31.93089823697833,880,1,pathological,kidney_images\images\880.jpg
2918.0,215.92387986183167,67.0,60.0,1.1166666666666667,0.7607508810590164,21.6177978515625,36.16210776114505,0.0,251.0,0.0,80.59253731343284,29.622948009708978,1520,1,pathological,kidney_images\images\1520.jpg
2032.0,203.8233745098114,57.0,46.0,1.2391304347826086,0.5710891102619461,30.570388793945312,49.71889536343174,0.0,251.0,0.0,71.8676582761251,35.606433510406156,1170,1,pathological,kidney_images\images\1170.jpg
5168.0,304.5929263830185,96.0,77.0,1.2467532467532467,0.6819769748160617,42.9862060546875,69.0546419289399,0.0,255.0,0.0,90.92099567099567,53.48761824885313,1921,1,pathological,kidney_images\images\1921.jpg
3521.0,305.5634888410568,73.0,78.0,0.9358974358974359,0.454504308582756,26.971588134765625,44.0339812228718,0.0,251.0,0.0,70.41745697225149,48.28915784264888,674,1,pathological,kidney_images\images\674.jpg
2061.0,226.20815002918243,50.0,58.0,0.8620689655172413,0.4743381773393922,16.864913940429688,29.24788536399339,0.0,251.0,0.0,55.07448275862069,27.55383390135565,1491,1,pathological,kidney_images\images\1491.jpg
4060.0,270.10764503479004,87.0,66.0,1.3181818181818181,0.679145594941083,26.62261962890625,44.06964540437365,0.0,251.0,0.0,83.18530128874957,36.64095906871,1249,0,healthy,kidney_images\images\1249.jpg
1444.0,169.4385985136032,43.0,48.0,0.8958333333333334,0.5998797512966624,14.6976318359375,26.02743382061186,0.0,251.0,0.0,31.912306201550386,18.081629176423302,1894,1,pathological,kidney_images\images\1894.jpg
2198.0,203.58073353767395,58.0,54.0,1.0740740740740742,0.645978483836643,16.299346923828125,28.517500316130842,0.0,251.0,0.0,42.84802043422733,23.413734342292226,1835,1,pathological,kidney_images\images\1835.jpg
3990.0,262.79393696784973,75.0,77.0,0.974025974025974,0.7051002821263819,26.879409790039062,45.497315711280436,0.0,251.0,0.0,78.7591341991342,57.75106446524979,491,0,healthy,kidney_images\images\491.jpg
4750.0,313.32084798812866,77.0,89.0,0.8651685393258427,0.5821085593514057,30.93121337890625,48.63451238085774,0.0,251.0,0.0,67.88165766817453,36.371494347970696,1036,1,pathological,kidney_images\images\1036.jpg
4889.0,284.35028660297394,93.0,74.0,1.2567567567567568,0.7406465381729292,30.900115966796875,48.541105828613716,0.0,251.0,0.0,81.37343795408312,37.47832515994074,1063,0,healthy,kidney_images\images\1063.jpg
9054.0,539.286357998848,130.0,128.0,1.015625,0.38207274961638665,46.56074523925781,53.3440692516286,0.0,249.0,27.0,75.90060096153846,47.36466651686919,1980,1,pathological,kidney_images\images\1980.jpg
5129.0,289.279217839241,100.0,69.0,1.4492753623188406,0.7511368738572533,26.881484985351562,42.8974857356276,0.0,251.0,0.0,74.2591304347826,41.1818988567399,1213,0,healthy,kidney_images\images\1213.jpg
3194.0,237.72286975383759,61.0,74.0,0.8243243243243243,0.6874437789441955,14.874465942382812,26.253220782027306,0.0,251.0,0.0,31.355560478511297,19.465830266054148,1598,0,healthy,kidney_images\images\1598.jpg
4167.0,294.10764491558075,86.0,67.0,1.2835820895522387,0.5866290311366886,25.82373046875,42.783890655921205,0.0,251.0,0.0,57.73863241929885,41.60822128520368,246,1,pathological,kidney_images\images\246.jpg
6058.0,312.00713992118835,100.0,83.0,1.2048192771084338,0.7677419117861927,18.3524169921875,32.68425612441249,0.0,251.0,0.0,45.81120481927711,24.254044894184837,1150,1,pathological,kidney_images\images\1150.jpg
6080.0,330.7350616455078,90.0,95.0,0.9473684210526315,0.6807866585349852,31.226654052734375,51.50947280437755,0.0,251.0,0.0,75.29134502923976,48.62828245903861,494,1,pathological,kidney_images\images\494.jpg
3951.0,241.92387986183167,74.0,68.0,1.088235294117647,0.8250233921564482,18.644439697265625,31.535179895027465,0.0,251.0,0.0,44.18203497615262,29.96677829304107,1655,0,healthy,kidney_images\images\1655.jpg
2742.0,259.1370828151703,63.0,69.0,0.9130434782608695,0.4917859238295972,34.71295166015625,54.401516473422085,0.0,255.0,0.0,81.49160340464688,45.059275030576956,191,1,pathological,kidney_images\images\191.jpg
5650.0,382.1320297718048,100.0,99.0,1.0101010101010102,0.4757195682405043,34.24273681640625,53.351192772460216,0.0,251.0,0.0,82.18474747474747,47.15083158201586,550,1,pathological,kidney_images\images\550.jpg
1978.0,195.48022842407227,47.0,62.0,0.7580645161290323,0.6231798504317047,14.419723510742188,28.01978574742778,0.0,251.0,0.0,32.37542896362388,20.674930199367754,1318,1,pathological,kidney_images\images\1318.jpg
5887.0,336.1492751836777,107.0,78.0,1.3717948717948718,0.6385146628913437,28.7652587890625,45.638437250516766,0.0,251.0,0.0,67.0065899832255,40.70950350617184,505,1,pathological,kidney_images\images\505.jpg
3953.0,265.86500442028046,87.0,62.0,1.403225806451613,0.681526866796232,31.445953369140625,47.185518468916314,0.0,251.0,0.0,89.02614015572858,30.48838444195174,1234,1,pathological,kidney_images\images\1234.jpg
5304.0,323.32084822654724,96.0,87.0,1.103448275862069,0.6211878180954185,25.599853515625,37.669328916812354,0.0,255.0,0.0,53.89391762452107,25.61802659768113,102,1,pathological,kidney_images\images\102.jpg
5769.0,320.97770261764526,101.0,73.0,1.3835616438356164,0.6871292467484206,26.796646118164062,42.07237019522729,0.0,251.0,0.0,61.46887291468873,42.23251101483216,1787,1,pathological,kidney_images\images\1787.jpg
2831.0,266.69343185424805,68.0,61.0,1.1147540983606556,0.4758852059798611,20.268035888671875,31.79299962984864,0.0,251.0,0.0,59.27651880424301,21.98991524431492,1415,1,pathological,kidney_images\images\1415.jpg
3234.0,276.3502861261368,67.0,65.0,1.0307692307692307,0.5124817001426433,43.80482482910156,62.92122781660068,0.0,253.0,0.0,101.81768082663605,44.69084834945897,763,1,pathological,kidney_images\images\763.jpg
4241.0,338.93607234954834,84.0,80.0,1.05,0.4413852521532524,25.59381103515625,42.34912133860385,0.0,251.0,0.0,79.28229166666667,35.353995305113365,1329,1,pathological,kidney_images\images\1329.jpg
1512.0,195.5807341337204,45.0,56.0,0.8035714285714286,0.4761852510090672,22.225738525390625,39.98062435551046,0.0,251.0,0.0,32.47539682539683,24.68763968900142,532,1,pathological,kidney_images\images\532.jpg
0.0,0.0,0.0,0.0,0.0,0.0,18.45684814453125,33.085080596598,0.0,251.0,0.0,0.0,0.0,1295,0,healthy,kidney_images\images\1295.jpg
1521.0,178.36753070354462,49.0,45.0,1.0888888888888888,0.5660104563688545,19.7528076171875,36.764628810453274,0.0,251.0,0.0,52.6249433106576,39.662480932290016,939,1,pathological,kidney_images\images\939.jpg
6119.0,348.7350618839264,99.0,93.0,1.064516129032258,0.6163523906198001,30.3472900390625,53.77457759288148,0.0,251.0,0.0,66.17627891821441,49.43314045439189,898,1,pathological,kidney_images\images\898.jpg
4727.0,294.45079159736633,97.0,62.0,1.564516129032258,0.6667180966466046,19.563735961914062,33.788572470906345,0.0,251.0,0.0,45.23096109078816,28.167913648967673,1732,1,pathological,kidney_images\images\1732.jpg
4487.0,274.00713992118835,90.0,68.0,1.3235294117647058,0.7315048829262754,27.592544555664062,45.679653547825396,0.0,251.0,0.0,73.94411764705882,43.119496690124855,741,0,healthy,kidney_images\images\741.jpg
3502.0,317.07820785045624,67.0,77.0,0.8701298701298701,0.41784330781083534,23.87591552734375,38.223495764179795,0.0,251.0,0.0,58.72494669509595,31.249537152952563,324,1,pathological,kidney_images\images\324.jpg
3398.0,272.79393672943115,85.0,53.0,1.6037735849056605,0.5532027504173549,26.566757202148438,44.30919174301559,0.0,251.0,0.0,61.78091009988901,27.525335955851364,924,1,pathological,kidney_images\images\924.jpg
4334.0,265.0365778207779,83.0,69.0,1.2028985507246377,0.7546686114114806,25.768310546875,39.23543828118212,0.0,251.0,0.0,62.12432338047844,24.812351397381466,1155,1,pathological,kidney_images\images\1155.jpg
5143.0,289.6223638057709,99.0,65.0,1.523076923076923,0.7508561439368203,30.187820434570312,44.6060243101621,0.0,255.0,0.0,63.48189588189588,34.23298899437166,376,1,pathological,kidney_images\images\376.jpg
1790.0,173.09545266628265,47.0,58.0,0.8103448275862069,0.7203362856234069,16.894622802734375,31.217409828619914,0.0,251.0,0.0,55.787234042553195,30.408110594516547,519,1,pathological,kidney_images\images\519.jpg
2856.0,219.48022854328156,63.0,61.0,1.0327868852459017,0.7202536422758631,33.72784423828125,51.90629877369356,0.0,251.0,0.0,78.60187353629976,29.737138213887437,878,1,pathological,kidney_images\images\878.jpg
4048.0,291.32084834575653,76.0,86.0,0.8837209302325582,0.5803599048739594,20.874038696289062,35.988414423800684,0.0,251.0,0.0,61.52172582619339,39.29922190774214,1680,1,pathological,kidney_images\images\1680.jpg
5810.0,357.2203427553177,111.0,79.0,1.4050632911392404,0.5563984944257011,39.92085266113281,58.95583209213733,0.0,251.0,0.0,100.52446117003079,33.24032583150038,768,1,pathological,kidney_images\images\768.jpg
2421.0,200.99494755268097,58.0,59.0,0.9830508474576272,0.7260063754655934,14.673187255859375,25.166761416555875,0.0,252.0,0.0,31.694915254237287,17.32930858851214,1363,1,pathological,kidney_images\images\1363.jpg
2870.0,219.48022830486298,66.0,60.0,1.1,0.7239057811147603,34.459014892578125,53.492388590485476,0.0,251.0,0.0,76.39242424242424,26.69094620418249,879,1,pathological,kidney_images\images\879.jpg
3308.0,308.14927554130554,67.0,77.0,0.8701298701298701,0.4211685894650108,28.380905151367188,40.09903520383448,0.0,255.0,0.0,62.88738127544098,25.628390805857048,225,1,pathological,kidney_images\images\225.jpg
2486.0,247.52185821533203,62.0,66.0,0.9393939393939394,0.4878495472795511,27.0623779296875,45.44048415997685,0.0,251.0,0.0,68.70576735092864,31.343482829876674,701,1,pathological,kidney_images\images\701.jpg
3871.0,318.39191591739655,72.0,81.0,0.8888888888888888,0.4663420640762796,33.70509338378906,51.99859695593302,0.0,255.0,0.0,71.36882716049382,36.99277830752605,164,1,pathological,kidney_images\images\164.jpg
5986.0,320.3919154405594,87.0,89.0,0.9775280898876404,0.7154132405025805,24.46319580078125,36.85614198267915,0.0,245.0,2.0,58.44246416117784,37.17236332050939,7,1,pathological,kidney_images\images\7.jpg
442.0,99.25483298301697,31.0,25.0,1.24,0.3762950922680998,23.095993041992188,34.994694576393556,0.0,251.0,0.0,60.166451612903224,31.579853270245565,597,1,pathological,kidney_images\images\597.jpg
6815.0,392.1909054517746,90.0,103.0,0.8737864077669902,0.5428057639323921,28.641143798828125,45.47713632454849,0.0,251.0,0.0,74.40528586839267,37.62635575439443,1111,1,pathological,kidney_images\images\1111.jpg
0.0,0.0,0.0,0.0,0.0,0.0,13.28070068359375,24.581921762473865,0.0,252.0,0.0,0.0,0.0,1424,1,pathological,kidney_images\images\1424.jpg
2785.0,211.92387914657593,62.0,58.0,1.0689655172413792,0.753085799465826,19.946456909179688,34.71667663641588,0.0,251.0,0.0,64.26501668520578,26.171189437822232,1691,0,healthy,kidney_images\images\1691.jpg
3447.0,241.1370828151703,73.0,60.0,1.2166666666666666,0.722251253448645,20.412185668945312,33.052566421409686,0.0,251.0,0.0,44.02785388127854,28.668171625409705,351,1,pathological,kidney_images\images\351.jpg
3430.0,234.8944422006607,79.0,60.0,1.3166666666666667,0.7578485882248518,45.31341552734375,72.33118462490695,0.0,254.0,0.0,105.96856540084389,50.93451226125697,457,0,healthy,kidney_images\images\457.jpg
2415.0,218.16652023792267,58.0,58.0,1.0,0.6122579080974709,17.136917114257812,28.514838506580436,0.0,251.0,0.0,45.34007134363853,17.533278689060165,1434,0,healthy,kidney_images\images\1434.jpg
0.0,0.0,0.0,0.0,0.0,0.0,15.05950927734375,27.610703555567177,0.0,251.0,0.0,0.0,0.0,1612,1,pathological,kidney_images\images\1612.jpg
3124.0,233.13708341121674,71.0,65.0,1.0923076923076922,0.6989164994655108,24.747329711914062,42.37074299500956,0.0,251.0,0.0,65.81083423618635,35.17317583975033,1175,1,pathological,kidney_images\images\1175.jpg
3264.0,276.0071396827698,91.0,55.0,1.6545454545454545,0.5140866929724027,34.167388916015625,51.69974539653004,0.0,251.0,0.0,74.73486513486513,46.58198312711406,1232,1,pathological,kidney_images\images\1232.jpg
4960.0,287.6639943122864,88.0,75.0,1.1733333333333333,0.7344632044815457,28.16455078125,44.90140557489194,0.0,255.0,0.0,55.77590909090909,33.94064241446951,174,1,pathological,kidney_images\images\174.jpg
5468.0,285.0365775823593,90.0,79.0,1.139240506329114,0.8263294007580883,39.77268981933594,65.82774285306779,0.0,253.0,0.0,69.75668073136427,47.610930586844496,287,1,pathological,kidney_images\images\287.jpg
5704.0,320.3502858877182,96.0,82.0,1.170731707317073,0.6828437500707092,30.646865844726562,43.035175293052205,0.0,253.0,0.0,71.2333587398374,36.18345153013323,202,1,pathological,kidney_images\images\202.jpg
499.0,111.49747359752655,17.0,44.0,0.38636363636363635,0.4543698505630784,21.658065795898438,36.3734538682771,0.0,251.0,0.0,56.31951871657754,18.744005638121994,702,1,pathological,kidney_images\images\702.jpg
5095.0,304.9360718727112,94.0,72.0,1.3055555555555556,0.6704424246853405,43.51603698730469,66.34692951852212,0.0,251.0,0.0,95.86790780141844,38.878724859317785,577,1,pathological,kidney_images\images\577.jpg
2752.0,250.2081505060196,63.0,62.0,1.0161290322580645,0.5254043316853089,28.537429809570312,41.78553660912446,0.0,255.0,0.0,51.93855606758832,22.228778654600504,117,1,pathological,kidney_images\images\117.jpg
2583.0,202.50966596603394,56.0,61.0,0.9180327868852459,0.7642136640430736,17.355072021484375,28.345636165573058,0.0,251.0,0.0,41.226580796252925,22.137085053797602,1142,1,pathological,kidney_images\images\1142.jpg
6870.0,430.6761860847473,118.0,90.0,1.3111111111111111,0.454465794068667,28.031585693359375,45.74324271199866,0.0,255.0,0.0,71.90630885122411,37.97225890138882,1464,1,pathological,kidney_images\images\1464.jpg
1957.0,177.53910374641418,47.0,58.0,0.8103448275862069,0.761474185403845,13.344436645507812,25.67709311494887,0.0,251.0,0.0,40.86683785766691,23.28992569940405,1757,0,healthy,kidney_images\images\1757.jpg
3867.0,259.48022842407227,81.0,66.0,1.2272727272727273,0.699147958589965,23.050857543945312,36.62728749535051,0.0,251.0,0.0,66.55761316872427,31.947812017325337,994,1,pathological,kidney_images\images\994.jpg
2055.0,177.88224947452545,54.0,48.0,1.125,0.784353318445859,18.657501220703125,31.144802004518077,0.0,252.0,0.0,50.7974537037037,23.604677744413497,1737,0,healthy,kidney_images\images\1737.jpg
3726.0,272.4507911205292,82.0,62.0,1.3225806451612903,0.6133410769651809,22.779373168945312,28.067412004816163,0.0,251.0,4.0,45.998623131392606,21.197058782183117,1902,1,pathological,kidney_images\images\1902.jpg
4291.0,284.00713992118835,91.0,64.0,1.421875,0.6492724210724375,28.172195434570312,46.90976701793188,0.0,251.0,0.0,69.02335164835165,39.30474681616632,1069,1,pathological,kidney_images\images\1069.jpg
3975.0,282.79393672943115,86.0,61.0,1.4098360655737705,0.596951393303981,18.841552734375,31.842303016700523,0.0,255.0,0.0,54.99828440716737,27.986779272723975,1673,1,pathological,kidney_images\images\1673.jpg
4695.0,318.04876947402954,84.0,94.0,0.8936170212765957,0.5663592747503362,27.725997924804688,43.390802367711125,0.0,251.0,0.0,85.7716565349544,33.67687450589621,1380,0,healthy,kidney_images\images\1380.jpg
5534.0,309.4213533401489,97.0,76.0,1.2763157894736843,0.7086350493440766,29.935379028320312,53.30801731670779,0.0,251.0,0.0,50.049376017362995,49.16028744342912,847,1,pathological,kidney_images\images\847.jpg
4254.0,322.9777023792267,77.0,87.0,0.8850574712643678,0.49493489437660826,20.152847290039062,32.20002030287764,0.0,251.0,0.0,63.37707120465741,22.864821177744375,804,1,pathological,kidney_images\images\804.jpg
2901.0,248.30865561962128,74.0,53.0,1.3962264150943395,0.5690383819648643,20.87969970703125,35.76462102344774,0.0,251.0,0.0,45.81234064252932,44.50516039818936,276,1,pathological,kidney_images\images\276.jpg
9170.0,658.8843365907669,137.0,118.0,1.1610169491525424,0.24599924605511578,34.95640563964844,51.771953912890936,0.0,251.0,0.0,91.61134479772362,52.259386632820856,1162,1,pathological,kidney_images\images\1162.jpg
2048.0,222.26702570915222,50.0,52.0,0.9615384615384616,0.4498470245144267,33.599822998046875,47.947706817740496,0.0,254.0,0.0,58.70230769230769,15.361710468587475,79,1,pathological,kidney_images\images\79.jpg
3324.0,228.79393708705902,66.0,72.0,0.9166666666666666,0.7744354124612458,19.573776245117188,33.024974572183865,0.0,251.0,0.0,41.012205387205384,22.59597605452807,1597,0,healthy,kidney_images\images\1597.jpg
2894.0,229.7228683233261,62.0,64.0,0.96875,0.6654348125741892,11.979019165039062,24.881850376118038,0.0,251.0,0.0,48.12903225806452,29.53155747614239,1470,1,pathological,kidney_images\images\1470.jpg
4163.0,261.480229139328,75.0,71.0,1.056338028169014,0.7438157235138235,10.516571044921875,22.71346829315982,0.0,251.0,0.0,32.83117370892019,27.144610909705612,1689,1,pathological,kidney_images\images\1689.jpg
3586.0,326.4335445165634,71.0,73.0,0.9726027397260274,0.366228245256913,33.4647216796875,48.49193678011025,0.0,251.0,0.0,76.77387613351341,34.11557509950202,1073,1,pathological,kidney_images\images\1073.jpg
2389.0,288.83556711673737,51.0,78.0,0.6538461538461539,0.3415512016497077,22.42376708984375,37.04877765000912,0.0,251.0,0.0,69.91955756661639,24.60314605864943,672,1,pathological,kidney_images\images\672.jpg
3589.0,309.9066345691681,63.0,83.0,0.7590361445783133,0.4520600909339279,23.683486938476562,39.27463483820401,0.0,251.0,0.0,84.34786766112067,41.529990934404815,820,1,pathological,kidney_images\images\820.jpg
2412.0,306.87719774246216,69.0,60.0,1.15,0.3042394109496918,30.777877807617188,42.648501823067114,0.0,255.0,0.0,63.630434782608695,21.601812441949118,74,1,pathological,kidney_images\images\74.jpg
2688.0,198.12488996982574,63.0,53.0,1.1886792452830188,0.8293071006637077,16.835464477539062,29.106862671045576,0.0,251.0,0.0,44.289308176100626,25.28053163039476,1151,0,healthy,kidney_images\images\1151.jpg
3036.0,283.7644991874695,56.0,86.0,0.6511627906976745,0.46693381933924,29.055343627929688,45.035326551989954,0.0,255.0,0.0,68.33098006644518,27.716710367411295,62,1,pathological,kidney_images\images\62.jpg
4114.0,264.793937087059,75.0,73.0,1.0273972602739727,0.7165336322502892,32.88713073730469,50.83919231989725,0.0,251.0,0.0,78.70703196347031,36.488902620912434,1075,1,pathological,kidney_images\images\1075.jpg
4657.0,283.1370829343796,90.0,67.0,1.3432835820895523,0.710248654197633,30.565811157226562,49.56144555935188,0.0,255.0,0.0,73.6441127694859,39.12089580464338,22,1,pathological,kidney_images\images\22.jpg
2743.0,219.8233745098114,59.0,68.0,0.8676470588235294,0.6873204824638851,31.205825805664062,56.448508048562466,0.0,251.0,0.0,69.93270189431705,36.60448459547498,455,0,healthy,kidney_images\images\455.jpg
2017.0,289.07820761203766,60.0,66.0,0.9090909090909091,0.28511330897617765,24.218902587890625,35.53398796779354,0.0,255.0,0.0,56.067676767676765,17.489028758791147,64,1,pathological,kidney_images\images\64.jpg
4635.0,292.24978029727936,95.0,73.0,1.3013698630136987,0.66340954021281,41.867156982421875,66.97861258562162,0.0,254.0,0.0,109.46647440519106,54.778973799104186,545,1,pathological,kidney_images\images\545.jpg
4799.0,309.0782071352005,89.0,71.0,1.2535211267605635,0.6144449264613033,24.513076782226562,38.91996471556285,0.0,252.0,0.0,68.47317613546447,33.6389776937542,1330,1,pathological,kidney_images\images\1330.jpg
7.0,7.656854152679443,3.0,4.0,0.75,0.6430287180776717,20.504486083984375,32.49088398506433,0.0,251.0,0.0,21.5,5.251983752196243,964,0,healthy,kidney_images\images\964.jpg
1588.0,194.40916085243225,47.0,52.0,0.9038461538461539,0.4972363044329735,27.159515380859375,40.658273713319105,0.0,251.0,0.0,87.05482815057283,29.478380195450946,1906,0,healthy,kidney_images\images\1906.jpg
2276.0,318.1076453924179,65.0,48.0,1.3541666666666667,0.2648820356472474,20.464874267578125,33.10653900845676,0.0,251.0,0.0,58.81474358974359,27.98946070991168,1899,1,pathological,kidney_images\images\1899.jpg
2086.0,260.79393672943115,51.0,67.0,0.7611940298507462,0.3791335698924002,29.832138061523438,54.961182695184064,0.0,251.0,0.0,101.93386011120866,43.02689555174687,367,1,pathological,kidney_images\images\367.jpg
4545.0,369.11983716487885,91.0,75.0,1.2133333333333334,0.41729740631441103,46.856414794921875,66.8628159150339,0.0,251.0,0.0,132.81978021978023,34.08584794292679,1003,1,pathological,kidney_images\images\1003.jpg
5286.0,299.17871272563934,82.0,88.0,0.9318181818181818,0.7238011633328489,20.616378784179688,35.45115899025066,0.0,251.0,0.0,55.74750554323725,41.44566400398384,272,1,pathological,kidney_images\images\272.jpg
1622.0,290.93607211112976,41.0,88.0,0.4659090909090909,0.2084403671371379,31.225555419921875,54.73750752656988,0.0,251.0,0.0,104.59839246119734,51.69360384153298,1094,1,pathological,kidney_images\images\1094.jpg
2612.0,232.30865609645844,61.0,62.0,0.9838709677419355,0.5849230208149245,28.904312133789062,43.868817266689085,0.0,251.0,0.0,69.7067689053411,25.123122552942327,1078,1,pathological,kidney_images\images\1078.jpg
2803.0,218.40916097164154,62.0,66.0,0.9393939393939394,0.7132415388147725,16.887969970703125,28.760324094090894,0.0,251.0,0.0,38.207478005865106,24.160665236411404,1546,1,pathological,kidney_images\images\1546.jpg
3136.0,363.16146779060364,85.0,57.0,1.4912280701754386,0.284130579893326,35.86480712890625,52.04568795307349,0.0,251.0,0.0,124.4513931888545,34.00314986652564,1167,1,pathological,kidney_images\images\1167.jpg
1050.0,138.56854116916656,36.0,44.0,0.8181818181818182,0.6767076922135159,21.687515258789062,39.20549795267463,0.0,251.0,0.0,30.3604797979798,20.846892042954554,530,1,pathological,kidney_images\images\530.jpg
4041.0,369.46298360824585,67.0,93.0,0.7204301075268817,0.3580649190961652,37.81410217285156,59.95686241837108,0.0,254.0,0.0,106.92633606162735,53.39087910377245,1907,1,pathological,kidney_images\images\1907.jpg
3707.0,353.2792181968689,73.0,79.0,0.9240506329113924,0.3616679385577757,16.562896728515625,30.826844686534397,0.0,251.0,0.0,36.56164383561644,27.935674568195058,1710,1,pathological,kidney_images\images\1710.jpg
2261.0,296.0071394443512,49.0,82.0,0.5975609756097561,0.2794511506263582,33.695465087890625,52.44099119543387,0.0,254.0,0.0,88.06371329019413,34.49468722627665,84,1,pathological,kidney_images\images\84.jpg
4552.0,281.379723072052,84.0,73.0,1.1506849315068493,0.7027208479205828,30.890823364257812,50.36677818749751,0.0,251.0,0.0,75.96754729288976,37.68528598576607,1914,1,pathological,kidney_images\images\1914.jpg
3002.0,221.5807341337204,68.0,59.0,1.152542372881356,0.7441587515541309,22.856231689453125,35.27168708778453,0.0,252.0,0.0,50.64705882352941,22.286609878666557,1975,0,healthy,kidney_images\images\1975.jpg
4169.0,315.4213534593582,82.0,80.0,1.025,0.5091438242517969,22.702728271484375,35.982274365085225,0.0,251.0,0.0,67.40807926829268,32.416564033682135,806,1,pathological,kidney_images\images\806.jpg
5278.0,303.9066354036331,74.0,109.0,0.6788990825688074,0.6970338272243951,26.540618896484375,39.44960339181199,0.0,251.0,0.0,74.25068187453509,29.4811675721051,1833,0,healthy,kidney_images\images\1833.jpg
4912.0,287.6223636865616,86.0,79.0,1.0886075949367089,0.7268528608440442,19.443695068359375,37.2485138738361,0.0,251.0,0.0,49.99676184869002,38.87571799499322,507,1,pathological,kidney_images\images\507.jpg
4546.0,311.2792179584503,97.0,64.0,1.515625,0.571547936512538,21.665206909179688,35.96173081404736,0.0,251.0,0.0,51.92751288659794,32.016942852792944,1152,1,pathological,kidney_images\images\1152.jpg
2999.0,289.07820761203766,73.0,62.0,1.1774193548387097,0.43548952679061737,24.404617309570312,39.393722638810594,0.0,251.0,0.0,72.80181175430845,21.13187568435263,1947,1,pathological,kidney_images\images\1947.jpg
3527.0,292.5929262638092,78.0,64.0,1.21875,0.5006842599134058,26.328460693359375,45.8262163774122,0.0,251.0,0.0,63.10456730769231,35.66386042870516,1023,1,pathological,kidney_images\images\1023.jpg
4196.0,291.42135322093964,75.0,81.0,0.9259259259259259,0.6032645904003454,23.207901000976562,37.6292637735528,0.0,251.0,0.0,59.697119341563784,31.183114296301614,1973,1,pathological,kidney_images\images\1973.jpg
6753.0,376.0903993844986,117.0,87.0,1.3448275862068966,0.5856115397874668,33.10026550292969,58.23063215289356,0.0,252.0,0.0,73.16288436978093,69.53364640861268,694,1,pathological,kidney_images\images\694.jpg
4390.0,265.27921748161316,72.0,85.0,0.8470588235294118,0.7628420989843235,33.860626220703125,54.45208915575422,0.0,251.0,0.0,71.30277777777778,44.119441923970925,291,1,pathological,kidney_images\images\291.jpg
2780.0,234.30865585803986,63.0,63.0,1.0,0.6116030640775456,26.687301635742188,52.862268650766794,0.0,253.0,0.0,67.90526581002771,45.56364172453688,1806,1,pathological,kidney_images\images\1806.jpg
4497.0,317.07820773124695,91.0,67.0,1.3582089552238805,0.5429588185746617,25.182083129882812,39.27797449495321,0.0,251.0,0.0,58.67787436444153,39.24738775391651,1859,0,healthy,kidney_images\images\1859.jpg
2328.0,206.65180122852325,58.0,59.0,0.9830508474576272,0.6588485090701117,21.488052368164062,33.914364993441794,0.0,251.0,0.0,49.63179427235535,22.792075052710903,783,1,pathological,kidney_images\images\783.jpg
1735.0,245.86500442028046,44.0,60.0,0.7333333333333333,0.33188326396768353,24.231964111328125,39.534666215712186,0.0,251.0,0.0,100.10303030303031,39.71336684252267,1508,0,healthy,kidney_images\images\1508.jpg
1286.0,147.0538228750229,35.0,50.0,0.7,0.6444493232678388,23.864456176757812,40.71758735768095,0.0,251.0,0.0,42.07028571428572,30.07807321770788,1525,1,pathological,kidney_images\images\1525.jpg
4432.0,276.2081505060196,84.0,70.0,1.2,0.7100101116193109,33.06565856933594,51.13806380466098,0.0,252.0,0.0,100.753231292517,31.639054212531555,1338,1,pathological,kidney_images\images\1338.jpg
6264.0,345.6051186323166,103.0,98.0,1.0510204081632653,0.6435058687769937,32.30821228027344,57.45411741213401,0.0,253.0,0.0,81.02308301961561,63.29775875408789,611,1,pathological,kidney_images\images\611.jpg
3465.0,255.52185833454132,67.0,74.0,0.9054054054054054,0.6458192598731276,23.544921875,37.57562072403636,0.0,251.0,0.0,57.40701895925776,31.112985670255288,397,1,pathological,kidney_images\images\397.jpg
5635.0,347.8061294555664,97.0,82.0,1.1829268292682926,0.5702538035339395,38.597412109375,57.945441021261765,0.0,251.0,0.0,100.1367865225044,33.09692180357492,767,1,pathological,kidney_images\images\767.jpg
4150.0,256.4091604948044,83.0,65.0,1.2769230769230768,0.7713298562446009,22.7353515625,35.87196553917811,0.0,251.0,0.0,54.73901760889713,23.412497699416363,1739,0,healthy,kidney_images\images\1739.jpg
1682.0,201.33809292316437,46.0,53.0,0.8679245283018868,0.48917579736805383,13.116775512695312,25.230144078905496,0.0,251.0,0.0,39.64150943396226,27.105486817342356,277,1,pathological,kidney_images\images\277.jpg
2520.0,216.40916085243225,57.0,57.0,1.0,0.6508184570930449,17.431594848632812,32.53838097174797,0.0,251.0,0.0,50.59218220991074,31.9447749914533,968,0,healthy,kidney_images\images\968.jpg
3983.0,290.24978053569794,83.0,78.0,1.064102564102564,0.5754774191714016,34.84187316894531,51.17112569997235,0.0,254.0,0.0,78.01204819277109,34.949270487464496,158,1,pathological,kidney_images\images\158.jpg
2729.0,222.9949473142624,56.0,69.0,0.8115942028985508,0.6648760153244316,23.612823486328125,40.28347083872066,0.0,251.0,0.0,48.13768115942029,36.11815193183069,283,1,pathological,kidney_images\images\283.jpg
1676.0,228.0660150051117,56.0,49.0,1.1428571428571428,0.4026187847112372,39.400543212890625,59.16438149588701,0.0,251.0,0.0,135.72704081632654,37.43942899054786,1763,1,pathological,kidney_images\images\1763.jpg
4276.0,272.10764515399933,77.0,79.0,0.9746835443037974,0.7072156728241419,41.11976623535156,60.88316274255284,0.0,254.0,0.0,74.56879829031728,34.192504987540026,391,1,pathological,kidney_images\images\391.jpg
3190.0,283.5218584537506,68.0,69.0,0.9855072463768116,0.4764095782017817,27.113845825195312,43.09036900592245,0.0,251.0,0.0,73.89236999147485,26.292272611396157,659,0,healthy,kidney_images\images\659.jpg
2868.0,287.7644990682602,70.0,64.0,1.09375,0.41625670479109594,24.082015991210938,37.4458483859166,0.0,251.0,0.0,68.84330357142858,25.123685107327113,1056,0,healthy,kidney_images\images\1056.jpg
2876.0,231.48022854328156,68.0,58.0,1.1724137931034482,0.6507962570973859,19.8699951171875,34.248856431210655,0.0,251.0,0.0,46.25456389452333,20.532011430194792,1199,1,pathological,kidney_images\images\1199.jpg
6330.0,328.6934320926666,107.0,76.0,1.4078947368421053,0.7196859489318878,23.351806640625,35.999290617437254,0.0,251.0,0.0,62.447122479094936,33.66321120044662,807,1,pathological,kidney_images\images\807.jpg
2780.0,210.8944422006607,63.0,63.0,1.0,0.7598907241513896,23.468948364257812,43.4589146027851,0.0,251.0,0.0,67.3466868228773,37.73373769822155,536,1,pathological,kidney_images\images\536.jpg
1199.0,194.16652035713196,41.0,51.0,0.803921568627451,0.37131830508216707,14.109939575195312,27.63280501367161,0.0,252.0,0.0,61.75274988043998,26.419338196578423,1505,1,pathological,kidney_images\images\1505.jpg
4683.0,320.83556711673737,78.0,100.0,0.78,0.5545488201119839,32.95967102050781,54.75756064835589,0.0,251.0,0.0,74.73474358974359,52.41251585760788,651,1,pathological,kidney_images\images\651.jpg
1997.0,266.4507910013199,60.0,47.0,1.2765957446808511,0.3329389701768351,18.555831909179688,30.547540781348534,0.0,251.0,0.0,72.83723404255319,27.47388373319179,1224,1,pathological,kidney_images\images\1224.jpg
7614.0,555.1858525276184,134.0,110.0,1.2181818181818183,0.3014073153975622,40.03570556640625,60.052902353421345,0.0,255.0,0.0,77.15515603799186,57.76781425249057,32,0,healthy,kidney_images\images\32.jpg
4124.0,264.7939363718033,77.0,73.0,1.0547945205479452,0.7183258663266658,22.849349975585938,37.511297865230034,0.0,251.0,0.0,62.03931684753603,32.71467305267971,1382,0,healthy,kidney_images\images\1382.jpg
4793.0,311.8061292171478,89.0,78.0,1.141025641025641,0.592431038451887,31.031158447265625,44.043771017923625,0.0,251.0,0.0,75.48962834917891,31.066973390932066,1088,0,healthy,kidney_images\images\1088.jpg
342.0,80.42640590667725,23.0,21.0,1.0952380952380953,0.3477487457070859,13.599105834960938,26.427096381378416,0.0,251.0,0.0,23.530020703933747,15.919590565328221,1226,0,healthy,kidney_images\images\1226.jpg
2933.0,226.65180158615112,59.0,67.0,0.8805970149253731,0.6932523636248641,19.8782958984375,33.42153424873546,0.0,251.0,0.0,51.541360991651906,34.754036131676976,1731,1,pathological,kidney_images\images\1731.jpg
470.0,89.59797883033752,25.0,24.0,1.0416666666666667,0.38351249909385715,17.640533447265625,29.40699452528864,0.0,251.0,0.0,47.88333333333333,20.43484904655661,1789,1,pathological,kidney_images\images\1789.jpg
4235.0,251.48022842407227,78.0,70.0,1.1142857142857143,0.819446922079031,30.750823974609375,50.875518414605416,0.0,251.0,0.0,52.17765567765568,32.08210527308389,900,1,pathological,kidney_images\images\900.jpg
3822.0,237.72286975383759,78.0,62.0,1.2580645161290323,0.8268671169348183,18.034835815429688,31.129839165044675,0.0,252.0,0.0,52.28660049627791,23.690408988059666,664,1,pathological,kidney_images\images\664.jpg
4202.0,265.52185785770416,79.0,72.0,1.0972222222222223,0.7389009537957717,23.287063598632812,36.55687274582178,0.0,251.0,0.0,61.2767229254571,39.84603022691806,1904,1,pathological,kidney_images\images\1904.jpg
6669.0,345.1198375225067,102.0,101.0,1.00990099009901,0.68794056171002,34.88713073730469,53.82425349291505,0.0,251.0,0.0,71.9237041351194,41.818781967933006,1085,1,pathological,kidney_images\images\1085.jpg
2490.0,200.6518017053604,57.0,60.0,0.95,0.7503401744047398,32.8197021484375,49.31619378057355,0.0,251.0,0.0,99.98830409356725,27.13041673709749,843,1,pathological,kidney_images\images\843.jpg
5418.0,298.7350616455078,94.0,80.0,1.175,0.7448917103154274,25.032806396484375,39.82516789924733,0.0,251.0,0.0,51.72140957446808,37.454996671641474,1026,1,pathological,kidney_images\images\1026.jpg
3263.0,234.40916061401367,67.0,63.0,1.0634920634920635,0.7198242001626779,30.170303344726562,52.74640925249336,0.0,251.0,0.0,60.378583274105665,33.43596504266086,896,1,pathological,kidney_images\images\896.jpg
4599.0,291.32084834575653,90.0,75.0,1.2,0.6625386897202529,44.199920654296875,60.435629232725155,0.0,251.0,0.0,113.19214814814815,49.601973950941755,1228,1,pathological,kidney_images\images\1228.jpg
2698.0,234.89444196224213,65.0,63.0,1.0317460317460319,0.5906777813827468,18.179458618164062,29.814241789393822,0.0,251.0,0.0,44.79072039072039,23.551941129827682,1482,0,healthy,kidney_images\images\1482.jpg
3977.0,292.24978017807007,87.0,76.0,1.144736842105263,0.567627857225331,34.25611877441406,54.80543812497856,0.0,251.0,0.0,68.53735632183908,27.33588706933781,1125,1,pathological,kidney_images\images\1125.jpg
4060.0,287.76449942588806,90.0,65.0,1.3846153846153846,0.597145508305392,38.39930725097656,61.4594100772576,0.0,251.0,0.0,119.42222222222222,43.554290928789,1233,1,pathological,kidney_images\images\1233.jpg
217.0,73.35533821582794,23.0,12.0,1.9166666666666667,0.24404094994393333,17.37884521484375,29.331264199743302,0.0,251.0,0.0,39.95652173913044,12.666210650764,1635,1,pathological,kidney_images\images\1635.jpg
3326.0,281.2792181968689,75.0,63.0,1.1904761904761905,0.507781889966407,26.973785400390625,42.223336009964825,0.0,251.0,0.0,96.99767195767195,29.513003050817677,1168,1,pathological,kidney_images\images\1168.jpg
2839.0,216.9949470758438,62.0,56.0,1.1071428571428572,0.6949468678256894,23.379730224609375,37.52347329174686,0.0,251.0,0.0,63.84245391705069,27.462976870444802,1114,1,pathological,kidney_images\images\1114.jpg
4008.0,273.17871272563934,77.0,81.0,0.9506172839506173,0.65512108179185,21.187255859375,35.125300177890004,0.0,254.0,0.0,58.2344075677409,35.849697139788844,139,1,pathological,kidney_images\images\139.jpg
3802.0,263.279217839241,86.0,61.0,1.4098360655737705,0.6680580446687614,27.091827392578125,42.45802790577939,0.0,251.0,0.0,83.64506290507053,41.79979037776498,1129,1,pathological,kidney_images\images\1129.jpg
3357.0,249.48022842407227,77.0,62.0,1.2419354838709677,0.6464857039611378,30.2818603515625,51.41194513291283,0.0,255.0,0.0,57.75136154168412,57.82021792405751,184,1,pathological,kidney_images\images\184.jpg
4285.0,276.7939374446869,102.0,55.0,1.8545454545454545,0.6828151172290804,32.67506408691406,46.577237123865736,0.0,254.0,0.0,82.91497326203209,31.677734557738106,9,1,pathological,kidney_images\images\9.jpg
1576.0,226.40916073322296,64.0,44.0,1.4545454545454546,0.37200653921703175,23.554580688476562,36.208227625155665,0.0,251.0,0.0,46.77379261363637,18.887966891291832,966,1,pathological,kidney_images\images\966.jpg
1276.0,187.68123924732208,43.0,40.0,1.075,0.37994238711388445,35.47340393066406,52.69216100354316,0.0,251.0,0.0,99.06511627906977,28.765134610714508,1935,0,healthy,kidney_images\images\1935.jpg
1629.0,210.89444243907928,50.0,54.0,0.9259259259259259,0.4321445844810076,48.22230529785156,69.44774812150854,0.0,252.0,0.0,121.91962962962963,41.261611428064754,758,1,pathological,kidney_images\images\758.jpg
0.0,0.0,0.0,0.0,0.0,0.0,10.651473999023438,23.121772604447102,0.0,251.0,0.0,0.0,0.0,1758,0,healthy,kidney_images\images\1758.jpg
4056.0,365.98989498615265,80.0,89.0,0.898876404494382,0.36719139578799903,23.177688598632812,36.79250111185195,0.0,251.0,0.0,72.39480337078652,32.988398555964785,309,1,pathological,kidney_images\images\309.jpg
3536.0,297.07820761203766,61.0,92.0,0.6630434782608695,0.4852525878393482,28.084716796875,44.4461446306338,0.0,254.0,0.0,71.46685673556664,34.10424053201143,179,1,pathological,kidney_images\images\179.jpg
3978.0,246.06601464748383,70.0,73.0,0.958904109589041,0.8030848706634788,23.671676635742188,39.79787732816981,0.0,251.0,0.0,55.050489236790604,29.409228731714588,1319,1,pathological,kidney_images\images\1319.jpg
5484.0,366.04876959323883,76.0,111.0,0.6846846846846847,0.5002475526185863,33.241729736328125,51.72982830118917,0.0,251.0,0.0,105.47629208155524,39.95244663035767,746,1,pathological,kidney_images\images\746.jpg
3603.0,252.16652047634125,77.0,57.0,1.3508771929824561,0.6897003386870754,27.002517700195312,41.7303988346444,0.0,251.0,0.0,68.31237183868762,26.464852380674806,416,1,pathological,kidney_images\images\416.jpg
3684.0,241.4802280664444,74.0,65.0,1.1384615384615384,0.7710579965666386,18.386154174804688,30.319496865916236,0.0,251.0,0.0,49.58212058212058,24.831465445446675,1405,1,pathological,kidney_images\images\1405.jpg
6489.0,326.14927554130554,94.0,99.0,0.9494949494949495,0.7498592224701678,31.966812133789062,58.49192099792458,0.0,251.0,0.0,65.21287341500107,51.90443956469762,292,1,pathological,kidney_images\images\292.jpg
3766.0,359.8477590084076,66.0,91.0,0.7252747252747253,0.3502346750243566,23.29083251953125,36.832365517298506,0.0,251.0,0.0,73.26889776889777,26.138386326960347,5,1,pathological,kidney_images\images\5.jpg
722.0,146.71067655086517,39.0,29.0,1.3448275862068966,0.37890568482350767,33.99000549316406,53.50895322998772,0.0,255.0,0.0,92.42351900972591,49.18253173032443,571,1,pathological,kidney_images\images\571.jpg
4410.0,305.0365778207779,84.0,75.0,1.12,0.5772864255013774,23.578353881835938,39.324991815316,0.0,251.0,0.0,54.0484126984127,40.2965716650519,1449,0,healthy,kidney_images\images\1449.jpg
1176.0,206.9949470758438,44.0,48.0,0.9166666666666666,0.303843626745597,28.831161499023438,45.46124038641842,0.0,255.0,0.0,52.1875,24.600267825439083,177,1,pathological,kidney_images\images\177.jpg
2443.0,232.65180122852325,62.0,55.0,1.1272727272727272,0.5439629421506,27.098464965820312,41.54452435336317,0.0,251.0,0.0,67.33401759530791,21.975182976488053,1706,1,pathological,kidney_images\images\1706.jpg
4578.0,268.793937087059,93.0,64.0,1.453125,0.7757214232982945,28.855789184570312,48.466940722633,0.0,251.0,0.0,51.505376344086024,33.22970575781312,543,1,pathological,kidney_images\images\543.jpg
5642.0,383.01933205127716,99.0,79.0,1.2531645569620253,0.4709482748825864,39.023162841796875,55.234152453638885,0.0,251.0,0.0,94.99936069556323,35.27092250388178,645,1,pathological,kidney_images\images\645.jpg
3078.0,268.6934313774109,69.0,62.0,1.1129032258064515,0.5142564638688341,27.394943237304688,50.53273606291615,0.0,251.0,0.0,49.73842917251052,49.162952139564894,1298,1,pathological,kidney_images\images\1298.jpg
2476.0,210.26702535152435,54.0,59.0,0.9152542372881356,0.6771742443175216,16.791976928710938,30.51730131661189,0.0,251.0,0.0,30.455116133082235,22.81348596219661,1752,1,pathological,kidney_images\images\1752.jpg
80.0,29.313708305358887,11.0,8.0,1.375,0.4240981109499816,28.092636108398438,44.44243002904299,0.0,251.0,0.0,115.72727272727273,41.32238202473748,1502,1,pathological,kidney_images\images\1502.jpg
1826.0,177.78174436092377,49.0,50.0,0.98,0.6892224001061781,22.421844482421875,36.24550578439532,0.0,251.0,0.0,68.70775510204082,23.530950115279666,1080,0,healthy,kidney_images\images\1080.jpg
3452.0,235.8233743906021,80.0,59.0,1.3559322033898304,0.7565220915462825,46.00587463378906,72.81030110202663,0.0,254.0,0.0,104.35932203389831,50.39353727950006,458,0,healthy,kidney_images\images\458.jpg
4641.0,261.0365779399872,90.0,67.0,1.3432835820895523,0.8349598417440597,26.267349243164062,44.7089288338806,0.0,251.0,0.0,68.30729684908789,41.72424991935874,344,0,healthy,kidney_images\images\344.jpg
1692.0,247.27921843528748,55.0,47.0,1.1702127659574468,0.3228574484905412,20.345474243164062,39.940610497433084,0.0,251.0,0.0,94.30909090909091,50.38503214987714,1512,1,pathological,kidney_images\images\1512.jpg
4217.0,263.7228697538376,88.0,67.0,1.3134328358208955,0.7379945905676977,21.624114990234375,33.37705191799865,0.0,251.0,0.0,55.167062415196746,23.340833578311482,1144,1,pathological,kidney_images\images\1144.jpg
5633.0,348.2914100885391,101.0,85.0,1.188235294117647,0.5710484266795418,31.5843505859375,47.03543568342727,0.0,251.0,0.0,73.98730343622597,34.60285978343615,1868,1,pathological,kidney_images\images\1868.jpg
4217.0,275.2792181968689,77.0,76.0,1.013157894736842,0.6745963015693138,26.851364135742188,42.77554452894808,0.0,251.0,0.0,65.93865345181135,31.96610735199767,398,1,pathological,kidney_images\images\398.jpg
2226.0,242.55129611492157,54.0,66.0,0.8181818181818182,0.4610571035460816,22.9019775390625,35.83314040336772,0.0,251.0,0.0,64.29096520763187,27.266719297034186,724,1,pathological,kidney_images\images\724.jpg
467.0,148.36753070354462,24.0,38.0,0.631578947368421,0.23119963800309196,22.496063232421875,37.137570905139754,0.0,251.0,0.0,39.33991228070175,13.129108679919876,1019,1,pathological,kidney_images\images\1019.jpg
5137.0,327.11983692646027,86.0,90.0,0.9555555555555556,0.5894630141729291,25.844573974609375,42.915211111023986,0.0,251.0,0.0,65.42622739018088,32.50031777988109,1195,1,pathological,kidney_images\images\1195.jpg
7759.0,547.872144818306,110.0,108.0,1.0185185185185186,0.3159553934119446,31.851760864257812,47.2965641341312,0.0,255.0,0.0,74.95462962962964,44.750342384720305,201,1,pathological,kidney_images\images\201.jpg
4466.0,305.5634888410568,77.0,83.0,0.927710843373494,0.5834397920361999,30.780303955078125,47.71688138690936,0.0,255.0,0.0,69.57784384290409,34.53626673097964,379,1,pathological,kidney_images\images\379.jpg
3810.0,288.2081503868103,75.0,74.0,1.0135135135135136,0.5555960531194036,16.878570556640625,29.496724005527362,0.0,251.0,0.0,65.38576576576577,30.585661939959625,1776,0,healthy,kidney_images\images\1776.jpg
4040.0,306.8355667591095,82.0,72.0,1.1388888888888888,0.5214183296299738,22.491119384765625,34.37382029924447,0.0,251.0,0.0,62.58316395663957,27.816091631913626,805,1,pathological,kidney_images\images\805.jpg
2795.0,274.79393696784973,64.0,65.0,0.9846153846153847,0.4508214552243636,32.34999084472656,51.88805153667717,0.0,251.0,0.0,69.68293269230769,21.80133634434632,551,1,pathological,kidney_images\images\551.jpg
4270.0,334.5929261445999,74.0,88.0,0.8409090909090909,0.463357335296631,23.866714477539062,42.38634071413268,0.0,252.0,0.0,51.292690417690416,33.745966480385675,1344,1,pathological,kidney_images\images\1344.jpg
1526.0,216.0660150051117,53.0,46.0,1.1521739130434783,0.3818266875617115,23.40081787109375,37.81457237754662,0.0,251.0,0.0,65.85890073831008,32.87272209629893,1256,1,pathological,kidney_images\images\1256.jpg
2721.0,207.6812390089035,60.0,61.0,0.9836065573770492,0.7729521006854309,18.749969482421875,30.059108994918738,0.0,251.0,0.0,45.8,19.94692136975397,826,1,pathological,kidney_images\images\826.jpg
3334.0,242.0660148859024,64.0,70.0,0.9142857142857143,0.6921631496292705,14.832565307617188,27.860307658844444,0.0,251.0,0.0,34.71763392857143,24.631325361103958,1741,1,pathological,kidney_images\images\1741.jpg
2738.0,259.86500453948975,58.0,76.0,0.7631578947368421,0.4894998626540485,22.370513916015625,37.96616165566148,0.0,251.0,0.0,54.40358439201452,22.404906041720878,970,1,pathological,kidney_images\images\970.jpg
2698.0,213.9238796234131,60.0,56.0,1.0714285714285714,0.7149059534839028,15.134963989257812,26.9308074620232,0.0,251.0,0.0,42.98511904761905,22.142673570347608,1300,0,healthy,kidney_images\images\1300.jpg
6343.0,358.14927542209625,105.0,88.0,1.1931818181818181,0.605977531326756,28.045120239257812,44.06006711123607,0.0,251.0,0.0,67.70411255411256,37.34837896961965,508,1,pathological,kidney_images\images\508.jpg
3528.0,247.62236428260803,76.0,68.0,1.1176470588235294,0.701105229360957,35.136505126953125,53.195620114883106,0.0,251.0,0.0,99.5750773993808,40.37577667008123,393,1,pathological,kidney_images\images\393.jpg
3117.0,263.48022854328156,78.0,59.0,1.3220338983050848,0.5430440452319166,17.798873901367188,36.92574962909187,0.0,251.0,0.0,52.27553237722729,31.204261181677147,1552,1,pathological,kidney_images\images\1552.jpg
4588.0,368.4924212694168,84.0,87.0,0.9655172413793104,0.4097427835526132,34.56675720214844,52.32499575658973,0.0,251.0,0.0,108.32758620689656,42.163091612013844,254,1,pathological,kidney_images\images\254.jpg
4501.0,269.03657746315,83.0,77.0,1.077922077922078,0.7594787482319318,22.406585693359375,37.830650045291925,0.0,252.0,0.0,70.43576905022688,28.7173552752762,1357,0,healthy,kidney_images\images\1357.jpg
1655.0,163.74011433124542,50.0,41.0,1.2195121951219512,0.7405540687453579,15.240463256835938,26.32635134614047,0.0,252.0,0.0,34.65073170731707,26.086403559787932,1332,1,pathological,kidney_images\images\1332.jpg
1819.0,178.85281229019165,48.0,47.0,1.0212765957446808,0.5374083556673068,17.86627197265625,32.70398117411653,0.0,251.0,0.0,37.499556737588655,39.78649802804255,1629,1,pathological,kidney_images\images\1629.jpg
1561.0,274.10764503479004,51.0,55.0,0.9272727272727272,0.24552381446760616,15.281036376953125,25.5936706681872,0.0,251.0,0.0,53.314795008912654,22.018814155844915,810,1,pathological,kidney_images\images\810.jpg
601.0,145.88224947452545,32.0,37.0,0.8648648648648649,0.2946493631760925,17.717529296875,30.390059869410084,0.0,251.0,0.0,33.214527027027025,15.106869022672715,1466,0,healthy,kidney_images\images\1466.jpg
7301.0,367.90663492679596,110.0,92.0,1.1956521739130435,0.6613913864659076,36.60374450683594,58.55345784455316,0.0,251.0,0.0,77.86581027667984,55.12513950073834,403,1,pathological,kidney_images\images\403.jpg
1495.0,227.48022830486298,45.0,51.0,0.8823529411764706,0.3207933602635634,18.350509643554688,31.380679267591375,0.0,251.0,0.0,44.463616557734206,20.28039516082258,1276,1,pathological,kidney_images\images\1276.jpg
6331.0,322.5929260253906,89.0,91.0,0.978021978021978,0.7473441980222223,26.851699829101562,49.32849645591586,0.0,251.0,0.0,55.425978515866156,49.35656165403406,1370,1,pathological,kidney_images\images\1370.jpg
4255.0,281.72286903858185,88.0,67.0,1.3134328358208955,0.6538274191466744,24.689453125,41.20153027812828,0.0,253.0,0.0,69.90128900949796,42.01676054371774,1275,1,pathological,kidney_images\images\1275.jpg
943.0,221.8233743906021,32.0,57.0,0.5614035087719298,0.19536946360629096,23.052078247070312,35.694255184326224,0.0,251.0,0.0,69.0657894736842,23.69578420920084,1725,1,pathological,kidney_images\images\1725.jpg
3572.0,272.2081503868103,74.0,67.0,1.1044776119402986,0.5851802317198749,25.22320556640625,38.419226186243456,0.0,251.0,0.0,77.28317870108914,29.207325337818993,747,1,pathological,kidney_images\images\747.jpg
2677.0,212.0660150051117,61.0,59.0,1.0338983050847457,0.7191042998491822,17.716476440429688,31.243668022740096,0.0,251.0,0.0,53.51653237010281,25.300762477014498,1848,0,healthy,kidney_images\images\1848.jpg
5713.0,338.97770285606384,107.0,81.0,1.3209876543209877,0.6094213664243443,28.240432739257812,46.84308101103814,0.0,251.0,0.0,76.08457367024346,48.491180652496,723,1,pathological,kidney_images\images\723.jpg
3986.0,273.62236416339874,78.0,73.0,1.0684931506849316,0.6488861906142414,30.528717041015625,46.56299416987676,0.0,254.0,0.0,57.233930453108535,28.741384086829136,173,0,healthy,kidney_images\images\173.jpg
2844.0,224.8944422006607,69.0,55.0,1.2545454545454546,0.6816436335044708,30.497955322265625,48.064401612443504,0.0,251.0,0.0,63.7098814229249,25.995578723336205,876,1,pathological,kidney_images\images\876.jpg
1134.0,171.6812390089035,37.0,50.0,0.74,0.4553396180522689,25.4735107421875,39.01165284681879,0.0,251.0,0.0,60.31027027027027,24.783864681998296,1950,1,pathological,kidney_images\images\1950.jpg
4603.0,356.2914100885391,75.0,96.0,0.78125,0.4388800834911583,36.136077880859375,60.063887909121895,0.0,251.0,0.0,86.41541666666667,57.72806761103447,627,1,pathological,kidney_images\images\627.jpg
3627.0,271.03657722473145,80.0,61.0,1.3114754098360655,0.6080405933764419,22.7259521484375,33.72265106924922,0.0,251.0,0.0,67.29610655737704,19.22799533267147,1780,1,pathological,kidney_images\images\1780.jpg
3209.0,276.4507911205292,60.0,84.0,0.7142857142857143,0.5051209730761418,37.053802490234375,58.07764424294104,0.0,255.0,0.0,82.52738095238095,44.51669523948686,190,1,pathological,kidney_images\images\190.jpg
1750.0,216.55129635334015,53.0,50.0,1.06,0.44764606185997297,13.982818603515625,26.59966628180739,0.0,251.0,0.0,38.31698113207547,18.329661865238638,1527,1,pathological,kidney_images\images\1527.jpg
4453.0,273.62236392498016,82.0,72.0,1.1388888888888888,0.7281087169658571,20.0482177734375,34.42804492830499,0.0,251.0,0.0,51.633468834688344,30.56777762429901,319,1,pathological,kidney_images\images\319.jpg
3090.0,227.23758840560913,63.0,66.0,0.9545454545454546,0.7277686230930633,17.717361450195312,32.10374791167741,0.0,251.0,0.0,38.57888407888408,32.4348965942677,1668,1,pathological,kidney_images\images\1668.jpg
2746.0,295.0782072544098,72.0,60.0,1.2,0.37625009885547933,40.733917236328125,59.15166803283228,0.0,251.0,0.0,122.37060185185184,41.52619004704091,737,1,pathological,kidney_images\images\737.jpg
4490.0,327.9066343307495,97.0,71.0,1.3661971830985915,0.5080413917464519,38.77479553222656,60.87518538708167,0.0,253.0,0.0,88.67329751706113,45.287108104925885,773,1,pathological,kidney_images\images\773.jpg
5605.0,319.22034311294556,105.0,74.0,1.4189189189189189,0.6743063504870146,33.35694885253906,53.41045792368061,0.0,251.0,0.0,71.03809523809524,41.441538614720955,669,1,pathological,kidney_images\images\669.jpg
285.0,97.25483322143555,24.0,19.0,1.263157894736842,0.3215161873001348,15.157516479492188,29.98167545346932,0.0,251.0,0.0,59.13157894736842,23.12305493304788,1852,0,healthy,kidney_images\images\1852.jpg
5030.0,369.46298348903656,87.0,87.0,1.0,0.4671552726895542,26.462356567382812,39.67986730200585,0.0,251.0,0.0,82.26793499801823,35.736500301534306,932,1,pathological,kidney_images\images\932.jpg
3981.0,257.96550953388214,72.0,77.0,0.935064935064935,0.7304206481359977,12.274658203125,25.271213844031177,0.0,251.0,0.0,40.09758297258297,29.64665714498456,1664,1,pathological,kidney_images\images\1664.jpg
5063.0,321.56348848342896,85.0,94.0,0.9042553191489362,0.5984039414023016,21.870651245117188,37.31689233239891,0.0,252.0,0.0,58.367334167709636,33.42294834574554,1872,1,pathological,kidney_images\images\1872.jpg
4479.0,288.35028541088104,87.0,72.0,1.2083333333333333,0.65827461973307,24.361007690429688,39.146152210602935,0.0,255.0,0.0,58.54198595146871,31.822837725588297,622,1,pathological,kidney_images\images\622.jpg
4027.0,279.7228692770004,79.0,66.0,1.196969696969697,0.6269141883586231,20.841690063476562,31.7044982545134,0.0,251.0,0.0,54.473532796317606,21.29113878181178,1143,1,pathological,kidney_images\images\1143.jpg
10081.0,663.5706287622452,150.0,104.0,1.4423076923076923,0.27164647170657397,40.31999206542969,37.45652192400533,0.0,225.0,42.0,65.46134615384615,30.288197637637467,3,1,pathological,kidney_images\images\3.jpg
164.0,60.870057225227356,16.0,21.0,0.7619047619047619,0.4595594903625795,17.703750610351562,31.78299886251517,0.0,255.0,0.0,50.00892857142857,24.37034285267244,247,1,pathological,kidney_images\images\247.jpg
2798.0,261.7644991874695,73.0,63.0,1.1587301587301588,0.5098391325917762,41.73374938964844,61.18067979132545,0.0,253.0,0.0,89.52163513807349,39.31608076665492,133,0,healthy,kidney_images\images\133.jpg
5605.0,289.86500442028046,93.0,78.0,1.1923076923076923,0.8192202491803278,19.882339477539062,34.05695144560146,0.0,251.0,0.0,59.345188861317894,41.36299538533458,931,0,healthy,kidney_images\images\931.jpg
724.0,133.98275470733643,26.0,37.0,0.7027027027027027,0.4651650148100113,10.404571533203125,22.718698011879784,0.0,251.0,0.0,34.99376299376299,17.970117334756306,1693,1,pathological,kidney_images\images\1693.jpg
5394.0,318.49242103099823,88.0,81.0,1.0864197530864197,0.6513147912950492,37.85194396972656,59.64362271982897,0.0,251.0,0.0,96.12317620650954,51.911073182705195,1092,1,pathological,kidney_images\images\1092.jpg
3237.0,251.13708329200745,70.0,68.0,1.0294117647058822,0.6230401769334807,23.751419067382812,37.64276035772404,0.0,251.0,0.0,55.63025210084034,26.603465543572362,633,1,pathological,kidney_images\images\633.jpg
2674.0,242.8944422006607,69.0,56.0,1.2321428571428572,0.5496403053913276,28.239639282226562,41.528630956284616,0.0,251.0,0.0,72.56340579710145,31.11217626261447,687,1,pathological,kidney_images\images\687.jpg
3497.0,388.1909053325653,75.0,73.0,1.0273972602739727,0.277441837500489,30.89349365234375,49.956787751835016,0.0,251.0,0.0,74.16073059360731,25.729007693829846,485,1,pathological,kidney_images\images\485.jpg
5468.0,285.0365775823593,90.0,79.0,1.139240506329114,0.8263294007580883,39.77915954589844,65.8382999782057,0.0,253.0,0.0,69.75668073136427,47.610930586844496,286,1,pathological,kidney_images\images\286.jpg
1797.0,202.85281205177307,45.0,53.0,0.8490566037735849,0.5136576854320839,14.619873046875,26.000980733521892,0.0,252.0,0.0,29.99538784067086,16.375839303678273,1361,1,pathological,kidney_images\images\1361.jpg
3101.0,229.2792181968689,66.0,67.0,0.9850746268656716,0.7180925283574543,22.536331176757812,36.26505603437633,0.0,251.0,0.0,62.83378561736771,24.349078407073332,1316,1,pathological,kidney_images\images\1316.jpg
5884.0,344.83556735515594,98.0,84.0,1.1666666666666667,0.6056950898619534,17.688568115234375,31.605237655972882,0.0,251.0,0.0,45.24599125364431,23.505584359416996,1149,1,pathological,kidney_images\images\1149.jpg
1746.0,201.68123960494995,53.0,45.0,1.1777777777777778,0.44117111247569546,22.395187377929688,35.399859110686336,0.0,251.0,0.0,52.35513626834381,23.73911490228973,400,1,pathological,kidney_images\images\400.jpg
1880.0,190.02438521385193,55.0,47.0,1.1702127659574468,0.6260692234577602,18.325729370117188,31.158371442498918,0.0,251.0,0.0,43.76866537717601,36.03944573245184,271,1,pathological,kidney_images\images\271.jpg
2585.0,204.9949473142624,56.0,62.0,0.9032258064516129,0.7392171208295856,20.126174926757812,34.086908376761144,0.0,251.0,0.0,54.980990783410135,25.812581916450423,1468,0,healthy,kidney_images\images\1468.jpg
3038.0,227.5807340145111,65.0,62.0,1.0483870967741935,0.7127163990181333,18.270736694335938,32.39583181221661,0.0,255.0,0.0,42.98238213399504,23.251413410606816,929,1,pathological,kidney_images\images\929.jpg
5327.0,505.93102073669434,119.0,95.0,1.2526315789473683,0.2510660387516781,39.217010498046875,72.81636671565224,0.0,255.0,0.0,63.9422379478107,69.04444227749246,637,1,pathological,kidney_images\images\637.jpg
1915.0,172.95331728458405,52.0,50.0,1.04,0.7723527649686579,28.777877807617188,45.811048717081334,0.0,251.0,0.0,78.44384615384615,34.65996250130279,882,1,pathological,kidney_images\images\882.jpg
4256.0,261.13708305358887,83.0,63.0,1.3174603174603174,0.7630939268645658,18.896499633789062,31.232369772166297,0.0,251.0,0.0,42.25396825396825,23.05081289605652,1433,0,healthy,kidney_images\images\1433.jpg
4333.0,332.24978041648865,87.0,79.0,1.1012658227848102,0.4726479773158549,30.357864379882812,55.94850734143875,0.0,251.0,0.0,80.19962170813328,63.840304496850656,482,0,healthy,kidney_images\images\482.jpg
3447.0,241.1370828151703,73.0,60.0,1.2166666666666666,0.722251253448645,20.4560546875,33.129242117975814,0.0,251.0,0.0,44.02785388127854,28.668171625409705,350,1,pathological,kidney_images\images\350.jpg
5523.0,406.776692032814,98.0,101.0,0.9702970297029703,0.4162151896449857,20.163833618164062,34.24151370723192,0.0,251.0,0.0,64.5105071731663,33.703525071845796,991,0,healthy,kidney_images\images\991.jpg
5694.0,321.9066346883774,93.0,88.0,1.0568181818181819,0.6735283547694465,23.233810424804688,37.28914276972162,0.0,251.0,0.0,56.792399804496576,34.907646425843026,1718,1,pathological,kidney_images\images\1718.jpg
503.0,106.08326017856598,30.0,23.0,1.3043478260869565,0.5058413755528788,18.118682861328125,30.156166229215078,0.0,251.0,0.0,30.13478260869565,15.337009572726375,1562,0,healthy,kidney_images\images\1562.jpg
4351.0,318.24978053569794,89.0,72.0,1.2361111111111112,0.5235836656446279,48.980621337890625,71.95736379143665,0.0,254.0,0.0,77.51794631710362,55.25014325424954,118,1,pathological,kidney_images\images\118.jpg
3910.0,252.45079004764557,70.0,77.0,0.9090909090909091,0.7494700204162874,18.798660278320312,32.908995093196225,0.0,252.0,0.0,51.69183673469388,26.163901617158373,1360,0,healthy,kidney_images\images\1360.jpg
2492.0,232.0660148859024,57.0,60.0,0.95,0.5577961637990175,14.453765869140625,25.540431237275598,0.0,251.0,0.0,40.035964912280704,22.85913241125437,1889,1,pathological,kidney_images\images\1889.jpg
3873.0,324.14927554130554,69.0,100.0,0.69,0.44651485207446995,15.230178833007812,27.26905667435045,0.0,251.0,0.0,33.81246376811594,23.507610017023325,1474,1,pathological,kidney_images\images\1474.jpg
4385.0,298.93607246875763,80.0,77.0,1.0389610389610389,0.5982059122539011,31.672775268554688,53.87820767237739,0.0,255.0,0.0,49.928084415584415,38.41226962858155,15,1,pathological,kidney_images\images\15.jpg
3894.0,257.1370828151703,82.0,66.0,1.2424242424242424,0.7185998400733516,21.092620849609375,31.942937946586373,0.0,255.0,0.0,56.19937176644494,29.64011745587772,384,1,pathological,kidney_images\images\384.jpg
0.0,0.0,0.0,0.0,0.0,0.0,11.1536865234375,22.059749985377383,0.0,251.0,0.0,0.0,0.0,953,1,pathological,kidney_images\images\953.jpg
4321.0,324.5340505838394,67.0,93.0,0.7204301075268817,0.4786854728401308,38.703857421875,61.455290689044695,0.0,253.0,0.0,98.24522548547584,44.21496868912267,429,1,pathological,kidney_images\images\429.jpg
3914.0,316.3502858877182,69.0,87.0,0.7931034482758621,0.47106230438403474,25.392623901367188,41.904749881828415,0.0,251.0,0.0,49.65333999666833,23.175742546196027,884,1,pathological,kidney_images\images\884.jpg
5585.0,305.90663492679596,104.0,79.0,1.3164556962025316,0.7328009513387811,28.11590576171875,41.07294275906654,0.0,254.0,0.0,67.54819863680623,22.553908462185028,195,0,healthy,kidney_images\images\195.jpg
6890.0,420.5756815671921,100.0,108.0,0.9259259259259259,0.47531347244960154,19.576126098632812,35.427220104031996,0.0,251.0,0.0,48.54666666666667,39.94768393601626,1600,1,pathological,kidney_images\images\1600.jpg
1655.0,167.4385987520218,42.0,51.0,0.8235294117647058,0.7093203521452824,16.941116333007812,30.831968587591394,0.0,251.0,0.0,80.48552754435107,26.4918556918727,753,1,pathological,kidney_images\images\753.jpg
4129.0,264.3086556196213,78.0,72.0,1.0833333333333333,0.7216855620748702,29.068130493164062,42.0291982243,0.0,251.0,0.0,68.77350427350427,30.468989353463822,1099,0,healthy,kidney_images\images\1099.jpg
6911.0,355.07820773124695,117.0,85.0,1.3764705882352941,0.6728680914604525,30.429656982421875,48.384717290582216,0.0,251.0,0.0,70.79366515837104,41.483887003698726,509,1,pathological,kidney_images\images\509.jpg
5398.0,359.1198377609253,99.0,87.0,1.1379310344827587,0.5110167803601783,30.80279541015625,48.48283748416299,0.0,251.0,0.0,75.52467200743062,43.052442791084765,1312,1,pathological,kidney_images\images\1312.jpg
3519.0,284.79393684864044,67.0,79.0,0.8481012658227848,0.525228258403029,14.191757202148438,27.14406810253239,0.0,251.0,0.0,41.05365577177404,32.30360521421388,956,1,pathological,kidney_images\images\956.jpg
2805.0,235.3797229528427,62.0,62.0,1.0,0.6188647230718913,21.249603271484375,36.029483375812625,0.0,251.0,0.0,59.00390218522372,21.726740056258375,972,0,healthy,kidney_images\images\972.jpg
4428.0,271.27921772003174,83.0,75.0,1.1066666666666667,0.7356182748820747,30.718917846679688,48.32751045090834,0.0,251.0,0.0,81.48995983935743,31.737992695185884,690,1,pathological,kidney_images\images\690.jpg
3286.0,246.79393649101257,75.0,61.0,1.2295081967213115,0.6523831856120139,26.898818969726562,42.361287028865,0.0,252.0,0.0,71.86688524590164,24.36501986517859,1340,1,pathological,kidney_images\images\1340.jpg
0.0,0.0,0.0,0.0,0.0,0.0,10.3729248046875,22.39894560572555,0.0,251.0,0.0,0.0,0.0,1540,1,pathological,kidney_images\images\1540.jpg
3007.0,257.1787129640579,64.0,68.0,0.9411764705882353,0.5453777024977795,20.80938720703125,34.66548403617603,0.0,251.0,0.0,66.1029411764706,24.72997501299988,944,0,healthy,kidney_images\images\944.jpg
3005.0,228.7523066997528,61.0,70.0,0.8714285714285714,0.6972695987037131,18.956954956054688,30.658559311596303,0.0,251.0,0.0,43.980327868852456,16.82848001071268,1140,1,pathological,kidney_images\images\1140.jpg
613.0,110.32590067386627,33.0,30.0,1.1,0.582799065963402,17.32867431640625,29.585626595943413,0.0,251.0,0.0,35.481818181818184,15.271190699519261,1243,1,pathological,kidney_images\images\1243.jpg
2819.0,260.7939364910126,68.0,64.0,1.0625,0.5066200051392511,23.552902221679688,37.7366423741342,0.0,251.0,0.0,47.72127757352941,28.603506691645038,231,1,pathological,kidney_images\images\231.jpg
4915.0,367.0193325281143,70.0,112.0,0.625,0.443310904220001,27.5316162109375,43.771190196698086,0.0,251.0,0.0,71.73647959183674,33.82276654246838,912,1,pathological,kidney_images\images\912.jpg
4398.0,288.5929263830185,78.0,76.0,1.0263157894736843,0.6444186064332049,27.236114501953125,46.599528514817564,0.0,255.0,0.0,73.33130904183535,31.02616682481201,484,1,pathological,kidney_images\images\484.jpg
4821.0,316.10764467716217,91.0,76.0,1.1973684210526316,0.5884274327335904,32.87382507324219,53.43787686892112,0.0,251.0,0.0,50.357865818392135,36.75596622230393,454,1,pathological,kidney_images\images\454.jpg
4842.0,333.70562410354614,96.0,85.0,1.1294117647058823,0.5313877057226642,33.690155029296875,57.78166252726242,0.0,251.0,0.0,93.32095588235295,51.18263676237317,619,1,pathological,kidney_images\images\619.jpg
2247.0,233.33809351921082,48.0,68.0,0.7058823529411765,0.4950691567350357,18.288055419921875,33.16195289451721,0.0,251.0,0.0,44.470894607843135,34.78417012250603,1581,1,pathological,kidney_images\images\1581.jpg
2252.0,219.82337486743927,59.0,56.0,1.0535714285714286,0.5598944358417728,25.068496704101562,41.57507217011837,0.0,251.0,0.0,38.13801452784504,16.576671461299654,867,1,pathological,kidney_images\images\867.jpg
1059.0,168.1248903274536,41.0,43.0,0.9534883720930233,0.41856813234942597,17.073348999023438,28.267893948760417,0.0,251.0,0.0,45.674418604651166,14.996333760295594,825,1,pathological,kidney_images\images\825.jpg
3705.0,332.1492750644684,80.0,71.0,1.1267605633802817,0.42378399924405785,36.302978515625,57.1322022364639,0.0,251.0,0.0,81.05721830985915,36.41675923013442,603,1,pathological,kidney_images\images\603.jpg
2676.0,372.91882705688477,69.0,70.0,0.9857142857142858,0.22630923726818608,30.291671752929688,45.051324642312345,0.0,255.0,0.0,67.50124223602485,20.470650062584724,123,1,pathological,kidney_images\images\123.jpg
3359.0,232.308655500412,66.0,69.0,0.9565217391304348,0.7586302593925259,28.570098876953125,47.60969228813075,0.0,251.0,0.0,64.27162933684673,37.33301863959665,894,1,pathological,kidney_images\images\894.jpg
4526.0,301.0782079696655,97.0,70.0,1.3857142857142857,0.5812675539789286,45.729583740234375,68.00029549063763,0.0,251.0,0.0,120.45670103092783,45.660872558285185,1005,1,pathological,kidney_images\images\1005.jpg
1499.0,165.78174424171448,42.0,51.0,0.8235294117647058,0.6522412035050564,14.335922241210938,25.612172163112188,0.0,251.0,0.0,26.140989729225023,15.638263499984447,1630,1,pathological,kidney_images\images\1630.jpg
4256.0,262.79393684864044,87.0,64.0,1.359375,0.7535020054024106,42.13285827636719,70.03423084925096,0.0,252.0,0.0,76.86817528735632,48.02099195375027,574,1,pathological,kidney_images\images\574.jpg
3993.0,268.65180146694183,79.0,64.0,1.234375,0.6743383311099664,15.340545654296875,29.677481785719532,0.0,251.0,0.0,37.89556962025316,20.930513716160153,1190,1,pathological,kidney_images\images\1190.jpg
5553.0,302.10764479637146,98.0,70.0,1.4,0.7462523644979858,20.09521484375,33.215197680957615,0.0,251.0,0.0,43.51501457725948,34.579319923896776,1785,1,pathological,kidney_images\images\1785.jpg
6438.0,383.5046136379242,95.0,100.0,0.95,0.5113671583959511,33.445343017578125,53.15216536304319,0.0,251.0,0.0,73.21094736842105,45.77855078237047,1040,1,pathological,kidney_images\images\1040.jpg
0.0,0.0,0.0,0.0,0.0,0.0,21.38385009765625,34.382594568313394,0.0,251.0,0.0,0.0,0.0,666,1,pathological,kidney_images\images\666.jpg
3627.0,337.8061293363571,73.0,82.0,0.8902439024390244,0.3815183040996957,30.38677978515625,55.64340816176503,0.0,254.0,0.0,47.72936852656198,27.02425429589909,1124,1,pathological,kidney_images\images\1124.jpg
7374.0,373.0782071352005,97.0,110.0,0.8818181818181818,0.6507660378177557,50.44529724121094,70.99195127299738,0.0,255.0,0.0,85.60215557638239,54.40550318657324,135,1,pathological,kidney_images\images\135.jpg
3957.0,281.86500453948975,78.0,70.0,1.1142857142857143,0.6065076581682229,35.90106201171875,52.92821038155736,0.0,251.0,0.0,73.72326007326008,33.28046222528616,1047,0,healthy,kidney_images\images\1047.jpg
5565.0,368.291410446167,91.0,94.0,0.9680851063829787,0.4995009211584479,45.894378662109375,71.76231941917771,0.0,252.0,0.0,112.93897591769932,51.28934747620219,433,1,pathological,kidney_images\images\433.jpg
4807.0,320.49242067337036,82.0,86.0,0.9534883720930233,0.5710296564768729,21.044601440429688,36.69598792282898,0.0,251.0,0.0,52.032331253545095,36.48739016455087,1677,1,pathological,kidney_images\images\1677.jpg
12061.0,565.9726495742798,133.0,139.0,0.9568345323741008,0.4637973870465767,25.618484497070312,43.428378364399634,0.0,255.0,0.0,62.87493914642722,52.577877626771276,1981,1,pathological,kidney_images\images\1981.jpg
6728.0,391.3624782562256,97.0,101.0,0.9603960396039604,0.5402655458863987,21.141220092773438,36.96899104588637,0.0,251.0,0.0,51.45616004899459,43.424334190777465,1009,1,pathological,kidney_images\images\1009.jpg
1751.0,200.06601512432098,64.0,51.0,1.2549019607843137,0.5382706617668779,25.7767333984375,43.2034702678701,0.0,251.0,0.0,76.08792892156863,38.33806089400708,321,1,pathological,kidney_images\images\321.jpg
3552.0,389.3036024570465,64.0,97.0,0.6597938144329897,0.2806672193614454,27.874710083007812,47.729377206861436,0.0,254.0,0.0,77.43315077319588,51.0170028282006,649,1,pathological,kidney_images\images\649.jpg
1073.0,183.6812391281128,32.0,44.0,0.7272727272727273,0.3616591796911002,13.847457885742188,26.47650776071464,0.0,251.0,0.0,41.93963068181818,17.275053212652278,1401,0,healthy,kidney_images\images\1401.jpg
3383.0,264.4507907629013,71.0,66.0,1.0757575757575757,0.5845264761487446,37.164337158203125,64.48414477134813,0.0,251.0,0.0,93.4807938540333,37.304235843030625,1021,1,pathological,kidney_images\images\1021.jpg
4354.0,283.5218585729599,83.0,74.0,1.1216216216216217,0.6616582569461564,35.81773376464844,53.88421139025172,0.0,251.0,0.0,96.20579615760339,40.94111033437412,661,1,pathological,kidney_images\images\661.jpg
3865.0,307.52185893058777,69.0,94.0,0.7340425531914894,0.4941123026979932,30.453598022460938,53.033158332737,0.0,252.0,0.0,71.66481652790625,56.361495264887495,647,1,pathological,kidney_images\images\647.jpg
0.0,0.0,0.0,0.0,0.0,0.0,20.33197021484375,33.42065636474956,0.0,251.0,0.0,0.0,0.0,1631,1,pathological,kidney_images\images\1631.jpg
4635.0,292.24978029727936,95.0,73.0,1.3013698630136987,0.66340954021281,41.74456787109375,66.94815973809995,0.0,254.0,0.0,109.46647440519106,54.778973799104186,544,1,pathological,kidney_images\images\544.jpg
2683.0,213.8233745098114,58.0,61.0,0.9508196721311475,0.711867670215285,34.11100769042969,51.40511928536749,0.0,251.0,0.0,62.2871678914641,24.44413247821013,1796,0,healthy,kidney_images\images\1796.jpg
3799.0,384.3330398797989,65.0,97.0,0.6701030927835051,0.3062646857787755,25.933883666992188,36.55562345981509,0.0,255.0,0.0,53.64742268041237,25.52383228225125,27,1,pathological,kidney_images\images\27.jpg
0.0,0.0,0.0,0.0,0.0,0.0,10.740188598632812,21.768182697298048,0.0,251.0,0.0,0.0,0.0,952,1,pathological,kidney_images\images\952.jpg
9281.0,396.87719678878784,119.0,104.0,1.1442307692307692,0.7271208451100937,44.0980224609375,69.7311977958253,0.0,251.0,0.0,97.0308661926309,61.54545031008839,417,1,pathological,kidney_images\images\417.jpg
3365.0,290.93607199192047,67.0,79.0,0.8481012658227848,0.4731477568450455,18.069839477539062,32.338051785359184,0.0,251.0,0.0,48.219157377668616,30.82800227161257,1615,1,pathological,kidney_images\images\1615.jpg
3192.0,242.06601524353027,69.0,62.0,1.1129032258064515,0.6621390296408413,17.348846435546875,29.81318959275748,0.0,252.0,0.0,39.565451145395045,27.39092941012185,1283,0,healthy,kidney_images\images\1283.jpg
3334.0,254.93607258796692,72.0,65.0,1.1076923076923078,0.6245249658928593,18.788650512695312,31.315298866345696,0.0,251.0,0.0,53.36559829059829,28.955239038979485,1654,1,pathological,kidney_images\images\1654.jpg
4443.0,307.56348848342896,82.0,78.0,1.0512820512820513,0.5726883263182333,36.232269287109375,59.31171565728551,0.0,251.0,0.0,93.92651657285803,54.848579815280225,424,1,pathological,kidney_images\images\424.jpg
1796.0,197.58073389530182,42.0,59.0,0.711864406779661,0.5232480871628735,14.467453002929688,29.86260207524958,0.0,251.0,0.0,81.48385794995964,29.854860465749592,1774,0,healthy,kidney_images\images\1774.jpg
4120.0,315.8061294555664,70.0,87.0,0.8045977011494253,0.4967529514484095,20.48699951171875,36.45234996270763,0.0,251.0,0.0,65.65812807881774,42.59602543701953,483,1,pathological,kidney_images\images\483.jpg
4826.0,272.79393696784973,81.0,79.0,1.0253164556962024,0.7946801400834679,22.94122314453125,36.104867063213995,0.0,251.0,0.0,61.77652758243475,31.922806062020914,781,1,pathological,kidney_images\images\781.jpg
2735.0,232.45079147815704,65.0,58.0,1.1206896551724137,0.613046209373428,20.898880004882812,37.09949146298393,0.0,253.0,0.0,68.54588859416445,40.00650663682119,122,0,healthy,kidney_images\images\122.jpg
5619.0,382.433545589447,99.0,89.0,1.1123595505617978,0.46977153284973316,24.212753295898438,45.34366092152827,0.0,251.0,0.0,54.39200998751561,54.44888814904948,1532,1,pathological,kidney_images\images\1532.jpg
4033.0,291.03657734394073,91.0,61.0,1.4918032786885247,0.5791204472556444,18.370040893554688,31.08210541276793,0.0,255.0,0.0,49.882363538101245,24.300178639867045,21,1,pathological,kidney_images\images\21.jpg
4521.0,287.52185928821564,82.0,77.0,1.0649350649350648,0.6681537528138061,27.742401123046875,54.24841548391859,0.0,251.0,0.0,52.09819448843839,43.845488344656054,444,1,pathological,kidney_images\images\444.jpg
4531.0,292.1076455116272,82.0,77.0,1.0649350649350648,0.6482970626657928,27.73199462890625,47.1541409845228,0.0,251.0,0.0,79.23535001583782,43.37840269511486,419,1,pathological,kidney_images\images\419.jpg
2903.0,278.4924216270447,60.0,77.0,0.7792207792207793,0.44516478501307893,42.7373046875,61.30768163415112,0.0,251.0,0.0,106.01341991341991,42.362574268967684,762,1,pathological,kidney_images\images\762.jpg
2587.0,310.2497800588608,57.0,81.0,0.7037037037037037,0.33917672792239956,21.213653564453125,37.87073584450659,0.0,251.0,0.0,66.2438813082088,40.035379062836334,1569,1,pathological,kidney_images\images\1569.jpg
3413.0,263.0365777015686,75.0,71.0,1.056338028169014,0.5958234821420878,33.26313781738281,50.82165027368573,0.0,253.0,0.0,83.8574647887324,32.7223884700938,112,0,healthy,kidney_images\images\112.jpg
840.0,113.84061968326569,27.0,31.0,0.8709677419354839,0.391254099287551,15.984451293945312,28.199100830641484,0.0,251.0,0.0,30.563918757467146,12.890951062310751,1633,1,pathological,kidney_images\images\1633.jpg
2342.0,215.72286939620972,66.0,55.0,1.2,0.6066300368321583,22.788864135742188,37.07556303229221,0.0,251.0,0.0,76.37906336088155,24.52338181964344,1884,1,pathological,kidney_images\images\1884.jpg
1404.0,214.26702547073364,49.0,42.0,1.1666666666666667,0.30368720136436805,28.018798828125,42.563230056635284,0.0,251.0,0.0,78.07871720116619,28.291204440507006,1976,0,healthy,kidney_images\images\1976.jpg
3716.0,253.3797229528427,75.0,69.0,1.0869565217391304,0.7057187399474681,17.152786254882812,30.70815827045394,0.0,251.0,0.0,53.54995169082125,31.821242373314735,1530,1,pathological,kidney_images\images\1530.jpg
4879.0,292.5929260253906,85.0,81.0,1.0493827160493827,0.6975231917285132,19.368057250976562,32.38072480148605,0.0,251.0,0.0,49.17269426289034,25.473461966598705,1061,0,healthy,kidney_images\images\1061.jpg
4787.0,295.5218586921692,95.0,66.0,1.4393939393939394,0.6694482746506176,23.743545532226562,40.468764850111924,0.0,251.0,0.0,62.25725677830941,42.48160131785243,1282,0,healthy,kidney_images\images\1282.jpg
2041.0,246.93607199192047,57.0,54.0,1.0555555555555556,0.3997997542740949,22.765060424804688,39.582361742767006,0.0,251.0,0.0,55.753411306042885,35.343298454911256,1076,1,pathological,kidney_images\images\1076.jpg
4376.0,305.6639941930771,82.0,86.0,0.9534883720930233,0.5691354552080764,24.036407470703125,39.61595365959727,0.0,251.0,0.0,57.295660805445266,26.12335084428516,658,1,pathological,kidney_images\images\658.jpg
2967.0,242.45079064369202,60.0,75.0,0.8,0.6122596913758999,22.785369873046875,37.33634966322001,0.0,251.0,0.0,53.156444444444446,39.64224980472535,981,1,pathological,kidney_images\images\981.jpg
5038.0,309.42135322093964,96.0,73.0,1.3150684931506849,0.6435335524377047,20.668991088867188,35.194534801620954,0.0,251.0,0.0,62.43350456621005,36.49822705772549,1733,1,pathological,kidney_images\images\1733.jpg
3812.0,249.37972378730774,79.0,65.0,1.2153846153846153,0.7481396153935949,30.888046264648438,43.75066363814534,0.0,251.0,0.0,62.19298928919182,25.89949019816249,976,1,pathological,kidney_images\images\976.jpg
7431.0,367.9482651948929,117.0,85.0,1.3764705882352941,0.6760463452041391,34.08546447753906,51.71302695532963,0.0,251.0,0.0,82.50718954248366,41.54209158368269,410,1,pathological,kidney_images\images\410.jpg
3418.0,226.55129647254944,73.0,63.0,1.1587301587301588,0.8129807173614872,27.394058227539062,44.33692221619042,0.0,251.0,0.0,60.32507066753642,27.865076638221037,358,1,pathological,kidney_images\images\358.jpg
5164.0,303.8061285018921,93.0,84.0,1.1071428571428572,0.6854458454139141,22.7420654296875,41.41058200253514,0.0,251.0,0.0,62.65450588837685,42.54078268464886,1713,1,pathological,kidney_images\images\1713.jpg
370.0,110.9116872549057,36.0,20.0,1.8,0.2890957288426375,19.151657104492188,30.570499096999534,0.0,255.0,0.0,55.520833333333336,18.313158880827864,188,1,pathological,kidney_images\images\188.jpg
3456.0,289.5218584537506,85.0,64.0,1.328125,0.4992942748875251,32.86430358886719,52.33588389061501,0.0,251.0,0.0,104.39724264705882,46.392381312749976,368,1,pathological,kidney_images\images\368.jpg
5958.0,326.0487699508667,103.0,91.0,1.1318681318681318,0.6861940624409439,29.469161987304688,47.468010287741464,0.0,251.0,0.0,81.06550730822576,34.600316210156514,1503,0,healthy,kidney_images\images\1503.jpg
3742.0,244.55129671096802,75.0,68.0,1.1029411764705883,0.7638957135228537,18.629318237304688,29.935238435365306,0.0,251.0,0.0,41.14705882352941,25.217873003099633,396,1,pathological,kidney_images\images\396.jpg
6759.0,371.94826459884644,93.0,106.0,0.8773584905660378,0.5992722800074817,26.088287353515625,39.742201546481766,0.0,255.0,0.0,62.71860417934673,31.24545559652669,130,1,pathological,kidney_images\images\130.jpg
3008.0,247.86500418186188,62.0,70.0,0.8857142857142857,0.5771111852746914,21.460205078125,34.5380654276312,0.0,251.0,0.0,66.25092165898617,28.14042202393395,1621,1,pathological,kidney_images\images\1621.jpg
1999.0,201.6812391281128,56.0,54.0,1.037037037037037,0.5863744926038847,23.370361328125,37.18551288633037,0.0,251.0,0.0,69.21957671957672,37.75210758797529,1189,1,pathological,kidney_images\images\1189.jpg
5368.0,300.10764491558075,97.0,71.0,1.3661971830985915,0.7305591498297453,43.143463134765625,66.21216088927918,0.0,254.0,0.0,96.10004356033106,38.20078717570062,576,1,pathological,kidney_images\images\576.jpg
4036.0,258.0660158395767,82.0,63.0,1.3015873015873016,0.7399467199418823,25.083160400390625,39.39053140635145,0.0,251.0,0.0,59.22938443670151,28.78351512956337,973,1,pathological,kidney_images\images\973.jpg
1488.0,220.30865573883057,54.0,52.0,1.0384615384615385,0.37956024058083887,23.77056884765625,37.59627701877549,0.0,251.0,0.0,61.43518518518518,25.717137382786923,268,0,healthy,kidney_images\images\268.jpg
3800.0,280.0071396827698,79.0,71.0,1.1126760563380282,0.5897398307971905,35.148345947265625,51.29704095001949,0.0,254.0,0.0,82.70012479942949,31.98156897542003,157,1,pathological,kidney_images\images\157.jpg
1308.0,154.85281229019165,48.0,43.0,1.1162790697674418,0.6194255948202062,22.865890502929688,37.327984853745164,0.0,251.0,0.0,54.196220930232556,24.217477297374806,1720,1,pathological,kidney_images\images\1720.jpg
4207.0,272.1076456308365,90.0,67.0,1.3432835820895523,0.6887163883518355,31.78826904296875,49.49218411189687,0.0,251.0,0.0,80.10713101160863,31.604675623837323,1911,0,healthy,kidney_images\images\1911.jpg
4910.0,280.30865597724915,86.0,77.0,1.1168831168831168,0.769115604845922,14.622955322265625,26.88950576742646,0.0,253.0,0.0,32.9806704922984,27.21814602323539,1667,1,pathological,kidney_images\images\1667.jpg
4083.0,460.5584361553192,104.0,90.0,1.1555555555555554,0.2359666825601512,54.41206359863281,52.48495111093321,0.0,252.0,56.0,108.49027777777778,39.733160593860894,17,1,pathological,kidney_images\images\17.jpg
3954.0,293.5218586921692,74.0,69.0,1.0724637681159421,0.557978124232088,25.103912353515625,39.732429576295566,0.0,251.0,0.0,80.88170779475128,35.517737886369275,1071,1,pathological,kidney_images\images\1071.jpg
820.0,128.81118178367615,36.0,31.0,1.1612903225806452,0.4881189364275297,19.624374389648438,31.397643950774984,0.0,251.0,0.0,67.43279569892474,19.50521388979307,811,1,pathological,kidney_images\images\811.jpg
3409.0,265.379723072052,72.0,63.0,1.1428571428571428,0.5921288382303594,28.916946411132812,41.4925046727758,0.0,255.0,0.0,45.601410934744266,18.20512742817061,37,1,pathological,kidney_images\images\37.jpg
3632.0,233.7817441225052,73.0,62.0,1.1774193548387097,0.8053169114769232,16.863052368164062,29.268074357916827,0.0,251.0,0.0,40.92244807777287,26.56745797180006,1239,0,healthy,kidney_images\images\1239.jpg
1227.0,168.6101711988449,37.0,49.0,0.7551020408163265,0.5195949946384736,12.512954711914062,23.44678104047151,0.0,251.0,0.0,29.261996690568118,15.861864954352148,1554,1,pathological,kidney_images\images\1554.jpg
0.0,0.0,0.0,0.0,0.0,0.0,29.728012084960938,43.44786908602153,0.0,251.0,0.0,0.0,0.0,917,1,pathological,kidney_images\images\917.jpg
3962.0,240.40916073322296,76.0,62.0,1.2258064516129032,0.8382789231292892,30.192764282226562,47.1480762932814,0.0,251.0,0.0,73.07236842105263,30.698940390180987,337,1,pathological,kidney_images\images\337.jpg
5327.0,505.93102073669434,119.0,95.0,1.2526315789473683,0.2510660387516781,39.04534912109375,72.81740436038206,0.0,255.0,0.0,63.9422379478107,69.04444227749246,636,1,pathological,kidney_images\images\636.jpg
4416.0,295.90663492679596,92.0,72.0,1.2777777777777777,0.6159708651961034,28.00677490234375,40.83336943389937,0.0,251.0,0.0,72.63254830917874,27.173683250169024,776,1,pathological,kidney_images\images\776.jpg
4132.0,267.62236428260803,84.0,69.0,1.2173913043478262,0.70445070388983,27.241287231445312,41.38887487839553,0.0,252.0,0.0,75.50500345065562,35.258605043646675,57,1,pathological,kidney_images\images\57.jpg
385.0,110.2253954410553,25.0,28.0,0.8928571428571429,0.3351132063382545,24.768768310546875,35.389859244910014,0.0,255.0,0.0,58.77285714285714,30.873587516232206,219,1,pathological,kidney_images\images\219.jpg
2029.0,182.85281193256378,51.0,57.0,0.8947368421052632,0.7272563913715197,37.26676940917969,62.80303817864282,0.0,251.0,0.0,78.99036807705538,44.399993067006704,1015,1,pathological,kidney_images\images\1015.jpg
3627.0,262.79393661022186,81.0,64.0,1.265625,0.6390483090497346,31.417739868164062,48.7012963054903,0.0,251.0,0.0,83.77160493827161,40.19671339543251,1229,1,pathological,kidney_images\images\1229.jpg
4076.0,378.91882705688477,72.0,91.0,0.7912087912087912,0.3286015473361393,37.442138671875,55.102322171198054,0.0,254.0,0.0,115.36278998778998,44.585101721457036,194,1,pathological,kidney_images\images\194.jpg
1973.0,197.33809280395508,61.0,51.0,1.196078431372549,0.6098876160908001,23.354385375976562,37.38174151083953,0.0,251.0,0.0,78.64770170363228,24.168817765693774,1885,1,pathological,kidney_images\images\1885.jpg
2158.0,187.43859827518463,60.0,47.0,1.2765957446808511,0.7423599709801914,31.477325439453125,52.386675831855946,0.0,251.0,0.0,64.98049645390071,55.690558195208986,1292,1,pathological,kidney_images\images\1292.jpg
3341.0,232.06601476669312,66.0,68.0,0.9705882352941176,0.7559007213902371,28.868392944335938,47.81209212211532,0.0,251.0,0.0,67.37455436720143,36.35951823695571,893,1,pathological,kidney_images\images\893.jpg
5198.0,288.79393696784973,89.0,78.0,1.141025641025641,0.7608956470549979,20.61065673828125,38.94789428451301,0.0,251.0,0.0,54.27931431864016,41.769040601169806,506,1,pathological,kidney_images\images\506.jpg
3234.0,238.10764503479004,72.0,63.0,1.1428571428571428,0.6950871159909616,28.39239501953125,51.92682592843667,0.0,251.0,0.0,82.98214285714286,42.968487370071664,537,1,pathological,kidney_images\images\537.jpg
4364.0,261.1787123680115,76.0,85.0,0.8941176470588236,0.783391100267136,24.73138427734375,42.87558068219869,0.0,251.0,0.0,75.1530959752322,53.43005263398741,489,1,pathological,kidney_images\images\489.jpg
3104.0,310.49242103099823,71.0,71.0,1.0,0.3814664827461267,24.464324951171875,38.05252432385852,0.0,251.0,0.0,73.26125768696687,29.255928087034537,1727,1,pathological,kidney_images\images\1727.jpg
2930.0,246.45079123973846,66.0,68.0,0.9705882352941176,0.5842707200666333,27.51806640625,44.05654474961566,0.0,251.0,0.0,78.86096256684492,33.99209316366734,685,1,pathological,kidney_images\images\685.jpg
1505.0,170.6101711988449,44.0,51.0,0.8627450980392157,0.6175724141876999,14.85748291015625,26.792497162659807,0.0,251.0,0.0,34.94162210338681,22.24007472046776,1897,1,pathological,kidney_images\images\1897.jpg
5293.0,299.76449954509735,90.0,82.0,1.0975609756097562,0.7218840832588035,38.222747802734375,57.62516580455378,0.0,251.0,0.0,102.62615176151762,41.91061522322111,499,1,pathological,kidney_images\images\499.jpg
1060.0,135.63960909843445,41.0,37.0,1.1081081081081081,0.6833668351273703,20.867538452148438,39.24551212409741,0.0,251.0,0.0,91.90112063282795,28.89876367461947,1797,0,healthy,kidney_images\images\1797.jpg
5573.0,314.8355668783188,106.0,73.0,1.452054794520548,0.6889724878830196,29.598098754882812,47.69133335339782,0.0,252.0,0.0,76.64784181959162,44.895610474474324,722,1,pathological,kidney_images\images\722.jpg
3096.0,281.17871260643005,61.0,82.0,0.7439024390243902,0.47230301973117517,24.15728759765625,41.322519018017715,0.0,251.0,0.0,60.80687724910036,34.56421870372144,1570,1,pathological,kidney_images\images\1570.jpg
4121.0,305.17871272563934,83.0,77.0,1.077922077922078,0.5360006252694166,23.276718139648438,36.757527047189946,0.0,251.0,0.0,59.54858394617431,31.455752265682943,1100,0,healthy,kidney_images\images\1100.jpg
2854.0,247.3797229528427,56.0,73.0,0.7671232876712328,0.5645928714270443,27.115615844726562,43.7111279211992,0.0,251.0,0.0,69.59491193737769,32.24685839371428,665,1,pathological,kidney_images\images\665.jpg
7105.0,445.16146779060364,104.0,98.0,1.0612244897959184,0.4381168185350143,30.956695556640625,48.20397859068564,0.0,251.0,0.0,71.21418759811617,51.113593433840165,1097,1,pathological,kidney_images\images\1097.jpg
5388.0,381.56348872184753,90.0,88.0,1.0227272727272727,0.4500360134053968,24.903366088867188,43.338032651686724,0.0,251.0,0.0,64.80126262626263,49.30544255021388,1685,1,pathological,kidney_images\images\1685.jpg
3450.0,256.6518017053604,66.0,69.0,0.9565217391304348,0.6364250586344116,16.92388916015625,28.820978100565245,0.0,251.0,0.0,47.0713658322354,21.231506231356107,1273,1,pathological,kidney_images\images\1273.jpg
6779.0,350.00714004039764,102.0,88.0,1.1590909090909092,0.6790179305821676,32.09324645996094,49.947574928668274,0.0,251.0,0.0,78.85071301247771,43.737391811247896,408,1,pathological,kidney_images\images\408.jpg
2798.0,251.52185809612274,68.0,64.0,1.0625,0.5300607000375106,34.785552978515625,51.271949818185874,0.0,255.0,0.0,97.89177389705883,43.615692020412396,68,1,pathological,kidney_images\images\68.jpg
669.0,143.29646277427673,35.0,30.0,1.1666666666666667,0.37116731820067367,30.255035400390625,46.335067351478315,0.0,251.0,0.0,72.48571428571428,36.28307076984797,569,0,healthy,kidney_images\images\569.jpg
3281.0,263.37972342967987,73.0,58.0,1.2586206896551724,0.5719901481828548,26.309539794921875,46.65523494540213,0.0,251.0,0.0,58.466934341048656,43.45901883491468,648,1,pathological,kidney_images\images\648.jpg
4522.0,291.86500453948975,82.0,75.0,1.0933333333333333,0.6481215245091545,25.770843505859375,44.783528564200566,0.0,251.0,0.0,67.21934959349593,39.18055992453063,1157,1,pathological,kidney_images\images\1157.jpg
2782.0,235.3797229528427,62.0,63.0,0.9841269841269841,0.6079776031497911,24.197036743164062,40.81795534920885,0.0,251.0,0.0,59.3489503328213,29.692093647391722,1020,1,pathological,kidney_images\images\1020.jpg
2595.0,205.09545361995697,58.0,60.0,0.9666666666666667,0.7482019456749318,13.479583740234375,26.566451533698526,0.0,251.0,0.0,34.51752873563218,18.210084129618814,1484,1,pathological,kidney_images\images\1484.jpg
2199.0,227.13708233833313,55.0,58.0,0.9482758620689655,0.5151623908997949,21.369247436523438,35.27053853269447,0.0,251.0,0.0,69.90877742946708,31.676432574344332,1173,0,healthy,kidney_images\images\1173.jpg
3507.0,237.96550989151,69.0,73.0,0.9452054794520548,0.7553902643698178,23.915542602539062,37.86566178494549,0.0,251.0,0.0,68.55270994639666,28.636658678551075,591,1,pathological,kidney_images\images\591.jpg
3575.0,346.53405034542084,70.0,87.0,0.8045977011494253,0.36782679580629324,39.20770263671875,61.41730935115127,0.0,251.0,0.0,108.95944170771757,50.05835179977448,1051,1,pathological,kidney_images\images\1051.jpg
3484.0,314.0071395635605,80.0,60.0,1.3333333333333333,0.42713980231065996,26.950225830078125,35.880274503684376,0.0,255.0,0.0,58.35375,17.904383381474865,34,1,pathological,kidney_images\images\34.jpg
3696.0,296.5929261445999,67.0,85.0,0.788235294117647,0.5095553853750736,20.991546630859375,34.810941172537895,0.0,251.0,0.0,63.61562774363477,34.75604585232608,1699,1,pathological,kidney_images\images\1699.jpg
2229.0,184.12489020824432,46.0,60.0,0.7666666666666667,0.793414429276061,13.976348876953125,26.0163409426518,0.0,251.0,0.0,44.45253623188406,28.047396364776716,1566,0,healthy,kidney_images\images\1566.jpg
4998.0,275.9655101299286,88.0,73.0,1.2054794520547945,0.8045702044552062,28.824111938476562,50.26715182914024,0.0,251.0,0.0,41.85600871731009,29.86326197772291,293,1,pathological,kidney_images\images\293.jpg
4786.0,275.27921879291534,90.0,69.0,1.3043478260869565,0.7792350067224373,23.0758056640625,37.95420957545276,0.0,251.0,0.0,60.488727858293075,38.44834188507703,1266,1,pathological,kidney_images\images\1266.jpg
3535.0,311.7056235074997,84.0,78.0,1.0769230769230769,0.44194229622396214,26.413330078125,40.11427419794801,0.0,251.0,0.0,84.20650183150182,29.70848804223283,311,1,pathological,kidney_images\images\311.jpg
1993.0,194.85281205177307,56.0,51.0,1.0980392156862746,0.6255446478927931,14.251556396484375,28.19418975311165,0.0,251.0,0.0,28.8781512605042,24.182817914718875,1831,1,pathological,kidney_images\images\1831.jpg
5628.0,331.32084822654724,104.0,77.0,1.3506493506493507,0.6277260947148433,46.59858703613281,72.52781901508267,0.0,253.0,0.0,97.12562437562437,64.21125576849747,547,1,pathological,kidney_images\images\547.jpg
4341.0,281.9655097723007,74.0,82.0,0.9024390243902439,0.6665327424213634,30.171279907226562,49.17036535193525,0.0,251.0,0.0,74.57036914963744,48.22421565636131,1098,1,pathological,kidney_images\images\1098.jpg
4109.0,316.8771963119507,100.0,73.0,1.36986301369863,0.49621636385213214,29.179733276367188,47.82865585683374,0.0,251.0,0.0,62.21945205479452,37.40772105087804,1068,1,pathological,kidney_images\images\1068.jpg
952.0,223.8233743906021,32.0,57.0,0.5614035087719298,0.1923952519762214,22.81744384765625,35.38027233249561,0.0,251.0,0.0,69.0657894736842,23.69578420920084,1726,1,pathological,kidney_images\images\1726.jpg
3067.0,276.69343161582947,70.0,58.0,1.206896551724138,0.3997608857551975,50.95146179199219,74.14652289419377,0.0,253.0,0.0,174.98620689655172,44.00332843318302,449,1,pathological,kidney_images\images\449.jpg
5855.0,313.03657746315,101.0,76.0,1.3289473684210527,0.7329492754404779,25.134017944335938,42.78089759437774,0.0,252.0,0.0,56.29377279833246,36.72073344181621,1348,1,pathological,kidney_images\images\1348.jpg
1317.0,291.0365777015686,60.0,51.0,1.1764705882352942,0.18225937433203296,23.40850830078125,34.53878625513581,0.0,251.0,0.0,64.581045751634,24.518586391653283,997,1,pathological,kidney_images\images\997.jpg
2742.0,208.06601476669312,57.0,65.0,0.8769230769230769,0.769950772028006,17.732620239257812,33.79718013590395,0.0,251.0,0.0,53.44588394062078,28.772322319219406,1793,0,healthy,kidney_images\images\1793.jpg
6475.0,456.85995149612427,105.0,89.0,1.1797752808988764,0.37788636211271676,33.435638427734375,53.083436251506015,0.0,251.0,0.0,80.41037988228999,51.60465136081027,561,1,pathological,kidney_images\images\561.jpg
3576.0,236.89444243907928,73.0,65.0,1.123076923076923,0.7775751519556712,24.976837158203125,40.56273301233566,0.0,255.0,0.0,70.02697576396207,28.66719962742899,206,0,healthy,kidney_images\images\206.jpg
4310.0,278.10764515399933,89.0,66.0,1.3484848484848484,0.6804413249172501,26.71600341796875,44.60143698795604,0.0,251.0,0.0,64.25297923050732,40.25729318889613,1289,1,pathological,kidney_images\images\1289.jpg
2467.0,198.4091603755951,59.0,57.0,1.0350877192982457,0.760216009654794,21.43841552734375,34.28739623898002,0.0,251.0,0.0,59.18138566755873,19.566270463685704,1322,0,healthy,kidney_images\images\1322.jpg
6162.0,319.66399335861206,105.0,73.0,1.4383561643835616,0.7406264733668287,36.19328308105469,58.50625950940988,0.0,251.0,0.0,59.87827788649707,40.69589290157551,845,1,pathological,kidney_images\images\845.jpg
4290.0,279.17871272563934,82.0,77.0,1.0649350649350648,0.6722475704963596,34.11820983886719,54.47031864443228,0.0,251.0,0.0,72.07887234716503,42.70691255940339,1919,0,healthy,kidney_images\images\1919.jpg
2511.0,203.82337486743927,57.0,63.0,0.9047619047619048,0.7329178545068074,25.354995727539062,40.64414926245573,0.0,251.0,0.0,59.84600389863548,21.69419779134655,655,1,pathological,kidney_images\images\655.jpg
0.0,0.0,0.0,0.0,0.0,0.0,19.780776977539062,33.27418394005741,0.0,251.0,0.0,0.0,0.0,1136,1,pathological,kidney_images\images\1136.jpg
4627.0,275.8650041818619,78.0,81.0,0.9629629629629629,0.7441423464390767,18.356842041015625,32.49836583463584,0.0,251.0,0.0,54.921019309908196,37.50871923247779,800,1,pathological,kidney_images\images\800.jpg
2461.0,314.97770154476166,68.0,59.0,1.152542372881356,0.27796225745774455,34.836456298828125,50.19571150416118,0.0,251.0,0.0,96.27193419740777,29.347262130630945,252,1,pathological,kidney_images\images\252.jpg
2210.0,200.99494779109955,60.0,54.0,1.1111111111111112,0.6603734067938614,21.494338989257812,38.99001593311647,0.0,251.0,0.0,87.62746913580247,31.181454974639447,1164,0,healthy,kidney_images\images\1164.jpg
595.0,181.19595801830292,47.0,26.0,1.8076923076923077,0.17032282977053814,22.744491577148438,36.540566360990965,0.0,251.0,0.0,76.15220949263502,30.457553961502146,835,1,pathological,kidney_images\images\835.jpg
444.0,162.02438485622406,31.0,32.0,0.96875,0.17902789433052976,26.084686279296875,39.891307017912816,0.0,255.0,0.0,58.24495967741935,26.084954931697634,381,1,pathological,kidney_images\images\381.jpg
7071.0,367.8061294555664,118.0,82.0,1.4390243902439024,0.6418278534944754,37.15484619140625,43.99222922992133,0.0,252.0,13.0,72.51488218272013,30.289455283668005,1971,0,healthy,kidney_images\images\1971.jpg
3300.0,286.10764491558075,62.0,80.0,0.775,0.48741026203573995,51.19586181640625,74.38897070377855,0.0,255.0,0.0,108.76229838709678,52.02630140867025,189,1,pathological,kidney_images\images\189.jpg
3489.0,228.7523068189621,70.0,62.0,1.1290322580645162,0.8135012099696977,18.454498291015625,30.542665329413502,0.0,251.0,0.0,40.41589861751152,18.17015266019498,1432,0,healthy,kidney_images\images\1432.jpg
2325.0,230.06601476669312,53.0,66.0,0.803030303030303,0.5281257399856751,20.371505737304688,33.70387471952179,0.0,251.0,0.0,65.92138364779875,28.156760095585803,1313,1,pathological,kidney_images\images\1313.jpg
5409.0,310.83556723594666,93.0,74.0,1.2567567567567568,0.6852285263309869,22.522201538085938,33.50984928398017,0.0,255.0,0.0,46.567712874164485,22.552843901860868,47,1,pathological,kidney_images\images\47.jpg
2444.0,267.5218586921692,50.0,72.0,0.6944444444444444,0.40867776285505336,47.73643493652344,69.09772619110238,0.0,252.0,0.0,96.79722222222222,38.35299485706654,759,1,pathological,kidney_images\images\759.jpg
5900.0,313.2375878095627,107.0,67.0,1.5970149253731343,0.7339299981729851,31.341598510742188,46.30825809039505,0.0,255.0,0.0,50.15525177849072,44.592011737287955,143,1,pathological,kidney_images\images\143.jpg
5113.0,320.4924215078354,90.0,83.0,1.0843373493975903,0.6092002484455633,22.519119262695312,35.23948957378059,0.0,251.0,0.0,57.31258366800535,25.87886806257495,595,1,pathological,kidney_images\images\595.jpg
3651.0,243.96551024913788,70.0,69.0,1.0144927536231885,0.7484611039578632,15.54278564453125,27.942031261864493,0.0,251.0,0.0,41.471014492753625,27.28376094284154,1745,1,pathological,kidney_images\images\1745.jpg
3625.0,234.6518018245697,69.0,65.0,1.0615384615384615,0.8038063428272653,19.4111328125,32.84849458900074,0.0,251.0,0.0,46.2066889632107,22.32247393682483,1305,1,pathological,kidney_images\images\1305.jpg
2075.0,288.00714004039764,71.0,54.0,1.3148148148148149,0.2827687090663868,17.48651123046875,30.828626412489267,0.0,251.0,0.0,40.37323943661972,33.01113015684536,1221,1,pathological,kidney_images\images\1221.jpg
5658.0,311.66399347782135,99.0,79.0,1.2531645569620253,0.7144507989814209,37.89070129394531,57.17327004659761,0.0,251.0,0.0,104.18105101649405,46.261004153343045,497,1,pathological,kidney_images\images\497.jpg
3400.0,279.2792183160782,72.0,62.0,1.1612903225806452,0.5281308935958132,26.183929443359375,39.21968587701713,0.0,252.0,0.0,73.37074372759857,31.966371145531898,748,1,pathological,kidney_images\images\748.jpg
3602.0,268.55129611492157,64.0,75.0,0.8533333333333334,0.6073240025522854,21.0235595703125,34.49622083758673,0.0,251.0,0.0,77.12916666666666,32.17686124073564,947,0,healthy,kidney_images\images\947.jpg
3536.0,250.55129611492157,74.0,67.0,1.1044776119402986,0.6859102498434673,33.56462097167969,50.78883752362435,0.0,251.0,0.0,86.59338442920533,26.00968054108682,668,1,pathological,kidney_images\images\668.jpg
4492.0,290.5929266214371,78.0,73.0,1.0684931506849316,0.6497159338905967,21.696517944335938,36.32504839236033,0.0,251.0,0.0,61.20565507551809,31.08024720629463,1696,1,pathological,kidney_images\images\1696.jpg
3132.0,239.1370825767517,70.0,62.0,1.1290322580645162,0.665383276965832,29.6971435546875,48.93852626932063,0.0,251.0,0.0,69.20253456221198,43.241064104765044,228,0,healthy,kidney_images\images\228.jpg
4851.0,433.4457377195358,99.0,79.0,1.2531645569620253,0.3122944488760843,26.994003295898438,48.02803089612634,0.0,251.0,0.0,66.12581511315689,50.557290890458255,1661,1,pathological,kidney_images\images\1661.jpg
4069.0,305.80612897872925,83.0,74.0,1.1216216216216217,0.5291003638639015,38.58869934082031,56.05206145726113,0.0,255.0,0.0,82.5402149137089,36.90839771693309,115,1,pathological,kidney_images\images\115.jpg
588.0,73.59797894954681,24.0,21.0,1.1428571428571428,0.6704647195372514,15.444244384765625,27.6469408185403,0.0,251.0,0.0,28.03174603174603,12.88328960008379,1459,1,pathological,kidney_images\images\1459.jpg
0.0,0.0,0.0,0.0,0.0,0.0,10.028945922851562,21.515775380732535,0.0,251.0,0.0,0.0,0.0,1587,1,pathological,kidney_images\images\1587.jpg
4439.0,283.8650047779083,80.0,80.0,1.0,0.6708201205014905,25.215286254882812,41.799625261119985,0.0,255.0,0.0,51.603125,34.76184136714244,56,1,pathological,kidney_images\images\56.jpg
3940.0,536.4163007736206,102.0,77.0,1.3246753246753247,0.1627666117678373,43.94871520996094,65.62344894835341,0.0,251.0,0.0,138.38706391647568,54.15072632861649,1766,1,pathological,kidney_images\images\1766.jpg
5874.0,313.1787130832672,101.0,74.0,1.364864864864865,0.7349747033111473,31.755630493164062,50.43033582778632,0.0,251.0,0.0,94.57626438319508,38.69891779970452,1519,1,pathological,kidney_images\images\1519.jpg
4411.0,280.5929265022278,74.0,92.0,0.8043478260869565,0.6853595469640945,36.78520202636719,63.33001199145125,0.0,251.0,0.0,84.10884253819036,52.86405912074277,476,1,pathological,kidney_images\images\476.jpg
2292.0,209.78174448013306,61.0,54.0,1.1296296296296295,0.6297693800647003,22.753890991210938,35.892145613729475,0.0,251.0,0.0,77.70461445051609,30.52011982255486,854,1,pathological,kidney_images\images\854.jpg
4310.0,343.80612874031067,88.0,78.0,1.1282051282051282,0.43678320115783376,30.763687133789062,56.82033737026616,0.0,251.0,0.0,80.71518065268066,62.737650947982274,481,0,healthy,kidney_images\images\481.jpg
1824.0,217.23758804798126,54.0,52.0,1.0384615384615385,0.4770421262126183,18.404815673828125,31.83570509888653,0.0,251.0,0.0,50.429131054131055,19.288519173189673,1567,1,pathological,kidney_images\images\1567.jpg
0.0,0.0,0.0,0.0,0.0,0.0,10.870437622070312,23.354086882442786,0.0,255.0,0.0,0.0,0.0,954,1,pathological,kidney_images\images\954.jpg
4172.0,268.7939363718033,81.0,72.0,1.125,0.7073674989561005,27.3621826171875,49.662051762641106,0.0,251.0,0.0,61.227537722908096,44.11394294141509,869,1,pathological,kidney_images\images\869.jpg
4280.0,289.5634889602661,85.0,87.0,0.9770114942528736,0.6678323376532072,18.861740112304688,31.252238744797996,0.0,251.0,0.0,55.93874239350913,35.29855902359029,1419,1,pathological,kidney_images\images\1419.jpg
4122.0,289.86500430107117,87.0,71.0,1.2253521126760563,0.5947292238329575,22.372421264648438,41.99581694238694,0.0,251.0,0.0,38.46430305973774,34.10944867692794,1258,1,pathological,kidney_images\images\1258.jpg
6457.0,388.53405117988586,110.0,96.0,1.1458333333333333,0.5236864974352242,26.846969604492188,39.95947621086497,0.0,255.0,0.0,63.97575757575758,39.93586927473984,221,1,pathological,kidney_images\images\221.jpg
2831.0,271.27921879291534,68.0,63.0,1.0793650793650793,0.46445721723599076,19.466156005859375,35.99806397509669,0.0,251.0,0.0,46.128151260504204,22.338175428089734,1688,1,pathological,kidney_images\images\1688.jpg
5596.0,314.2081503868103,105.0,69.0,1.5217391304347827,0.6945269958042279,37.27069091796875,60.6990160016256,0.0,251.0,0.0,91.77073844030366,47.09587624431742,480,0,healthy,kidney_images\images\480.jpg
3358.0,237.13708305358887,70.0,64.0,1.09375,0.7282747915741379,21.116470336914062,34.682404780871984,0.0,251.0,0.0,53.70133928571428,25.292125362435854,1156,1,pathological,kidney_images\images\1156.jpg
4390.0,270.9949470758438,85.0,66.0,1.2878787878787878,0.730146689649335,23.069854736328125,37.78466543254043,0.0,251.0,0.0,35.236363636363635,22.872523513484445,793,1,pathological,kidney_images\images\793.jpg
4969.0,346.9777021408081,96.0,82.0,1.170731707317073,0.5028384212605735,31.64215087890625,46.67582909694687,0.0,251.0,0.0,80.2766768292683,37.62374467469686,734,0,healthy,kidney_images\images\734.jpg
4146.0,257.96550953388214,75.0,73.0,1.0273972602739727,0.7606345322367629,13.947540283203125,26.046953395382705,0.0,251.0,0.0,35.61662100456621,25.144362322773656,1497,1,pathological,kidney_images\images\1497.jpg
5412.0,291.96550941467285,94.0,72.0,1.3055555555555556,0.7786551501400834,26.80621337890625,41.48236019962959,0.0,251.0,0.0,53.119680851063826,28.570960813199772,1953,0,healthy,kidney_images\images\1953.jpg
1529.0,154.46803617477417,36.0,53.0,0.6792452830188679,0.7691909661043366,20.192535400390625,36.84481446846082,0.0,251.0,0.0,54.72012578616352,34.83161461838054,1206,1,pathological,kidney_images\images\1206.jpg
2556.0,267.37972354888916,71.0,50.0,1.42,0.43038094273565985,24.241622924804688,37.54589169901966,0.0,255.0,0.0,57.37971830985916,32.80675874936384,371,1,pathological,kidney_images\images\371.jpg
2201.0,289.76449966430664,62.0,59.0,1.0508474576271187,0.31534361761590113,29.341110229492188,43.020460979384204,0.0,254.0,0.0,64.69710224166211,20.19242037747987,151,1,pathological,kidney_images\images\151.jpg
4012.0,254.06601524353027,86.0,61.0,1.4098360655737705,0.7568104387162816,26.622268676757812,40.11297603356203,0.0,251.0,0.0,67.8890583301563,29.527539798423668,1838,1,pathological,kidney_images\images\1838.jpg
3789.0,255.13708293437958,73.0,72.0,1.0138888888888888,0.7098332232097398,24.796768188476562,38.0511299588108,0.0,251.0,0.0,59.57705479452055,25.43040011036502,1869,1,pathological,kidney_images\images\1869.jpg
3044.0,221.6812390089035,68.0,57.0,1.1929824561403508,0.753329069435233,21.893112182617188,35.55431632509731,0.0,251.0,0.0,45.975232198142415,22.889488747491118,928,1,pathological,kidney_images\images\928.jpg
4819.0,284.7350615262985,80.0,84.0,0.9523809523809523,0.7281837445431204,26.45111083984375,42.06372274569825,0.0,251.0,0.0,73.84330357142858,34.43736117995682,640,1,pathological,kidney_images\images\640.jpg
1159.0,143.2964631319046,40.0,43.0,0.9302325581395349,0.6710386848732028,16.234268188476562,28.44601421104492,0.0,251.0,0.0,41.50406976744186,19.762572852808777,1310,0,healthy,kidney_images\images\1310.jpg
3475.0,259.72286915779114,80.0,60.0,1.3333333333333333,0.6250960051331109,32.45195007324219,50.387511212355406,0.0,251.0,0.0,91.75833333333334,39.25463790715974,725,1,pathological,kidney_images\images\725.jpg
3614.0,283.0365775823593,78.0,73.0,1.0684931506849316,0.5491042658021007,21.438217163085938,34.51509578688632,0.0,251.0,0.0,52.55374077976818,30.725563437692145,1033,1,pathological,kidney_images\images\1033.jpg
2611.0,251.62236428260803,58.0,69.0,0.8405797101449275,0.49619387063148174,20.572357177734375,34.97470593108932,0.0,251.0,0.0,54.2423788105947,31.677625970783517,1066,1,pathological,kidney_images\images\1066.jpg
1036.0,158.36753118038177,38.0,48.0,0.7916666666666666,0.48451145041073596,13.415557861328125,24.79549986624616,0.0,251.0,0.0,26.265899122807017,19.37422945447731,1895,1,pathological,kidney_images\images\1895.jpg
2627.0,304.87719655036926,55.0,82.0,0.6707317073170732,0.3127055664798734,35.056915283203125,49.48223738679246,0.0,255.0,0.0,81.68159645232817,30.962450517020894,170,1,pathological,kidney_images\images\170.jpg
3023.0,242.8944422006607,68.0,61.0,1.1147540983606556,0.6212074988079082,19.286148071289062,29.32995030479737,0.0,251.0,0.0,59.514223722275794,21.729889120652455,273,1,pathological,kidney_images\images\273.jpg
3295.0,256.4507907629013,79.0,61.0,1.2950819672131149,0.6083798731679316,27.829116821289062,42.71016068708678,0.0,251.0,0.0,76.23718613820294,35.700274897740414,373,1,pathological,kidney_images\images\373.jpg
4340.0,282.5929266214371,82.0,79.0,1.0379746835443038,0.6637336944221427,16.805755615234375,32.06336311091318,0.0,251.0,0.0,46.049089225069466,33.261141725400655,1624,1,pathological,kidney_images\images\1624.jpg
6118.0,342.4924212694168,116.0,73.0,1.5890410958904109,0.6392936050104437,41.8309326171875,59.53290689508007,0.0,252.0,0.0,100.06341521020312,38.92488336978009,728,0,healthy,kidney_images\images\728.jpg
1064.0,150.12489020824432,38.0,40.0,0.95,0.546146178010831,20.268905639648438,33.4484339043029,0.0,252.0,0.0,58.98486842105263,33.21333209616367,1515,0,healthy,kidney_images\images\1515.jpg
5554.0,307.62236404418945,99.0,74.0,1.337837837837838,0.7193378108893427,41.466064453125,60.458325688109475,0.0,251.0,0.0,96.33551733551734,41.341706270627206,363,1,pathological,kidney_images\images\363.jpg
4330.0,292.10764515399933,89.0,64.0,1.390625,0.6188424043598387,29.749008178710938,44.32139464740915,0.0,251.0,0.0,69.68012640449439,34.8228139168153,329,0,healthy,kidney_images\images\329.jpg
4318.0,260.3086556196213,80.0,69.0,1.1594202898550725,0.7794567737224346,20.30865478515625,32.78936696899631,0.0,251.0,0.0,50.529347826086955,27.235903299875634,802,1,pathological,kidney_images\images\802.jpg
3108.0,284.9777023792267,81.0,64.0,1.265625,0.46165138717297055,34.12925720214844,50.48097007361054,0.0,251.0,0.0,92.8076774691358,36.80305351672919,755,1,pathological,kidney_images\images\755.jpg
4434.0,290.69343173503876,76.0,63.0,1.2063492063492063,0.42345099620432386,25.426239013671875,42.077473972527066,0.0,251.0,0.0,76.63178780284044,33.643406944086856,1465,1,pathological,kidney_images\images\1465.jpg
2005.0,247.6223645210266,57.0,61.0,0.9344262295081968,0.39738177056798213,19.775070190429688,35.05879620190438,0.0,251.0,0.0,50.792924935289044,27.415595394816595,1104,0,healthy,kidney_images\images\1104.jpg
4002.0,261.137082695961,85.0,62.0,1.3709677419354838,0.7162873947951837,29.443649291992188,50.05403084952506,0.0,251.0,0.0,53.772106261859584,33.30641281574533,541,1,pathological,kidney_images\images\541.jpg
5448.0,303.5218586921692,91.0,79.0,1.1518987341772151,0.7250601564077036,22.1124267578125,38.04344778095196,0.0,251.0,0.0,41.0776185839477,28.54036801790757,742,1,pathological,kidney_images\images\742.jpg
4857.0,284.1492749452591,83.0,78.0,1.064102564102564,0.737181285173729,31.587554931640625,47.15701001865545,0.0,255.0,0.0,68.1814952116157,32.96133265799539,207,1,pathological,kidney_images\images\207.jpg
0.0,0.0,0.0,0.0,0.0,0.0,14.079925537109375,24.760444471852157,0.0,251.0,0.0,0.0,0.0,1537,1,pathological,kidney_images\images\1537.jpg
5902.0,344.77669167518616,84.0,110.0,0.7636363636363637,0.6083334009204897,31.959320068359375,55.14720340493568,0.0,251.0,0.0,81.89967532467533,58.96930194027361,652,1,pathological,kidney_images\images\652.jpg
4268.0,450.41630136966705,66.0,128.0,0.515625,0.2507391606997093,33.61297607421875,58.30444483426666,0.0,255.0,0.0,92.33617424242425,39.26785154434902,59,1,pathological,kidney_images\images\59.jpg
5975.0,324.1492750644684,107.0,82.0,1.3048780487804879,0.6977878430676805,37.63877868652344,57.46382712395709,0.0,251.0,0.0,86.44392523364486,44.33815381941217,442,1,pathological,kidney_images\images\442.jpg
485.0,93.25483310222626,26.0,25.0,1.04,0.5303141679345122,20.520233154296875,34.4028613942737,0.0,251.0,0.0,58.65692307692308,15.285009944193128,1137,1,pathological,kidney_images\images\1137.jpg
0.0,0.0,0.0,0.0,0.0,0.0,16.47454833984375,30.199642302215192,0.0,251.0,0.0,0.0,0.0,1606,1,pathological,kidney_images\images\1606.jpg
5166.0,439.54624354839325,84.0,108.0,0.7777777777777778,0.3263533683671462,35.579193115234375,54.51168067947714,0.0,254.0,0.0,86.72938712522046,38.1402322989568,81,1,pathological,kidney_images\images\81.jpg
5468.0,305.6223636865616,85.0,81.0,1.0493827160493827,0.7174822926652513,34.666839599609375,56.68970607526171,0.0,252.0,0.0,96.82106027596224,42.786412075334354,488,0,healthy,kidney_images\images\488.jpg
2876.0,245.58073341846466,56.0,68.0,0.8235294117647058,0.5764371396623311,17.915283203125,28.66978067653971,0.0,251.0,0.0,38.87736344537815,19.992407492202986,1185,1,pathological,kidney_images\images\1185.jpg
6564.0,335.9482653141022,101.0,95.0,1.063157894736842,0.7175534984391421,31.825149536132812,52.45634220329764,0.0,251.0,0.0,74.44950495049505,55.76529417018516,1037,1,pathological,kidney_images\images\1037.jpg
1587.0,261.42135310173035,45.0,57.0,0.7894736842105263,0.260002280409434,21.321563720703125,33.229255197382116,0.0,251.0,0.0,56.925925925925924,18.76777053587614,594,1,pathological,kidney_images\images\594.jpg
2894.0,212.9949473142624,67.0,59.0,1.1355932203389831,0.7758618014544805,22.933456420898438,38.748441170812285,0.0,253.0,0.0,41.98988110295978,34.38337449996122,1183,1,pathological,kidney_images\images\1183.jpg
3312.0,251.96551036834717,75.0,63.0,1.1904761904761905,0.6337952738959554,16.39349365234375,28.428403256605435,0.0,252.0,0.0,41.34730158730159,27.717566786996017,1366,1,pathological,kidney_images\images\1366.jpg
5244.0,353.9482659101486,89.0,85.0,1.0470588235294118,0.5114141143151879,28.254638671875,43.48040024578321,0.0,251.0,0.0,81.09266358228685,31.834855678400924,590,1,pathological,kidney_images\images\590.jpg
7102.0,354.1909053325653,104.0,90.0,1.1555555555555554,0.6961772989475052,29.965118408203125,48.00496906320146,0.0,251.0,0.0,63.076388888888886,43.65347518247413,608,1,pathological,kidney_images\images\608.jpg
6864.0,353.7056248188019,110.0,85.0,1.2941176470588236,0.6701653494953387,43.43336486816406,71.17799084894438,0.0,252.0,0.0,80.05764705882353,52.36716112715243,614,1,pathological,kidney_images\images\614.jpg
0.0,0.0,0.0,0.0,0.0,0.0,9.9268798828125,21.62692679347886,0.0,251.0,0.0,0.0,0.0,1586,1,pathological,kidney_images\images\1586.jpg
5890.0,346.3919154405594,107.0,79.0,1.3544303797468353,0.6008405282506583,36.529083251953125,56.05402038030203,0.0,251.0,0.0,82.5227729800071,44.81953358811969,502,1,pathological,kidney_images\images\502.jpg
3548.0,236.40916061401367,75.0,62.0,1.2096774193548387,0.7742502412222402,20.78375244140625,36.6419836959073,0.0,251.0,0.0,52.95978494623656,39.955489966315966,936,1,pathological,kidney_images\images\936.jpg
4286.0,287.2792183160782,87.0,67.0,1.2985074626865671,0.6337289092376766,23.419265747070312,40.79160190151082,0.0,251.0,0.0,36.491679533367645,31.099955198080085,1067,1,pathological,kidney_images\images\1067.jpg
6363.0,400.33304023742676,97.0,106.0,0.9150943396226415,0.4885676934231389,26.617324829101562,40.98988289835914,0.0,255.0,0.0,59.12964403812488,32.716738262042874,223,1,pathological,kidney_images\images\223.jpg
7284.0,426.6761863231659,101.0,101.0,1.0,0.4898779140660974,36.87974548339844,60.43862592393143,0.0,251.0,0.0,99.63542789922556,54.927506703679875,1905,1,pathological,kidney_images\images\1905.jpg
6766.0,334.49242079257965,104.0,85.0,1.223529411764706,0.7434683539246811,38.760650634765625,62.96096095565479,0.0,253.0,0.0,72.82443438914027,49.78629843197737,1120,1,pathological,kidney_images\images\1120.jpg
151.0,47.55634891986847,11.0,17.0,0.6470588235294118,0.7139963342944385,19.056060791015625,31.371351303811633,0.0,251.0,0.0,30.032085561497325,11.325001324888312,1573,1,pathological,kidney_images\images\1573.jpg
5239.0,331.4213535785675,75.0,93.0,0.8064516129032258,0.5912503292455351,22.800613403320312,38.00215536637293,0.0,251.0,0.0,62.264372759856634,27.99105975200406,1891,1,pathological,kidney_images\images\1891.jpg
8357.0,443.16146743297577,118.0,97.0,1.2164948453608246,0.5196953914775885,40.77447509765625,66.26225596277443,0.0,255.0,0.0,69.31583085794163,51.498827551333875,153,1,pathological,kidney_images\images\153.jpg
1571.0,250.65180158615112,55.0,45.0,1.2222222222222223,0.29482593637863547,21.69732666015625,35.59950820318073,0.0,251.0,0.0,80.0169696969697,26.38110195409231,1501,1,pathological,kidney_images\images\1501.jpg
6829.0,389.26197373867035,116.0,85.0,1.3647058823529412,0.5459046215829806,39.681854248046875,68.41586267243956,0.0,252.0,0.0,67.22261663286004,57.91794954907027,660,1,pathological,kidney_images\images\660.jpg
3400.0,436.7178155183792,69.0,90.0,0.7666666666666667,0.21535578149713155,27.214584350585938,45.107569879310006,0.0,251.0,0.0,80.48486312399356,40.223508154238395,910,1,pathological,kidney_images\images\910.jpg
4115.0,274.1076452732086,86.0,65.0,1.323076923076923,0.6700057214211282,35.125823974609375,52.279803589873715,0.0,254.0,0.0,77.32826475849731,35.10722301863495,149,1,pathological,kidney_images\images\149.jpg
3668.0,242.79393696784973,69.0,77.0,0.8961038961038961,0.7595388831257833,21.7073974609375,35.73153552290255,0.0,251.0,0.0,63.57632222849614,30.599897345395114,312,1,pathological,kidney_images\images\312.jpg
672.0,102.76955199241638,35.0,25.0,1.4,0.7436369394190881,18.768783569335938,32.52940643449778,0.0,251.0,0.0,26.730285714285714,18.133421312311583,1619,1,pathological,kidney_images\images\1619.jpg
5265.0,277.27921867370605,93.0,73.0,1.273972602739726,0.8407680132367042,37.75288391113281,62.67046613327729,0.0,251.0,0.0,63.13300927971719,41.64468041393371,294,1,pathological,kidney_images\images\294.jpg
685.0,131.63960909843445,31.0,34.0,0.9117647058823529,0.45504089214738835,18.561386108398438,31.058022876035622,0.0,252.0,0.0,51.91081593927894,17.4728202240743,1754,1,pathological,kidney_images\images\1754.jpg
3722.0,273.7644989490509,76.0,68.0,1.1176470588235294,0.6042830154571337,31.114715576171875,46.11373235568913,0.0,251.0,0.0,77.327979876161,37.171187622441565,464,1,pathological,kidney_images\images\464.jpg
1443.0,205.92387986183167,51.0,43.0,1.186046511627907,0.41591909210650424,26.640823364257812,40.90096367652908,0.0,252.0,0.0,85.89512083903328,23.462846976274896,662,1,pathological,kidney_images\images\662.jpg
1231.0,159.63960933685303,38.0,46.0,0.8260869565217391,0.5742064204734633,15.098602294921875,26.43262332662575,0.0,252.0,0.0,26.1350114416476,20.087168982287704,1365,0,healthy,kidney_images\images\1365.jpg
6630.0,356.14927566051483,97.0,88.0,1.1022727272727273,0.6413349172086891,35.22676086425781,60.86042390016925,0.0,252.0,0.0,68.0926663542643,47.00941063750621,290,1,pathological,kidney_images\images\290.jpg
16.0,11.071067690849304,4.0,5.0,0.8,0.6664141476791389,13.025619506835938,23.049589347854695,0.0,251.0,0.0,25.45,6.7488887974243585,1880,0,healthy,kidney_images\images\1880.jpg
3729.0,280.3502856492996,69.0,77.0,0.8961038961038961,0.5766254342414365,27.340133666992188,45.276424061670454,0.0,251.0,0.0,65.3707886316582,37.62151038622644,682,1,pathological,kidney_images\images\682.jpg
2871.0,251.37972342967987,65.0,70.0,0.9285714285714286,0.5491543440585951,25.276504516601562,39.70012457256897,0.0,251.0,0.0,67.60197802197803,29.670380324743086,720,1,pathological,kidney_images\images\720.jpg
1856.0,258.4507911205292,65.0,52.0,1.25,0.3198181108769427,48.07426452636719,70.01845106324993,0.0,255.0,0.0,126.93343195266272,34.167538931331705,182,1,pathological,kidney_images\images\182.jpg
6042.0,362.6345565319061,101.0,85.0,1.188235294117647,0.566425833982452,22.203948974609375,35.20686374372576,0.0,251.0,0.0,46.1466511357018,23.080387654018576,1822,0,healthy,kidney_images\images\1822.jpg
3014.0,297.4213533401489,66.0,67.0,0.9850746268656716,0.41225219932797463,16.6298828125,28.978502510480748,0.0,251.0,0.0,45.41542288557214,26.312622609389795,1628,1,pathological,kidney_images\images\1628.jpg
4165.0,259.8650041818619,85.0,66.0,1.2878787878787878,0.7541145025149164,30.649765014648438,51.59089950276929,0.0,251.0,0.0,52.232798573975046,31.860463278677802,540,1,pathological,kidney_images\images\540.jpg
33.0,21.656854152679443,8.0,6.0,1.3333333333333333,0.5894429819354056,16.218856811523438,27.69721210008235,0.0,251.0,0.0,29.604166666666668,14.060493684038581,1850,0,healthy,kidney_images\images\1850.jpg
3313.0,270.30865573883057,82.0,59.0,1.3898305084745763,0.5481154223012306,43.45783996582031,59.76623691371609,0.0,252.0,0.0,105.35489871847871,44.7339931647131,140,1,pathological,kidney_images\images\140.jpg
5236.0,294.35028553009033,81.0,86.0,0.9418604651162791,0.7407801159293376,17.05548095703125,30.833190104965684,0.0,251.0,0.0,39.60005742176285,31.181251130233047,1649,1,pathological,kidney_images\images\1649.jpg
3761.0,262.69343161582947,73.0,67.0,1.0895522388059702,0.6561996021870871,24.26275634765625,38.03051523106725,0.0,251.0,0.0,45.49192394193417,24.990222708805938,1241,1,pathological,kidney_images\images\1241.jpg
3279.0,238.40916049480438,77.0,55.0,1.4,0.6994099813586506,27.626571655273438,41.92322609378031,0.0,251.0,0.0,61.91688311688312,35.86374168455933,331,1,pathological,kidney_images\images\331.jpg
2074.0,201.58073377609253,55.0,57.0,0.9649122807017544,0.61061709477407,19.664291381835938,34.053169655209246,0.0,251.0,0.0,78.81244019138757,30.602601315625204,1521,0,healthy,kidney_images\images\1521.jpg
3776.0,299.4213535785675,77.0,74.0,1.0405405405405406,0.5110471723962656,23.4833984375,38.63371577272439,0.0,251.0,0.0,87.22744822744822,28.354297175591068,752,1,pathological,kidney_images\images\752.jpg
3893.0,299.1787134408951,71.0,78.0,0.9102564102564102,0.5294958926306527,32.39813232421875,49.39313599801918,0.0,251.0,0.0,91.49169375225713,32.24405880003995,588,1,pathological,kidney_images\images\588.jpg
4556.0,349.9066346883774,96.0,71.0,1.352112676056338,0.45488881781957186,40.56169128417969,58.95583676629789,0.0,251.0,0.0,115.0105633802817,40.775527804771826,253,1,pathological,kidney_images\images\253.jpg
4468.0,270.0071396827698,82.0,77.0,1.0649350649350648,0.7502364276776836,29.09075927734375,47.834975786609625,0.0,251.0,0.0,71.73249920810896,40.775285186421094,1177,1,pathological,kidney_images\images\1177.jpg
