image_id,image_path,label_path,mask_path,image_exists,mask_exists,diagnosis,pathology_1,pathology_2,view,num_bounding_boxes,bounding_boxes,class_name
709,kidney_images\images\709.jpg,kidney_images\labels\709.txt,kidney_images\masks\709.mat,True,True,1,1,1,0,2,"[[355, 196, 36, 32, 2], [404, 202, 33, 33, 2]]",pathological
727,kidney_images\images\727.jpg,kidney_images\labels\727.txt,kidney_images\masks\727.mat,True,True,1,0,0,0,3,"[[363, 158, 51, 27, 2], [437, 166, 36, 35, 2], [337, 184, 57, 32, 7]]",pathological
632,kidney_images\images\632.jpg,kidney_images\labels\632.txt,kidney_images\masks\632.mat,True,True,1,1,0,0,1,"[[252, 92, 274, 206, 7]]",pathological
815,kidney_images\images\815.jpg,kidney_images\labels\815.txt,kidney_images\masks\815.mat,True,True,1,0,0,0,2,"[[362, 136, 121, 57, 7], [328, 170, 101, 77, 7]]",pathological
1716,kidney_images\images\1716.jpg,kidney_images\labels\1716.txt,kidney_images\masks\1716.mat,True,True,1,1,1,0,1,"[[383, 113, 50, 51, 2]]",pathological
1854,kidney_images\images\1854.jpg,kidney_images\labels\1854.txt,kidney_images\masks\1854.mat,True,True,0,0,0,0,0,[],healthy
1240,kidney_images\images\1240.jpg,kidney_images\labels\1240.txt,kidney_images\masks\1240.mat,True,True,0,0,0,0,0,[],healthy
1110,kidney_images\images\1110.jpg,kidney_images\labels\1110.txt,kidney_images\masks\1110.mat,True,True,1,1,1,0,0,[],pathological
965,kidney_images\images\965.jpg,kidney_images\labels\965.txt,kidney_images\masks\965.mat,True,True,1,0,0,0,3,"[[288, 183, 62, 57, 2], [360, 136, 49, 47, 2], [452, 106, 47, 50, 2]]",pathological
1188,kidney_images\images\1188.jpg,kidney_images\labels\1188.txt,kidney_images\masks\1188.mat,True,True,1,1,1,0,3,"[[390, 125, 35, 38, 2], [349, 159, 39, 42, 2], [432, 154, 26, 38, 2]]",pathological
556,kidney_images\images\556.jpg,kidney_images\labels\556.txt,kidney_images\masks\556.mat,True,True,1,0,0,0,2,"[[401, 209, 27, 38, 1], [431, 187, 23, 23, 8]]",pathological
90,kidney_images\images\90.jpg,kidney_images\labels\90.txt,kidney_images\masks\90.mat,True,True,1,0,0,0,1,"[[278, 170, 245, 143, 7]]",pathological
1181,kidney_images\images\1181.jpg,kidney_images\labels\1181.txt,kidney_images\masks\1181.mat,True,True,1,1,0,0,2,"[[379, 134, 44, 41, 4], [345, 136, 36, 38, 4]]",pathological
713,kidney_images\images\713.jpg,kidney_images\labels\713.txt,kidney_images\masks\713.mat,True,True,1,0,0,0,1,"[[301, 193, 38, 46, 2]]",pathological
338,kidney_images\images\338.jpg,kidney_images\labels\338.txt,kidney_images\masks\338.mat,True,True,1,0,0,0,4,"[[338, 133, 36, 40, 4], [273, 165, 57, 36, 4], [391, 131, 23, 40, 4], [388, 178, 43, 38, 7]]",pathological
612,kidney_images\images\612.jpg,kidney_images\labels\612.txt,kidney_images\masks\612.mat,True,True,1,1,1,0,2,"[[246, 160, 97, 78, 7], [310, 179, 179, 120, 7]]",pathological
1553,kidney_images\images\1553.jpg,kidney_images\labels\1553.txt,kidney_images\masks\1553.mat,True,True,1,1,0,0,0,[],pathological
176,kidney_images\images\176.jpg,kidney_images\labels\176.txt,kidney_images\masks\176.mat,True,True,1,0,0,0,1,"[[345, 214, 97, 94, 7]]",pathological
838,kidney_images\images\838.jpg,kidney_images\labels\838.txt,kidney_images\masks\838.mat,True,True,1,1,1,0,1,"[[279, 220, 26, 30, 8]]",pathological
943,kidney_images\images\943.jpg,kidney_images\labels\943.txt,kidney_images\masks\943.mat,True,True,0,0,0,0,0,[],healthy
1035,kidney_images\images\1035.jpg,kidney_images\labels\1035.txt,kidney_images\masks\1035.mat,True,True,1,0,0,0,1,"[[260, 153, 165, 163, 7]]",pathological
1759,kidney_images\images\1759.jpg,kidney_images\labels\1759.txt,kidney_images\masks\1759.mat,True,True,1,1,1,0,1,"[[312, 161, 53, 41, 2]]",pathological
707,kidney_images\images\707.jpg,kidney_images\labels\707.txt,kidney_images\masks\707.mat,True,True,1,0,0,0,1,"[[412, 128, 59, 35, 2]]",pathological
1765,kidney_images\images\1765.jpg,kidney_images\labels\1765.txt,kidney_images\masks\1765.mat,True,True,1,0,0,0,1,"[[401, 169, 40, 77, 1]]",pathological
568,kidney_images\images\568.jpg,kidney_images\labels\568.txt,kidney_images\masks\568.mat,True,True,1,0,1,0,1,"[[346, 121, 136, 106, 3]]",pathological
1268,kidney_images\images\1268.jpg,kidney_images\labels\1268.txt,kidney_images\masks\1268.mat,True,True,1,0,0,0,1,"[[442, 113, 25, 16, 2]]",pathological
641,kidney_images\images\641.jpg,kidney_images\labels\641.txt,kidney_images\masks\641.mat,True,True,1,1,1,0,3,"[[438, 171, 42, 45, 2], [393, 188, 60, 43, 4], [363, 215, 48, 52, 4]]",pathological
146,kidney_images\images\146.jpg,kidney_images\labels\146.txt,kidney_images\masks\146.mat,True,True,1,0,1,0,1,"[[250, 172, 54, 57, 2]]",pathological
606,kidney_images\images\606.jpg,kidney_images\labels\606.txt,kidney_images\masks\606.mat,True,True,1,0,0,0,1,"[[350, 221, 140, 94, 7]]",pathological
479,kidney_images\images\479.jpg,kidney_images\labels\479.txt,kidney_images\masks\479.mat,True,True,1,1,1,0,2,"[[344, 185, 108, 107, 2], [372, 132, 43, 41, 3]]",pathological
874,kidney_images\images\874.jpg,kidney_images\labels\874.txt,kidney_images\masks\874.mat,True,True,1,0,0,0,2,"[[469, 195, 35, 29, 2], [363, 170, 39, 31, 2]]",pathological
1842,kidney_images\images\1842.jpg,kidney_images\labels\1842.txt,kidney_images\masks\1842.mat,True,True,1,0,0,0,1,"[[456, 183, 93, 69, 2]]",pathological
1280,kidney_images\images\1280.jpg,kidney_images\labels\1280.txt,kidney_images\masks\1280.mat,True,True,1,0,0,0,1,"[[360, 176, 34, 28, 2]]",pathological
1719,kidney_images\images\1719.jpg,kidney_images\labels\1719.txt,kidney_images\masks\1719.mat,True,True,1,0,0,0,2,"[[395, 112, 48, 40, 2], [443, 103, 51, 44, 2]]",pathological
1590,kidney_images\images\1590.jpg,kidney_images\labels\1590.txt,kidney_images\masks\1590.mat,True,True,0,0,0,0,0,[],healthy
1760,kidney_images\images\1760.jpg,kidney_images\labels\1760.txt,kidney_images\masks\1760.mat,True,True,0,0,0,0,0,[],healthy
218,kidney_images\images\218.jpg,kidney_images\labels\218.txt,kidney_images\masks\218.mat,True,True,0,0,0,0,0,[],healthy
1399,kidney_images\images\1399.jpg,kidney_images\labels\1399.txt,kidney_images\masks\1399.mat,True,True,1,0,0,0,1,"[[346, 169, 33, 26, 2]]",pathological
1749,kidney_images\images\1749.jpg,kidney_images\labels\1749.txt,kidney_images\masks\1749.mat,True,True,1,0,0,0,1,"[[253, 235, 55, 47, 5]]",pathological
671,kidney_images\images\671.jpg,kidney_images\labels\671.txt,kidney_images\masks\671.mat,True,True,1,0,0,0,1,"[[262, 160, 95, 51, 7]]",pathological
1929,kidney_images\images\1929.jpg,kidney_images\labels\1929.txt,kidney_images\masks\1929.mat,True,True,0,0,0,0,0,[],healthy
369,kidney_images\images\369.jpg,kidney_images\labels\369.txt,kidney_images\masks\369.mat,True,True,1,1,0,0,0,[],pathological
1642,kidney_images\images\1642.jpg,kidney_images\labels\1642.txt,kidney_images\masks\1642.mat,True,True,1,0,0,0,1,"[[459, 103, 45, 23, 8]]",pathological
448,kidney_images\images\448.jpg,kidney_images\labels\448.txt,kidney_images\masks\448.mat,True,True,1,1,0,0,2,"[[326, 194, 51, 53, 4], [387, 152, 63, 40, 4]]",pathological
1849,kidney_images\images\1849.jpg,kidney_images\labels\1849.txt,kidney_images\masks\1849.mat,True,True,0,0,0,0,0,[],healthy
1614,kidney_images\images\1614.jpg,kidney_images\labels\1614.txt,kidney_images\masks\1614.mat,True,True,1,0,0,0,1,"[[449, 236, 57, 72, 1]]",pathological
1356,kidney_images\images\1356.jpg,kidney_images\labels\1356.txt,kidney_images\masks\1356.mat,True,True,1,0,0,0,1,"[[420, 199, 57, 56, 3]]",pathological
1403,kidney_images\images\1403.jpg,kidney_images\labels\1403.txt,kidney_images\masks\1403.mat,True,True,1,0,0,0,1,"[[390, 197, 37, 22, 3]]",pathological
1641,kidney_images\images\1641.jpg,kidney_images\labels\1641.txt,kidney_images\masks\1641.mat,True,True,0,0,0,1,0,[],healthy
414,kidney_images\images\414.jpg,kidney_images\labels\414.txt,kidney_images\masks\414.mat,True,True,1,1,0,0,6,"[[391, 168, 30, 60, 1], [424, 162, 36, 55, 1], [346, 170, 40, 32, 2], [365, 157, 29, 30, 2], [442, 143, 29, 23, 8], [333, 205, 50, 25, 2]]",pathological
66,kidney_images\images\66.jpg,kidney_images\labels\66.txt,kidney_images\masks\66.mat,True,True,0,0,0,0,0,[],healthy
392,kidney_images\images\392.jpg,kidney_images\labels\392.txt,kidney_images\masks\392.mat,True,True,1,0,0,0,1,"[[195, 135, 165, 115, 3]]",pathological
933,kidney_images\images\933.jpg,kidney_images\labels\933.txt,kidney_images\masks\933.mat,True,True,1,0,0,0,2,"[[273, 145, 38, 53, 2], [356, 105, 84, 47, 8]]",pathological
265,kidney_images\images\265.jpg,kidney_images\labels\265.txt,kidney_images\masks\265.mat,True,True,1,0,0,0,6,"[[408, 82, 122, 127, 2], [327, 87, 110, 93, 2], [371, 164, 73, 64, 2], [439, 173, 130, 133, 3], [355, 213, 104, 101, 2], [320, 171, 31, 43, 2]]",pathological
1351,kidney_images\images\1351.jpg,kidney_images\labels\1351.txt,kidney_images\masks\1351.mat,True,True,1,0,0,0,1,"[[417, 245, 111, 22, 8]]",pathological
251,kidney_images\images\251.jpg,kidney_images\labels\251.txt,kidney_images\masks\251.mat,True,True,1,0,0,0,1,"[[246, 212, 96, 60, 7]]",pathological
650,kidney_images\images\650.jpg,kidney_images\labels\650.txt,kidney_images\masks\650.mat,True,True,1,0,0,0,2,"[[298, 138, 123, 92, 7], [256, 189, 168, 125, 7]]",pathological
555,kidney_images\images\555.jpg,kidney_images\labels\555.txt,kidney_images\masks\555.mat,True,True,1,0,0,0,1,"[[498, 198, 20, 39, 8]]",pathological
204,kidney_images\images\204.jpg,kidney_images\labels\204.txt,kidney_images\masks\204.mat,True,True,1,0,0,0,1,"[[256, 161, 200, 112, 7]]",pathological
1247,kidney_images\images\1247.jpg,kidney_images\labels\1247.txt,kidney_images\masks\1247.mat,True,True,1,1,1,1,0,[],pathological
585,kidney_images\images\585.jpg,kidney_images\labels\585.txt,kidney_images\masks\585.mat,True,True,1,1,1,0,1,"[[336, 176, 55, 38, 4]]",pathological
1617,kidney_images\images\1617.jpg,kidney_images\labels\1617.txt,kidney_images\masks\1617.mat,True,True,0,0,0,0,0,[],healthy
92,kidney_images\images\92.jpg,kidney_images\labels\92.txt,kidney_images\masks\92.mat,True,True,0,0,0,0,0,[],healthy
1390,kidney_images\images\1390.jpg,kidney_images\labels\1390.txt,kidney_images\masks\1390.mat,True,True,1,0,1,0,7,"[[451, 208, 75, 70, 2], [323, 241, 94, 41, 2], [285, 212, 36, 35, 2], [291, 183, 49, 43, 2], [325, 173, 40, 41, 2], [353, 187, 48, 36, 2], [401, 215, 41, 51, 2]]",pathological
472,kidney_images\images\472.jpg,kidney_images\labels\472.txt,kidney_images\masks\472.mat,True,True,1,1,1,0,1,"[[365, 119, 105, 100, 2]]",pathological
1106,kidney_images\images\1106.jpg,kidney_images\labels\1106.txt,kidney_images\masks\1106.mat,True,True,0,0,0,0,0,[],healthy
1246,kidney_images\images\1246.jpg,kidney_images\labels\1246.txt,kidney_images\masks\1246.mat,True,True,0,0,0,1,0,[],healthy
1231,kidney_images\images\1231.jpg,kidney_images\labels\1231.txt,kidney_images\masks\1231.mat,True,True,0,0,0,1,0,[],healthy
1299,kidney_images\images\1299.jpg,kidney_images\labels\1299.txt,kidney_images\masks\1299.mat,True,True,0,0,0,0,0,[],healthy
362,kidney_images\images\362.jpg,kidney_images\labels\362.txt,kidney_images\masks\362.mat,True,True,1,1,1,0,1,"[[374, 238, 110, 38, 8]]",pathological
1875,kidney_images\images\1875.jpg,kidney_images\labels\1875.txt,kidney_images\masks\1875.mat,True,True,0,0,0,0,0,[],healthy
1679,kidney_images\images\1679.jpg,kidney_images\labels\1679.txt,kidney_images\masks\1679.mat,True,True,1,1,0,0,3,"[[319, 151, 58, 49, 4], [365, 117, 88, 40, 4], [400, 189, 83, 36, 4]]",pathological
1932,kidney_images\images\1932.jpg,kidney_images\labels\1932.txt,kidney_images\masks\1932.mat,True,True,0,0,0,0,0,[],healthy
355,kidney_images\images\355.jpg,kidney_images\labels\355.txt,kidney_images\masks\355.mat,True,True,0,0,0,0,0,[],healthy
409,kidney_images\images\409.jpg,kidney_images\labels\409.txt,kidney_images\masks\409.mat,True,True,1,1,0,0,2,"[[295, 135, 97, 70, 7], [394, 137, 160, 100, 7]]",pathological
1963,kidney_images\images\1963.jpg,kidney_images\labels\1963.txt,kidney_images\masks\1963.mat,True,True,0,0,0,0,0,[],healthy
927,kidney_images\images\927.jpg,kidney_images\labels\927.txt,kidney_images\masks\927.mat,True,True,1,0,1,0,3,"[[303, 190, 52, 73, 2], [449, 187, 39, 44, 4], [397, 190, 53, 45, 4]]",pathological
1029,kidney_images\images\1029.jpg,kidney_images\labels\1029.txt,kidney_images\masks\1029.mat,True,True,1,1,1,0,2,"[[470, 132, 69, 52, 2], [390, 178, 60, 33, 2]]",pathological
1236,kidney_images\images\1236.jpg,kidney_images\labels\1236.txt,kidney_images\masks\1236.mat,True,True,1,1,1,0,2,"[[293, 143, 63, 58, 7], [523, 152, 46, 61, 7]]",pathological
258,kidney_images\images\258.jpg,kidney_images\labels\258.txt,kidney_images\masks\258.mat,True,True,0,0,0,0,0,[],healthy
958,kidney_images\images\958.jpg,kidney_images\labels\958.txt,kidney_images\masks\958.mat,True,True,1,0,0,1,2,"[[399, 124, 44, 57, 7], [397, 112, 77, 83, 7]]",pathological
1431,kidney_images\images\1431.jpg,kidney_images\labels\1431.txt,kidney_images\masks\1431.mat,True,True,0,0,0,0,0,[],healthy
1379,kidney_images\images\1379.jpg,kidney_images\labels\1379.txt,kidney_images\masks\1379.mat,True,True,0,0,0,0,0,[],healthy
1555,kidney_images\images\1555.jpg,kidney_images\labels\1555.txt,kidney_images\masks\1555.mat,True,True,1,1,1,0,0,[],pathological
1087,kidney_images\images\1087.jpg,kidney_images\labels\1087.txt,kidney_images\masks\1087.mat,True,True,1,0,1,0,2,"[[374, 184, 36, 30, 2], [333, 136, 35, 52, 2]]",pathological
356,kidney_images\images\356.jpg,kidney_images\labels\356.txt,kidney_images\masks\356.mat,True,True,0,0,0,0,0,[],healthy
1230,kidney_images\images\1230.jpg,kidney_images\labels\1230.txt,kidney_images\masks\1230.mat,True,True,1,1,1,0,0,[],pathological
517,kidney_images\images\517.jpg,kidney_images\labels\517.txt,kidney_images\masks\517.mat,True,True,1,1,0,0,0,[],pathological
1548,kidney_images\images\1548.jpg,kidney_images\labels\1548.txt,kidney_images\masks\1548.mat,True,True,0,0,0,0,0,[],healthy
341,kidney_images\images\341.jpg,kidney_images\labels\341.txt,kidney_images\masks\341.mat,True,True,1,0,0,0,3,"[[285, 151, 99, 63, 2], [297, 223, 30, 64, 2], [358, 193, 52, 69, 2]]",pathological
1081,kidney_images\images\1081.jpg,kidney_images\labels\1081.txt,kidney_images\masks\1081.mat,True,True,1,1,1,0,1,"[[343, 302, 28, 36, 2]]",pathological
299,kidney_images\images\299.jpg,kidney_images\labels\299.txt,kidney_images\masks\299.mat,True,True,1,0,0,0,1,"[[382, 194, 33, 18, 1]]",pathological
142,kidney_images\images\142.jpg,kidney_images\labels\142.txt,kidney_images\masks\142.mat,True,True,1,0,0,0,1,"[[354, 157, 118, 73, 7]]",pathological
1317,kidney_images\images\1317.jpg,kidney_images\labels\1317.txt,kidney_images\masks\1317.mat,True,True,1,0,0,0,1,"[[529, 190, 49, 70, 2]]",pathological
1810,kidney_images\images\1810.jpg,kidney_images\labels\1810.txt,kidney_images\masks\1810.mat,True,True,1,0,0,0,3,"[[440, 231, 47, 37, 2], [462, 206, 30, 35, 2], [490, 176, 26, 44, 2]]",pathological
643,kidney_images\images\643.jpg,kidney_images\labels\643.txt,kidney_images\masks\643.mat,True,True,1,1,1,0,3,"[[256, 181, 44, 44, 3], [400, 234, 34, 24, 1], [362, 160, 40, 53, 4]]",pathological
1091,kidney_images\images\1091.jpg,kidney_images\labels\1091.txt,kidney_images\masks\1091.mat,True,True,1,1,1,0,0,[],pathological
4,kidney_images\images\4.jpg,kidney_images\labels\4.txt,kidney_images\masks\4.mat,True,True,1,1,0,0,0,[],pathological
343,kidney_images\images\343.jpg,kidney_images\labels\343.txt,kidney_images\masks\343.mat,True,True,0,0,0,0,0,[],healthy
168,kidney_images\images\168.jpg,kidney_images\labels\168.txt,kidney_images\masks\168.mat,True,True,1,0,0,0,1,"[[337, 172, 88, 30, 7]]",pathological
1910,kidney_images\images\1910.jpg,kidney_images\labels\1910.txt,kidney_images\masks\1910.mat,True,True,1,0,0,0,3,"[[369, 148, 35, 33, 4], [423, 148, 25, 33, 4], [456, 156, 19, 23, 4]]",pathological
239,kidney_images\images\239.jpg,kidney_images\labels\239.txt,kidney_images\masks\239.mat,True,True,1,0,0,0,1,"[[272, 192, 35, 44, 2]]",pathological
988,kidney_images\images\988.jpg,kidney_images\labels\988.txt,kidney_images\masks\988.mat,True,True,1,0,0,0,2,"[[306, 77, 119, 101, 3], [430, 128, 80, 82, 2]]",pathological
1898,kidney_images\images\1898.jpg,kidney_images\labels\1898.txt,kidney_images\masks\1898.mat,True,True,1,0,0,0,1,"[[417, 256, 81, 43, 8]]",pathological
1702,kidney_images\images\1702.jpg,kidney_images\labels\1702.txt,kidney_images\masks\1702.mat,True,True,1,0,0,0,2,"[[305, 179, 51, 50, 2], [429, 205, 49, 51, 2]]",pathological
814,kidney_images\images\814.jpg,kidney_images\labels\814.txt,kidney_images\masks\814.mat,True,True,1,0,1,0,0,[],pathological
445,kidney_images\images\445.jpg,kidney_images\labels\445.txt,kidney_images\masks\445.mat,True,True,1,0,0,0,3,"[[426, 158, 23, 19, 8], [309, 162, 139, 169, 7], [415, 148, 138, 181, 7]]",pathological
1477,kidney_images\images\1477.jpg,kidney_images\labels\1477.txt,kidney_images\masks\1477.mat,True,True,1,0,0,0,2,"[[419, 206, 38, 42, 2], [376, 222, 46, 40, 2]]",pathological
360,kidney_images\images\360.jpg,kidney_images\labels\360.txt,kidney_images\masks\360.mat,True,True,1,1,1,0,2,"[[430, 131, 35, 40, 4], [343, 157, 47, 27, 4]]",pathological
1682,kidney_images\images\1682.jpg,kidney_images\labels\1682.txt,kidney_images\masks\1682.mat,True,True,1,1,0,1,2,"[[415, 137, 32, 33, 4], [432, 101, 33, 25, 4]]",pathological
1711,kidney_images\images\1711.jpg,kidney_images\labels\1711.txt,kidney_images\masks\1711.mat,True,True,0,0,0,1,0,[],healthy
366,kidney_images\images\366.jpg,kidney_images\labels\366.txt,kidney_images\masks\366.mat,True,True,1,1,0,0,1,"[[329, 199, 44, 49, 8]]",pathological
955,kidney_images\images\955.jpg,kidney_images\labels\955.txt,kidney_images\masks\955.mat,True,True,0,0,0,0,0,[],healthy
91,kidney_images\images\91.jpg,kidney_images\labels\91.txt,kidney_images\masks\91.mat,True,True,0,0,0,0,0,[],healthy
127,kidney_images\images\127.jpg,kidney_images\labels\127.txt,kidney_images\masks\127.mat,True,True,1,0,0,0,2,"[[275, 196, 143, 80, 7], [203, 194, 71, 51, 7]]",pathological
1209,kidney_images\images\1209.jpg,kidney_images\labels\1209.txt,kidney_images\masks\1209.mat,True,True,1,1,1,0,1,"[[345, 161, 113, 94, 7]]",pathological
77,kidney_images\images\77.jpg,kidney_images\labels\77.txt,kidney_images\masks\77.mat,True,True,0,0,0,0,0,[],healthy
1750,kidney_images\images\1750.jpg,kidney_images\labels\1750.txt,kidney_images\masks\1750.mat,True,True,0,0,0,0,0,[],healthy
920,kidney_images\images\920.jpg,kidney_images\labels\920.txt,kidney_images\masks\920.mat,True,True,1,0,0,0,3,"[[425, 185, 99, 104, 2], [513, 161, 87, 88, 2], [357, 189, 56, 40, 2]]",pathological
1798,kidney_images\images\1798.jpg,kidney_images\labels\1798.txt,kidney_images\masks\1798.mat,True,True,0,0,0,0,0,[],healthy
1652,kidney_images\images\1652.jpg,kidney_images\labels\1652.txt,kidney_images\masks\1652.mat,True,True,1,0,0,0,3,"[[378, 122, 32, 33, 7], [318, 182, 42, 42, 7], [406, 118, 102, 83, 7]]",pathological
1645,kidney_images\images\1645.jpg,kidney_images\labels\1645.txt,kidney_images\masks\1645.mat,True,True,1,1,1,0,0,[],pathological
1251,kidney_images\images\1251.jpg,kidney_images\labels\1251.txt,kidney_images\masks\1251.mat,True,True,0,0,0,0,0,[],healthy
1455,kidney_images\images\1455.jpg,kidney_images\labels\1455.txt,kidney_images\masks\1455.mat,True,True,0,0,0,0,0,[],healthy
1603,kidney_images\images\1603.jpg,kidney_images\labels\1603.txt,kidney_images\masks\1603.mat,True,True,1,0,0,0,1,"[[307, 176, 105, 80, 3]]",pathological
50,kidney_images\images\50.jpg,kidney_images\labels\50.txt,kidney_images\masks\50.mat,True,True,1,1,1,0,2,"[[342, 125, 103, 70, 7], [291, 104, 117, 50, 8]]",pathological
1423,kidney_images\images\1423.jpg,kidney_images\labels\1423.txt,kidney_images\masks\1423.mat,True,True,1,1,0,1,0,[],pathological
699,kidney_images\images\699.jpg,kidney_images\labels\699.txt,kidney_images\masks\699.mat,True,True,1,0,0,0,3,"[[394, 132, 63, 53, 4], [439, 142, 61, 56, 4], [372, 198, 58, 40, 7]]",pathological
993,kidney_images\images\993.jpg,kidney_images\labels\993.txt,kidney_images\masks\993.mat,True,True,1,1,1,0,0,[],pathological
1882,kidney_images\images\1882.jpg,kidney_images\labels\1882.txt,kidney_images\masks\1882.mat,True,True,1,0,0,0,2,"[[428, 156, 56, 63, 4], [314, 173, 75, 79, 4]]",pathological
1518,kidney_images\images\1518.jpg,kidney_images\labels\1518.txt,kidney_images\masks\1518.mat,True,True,1,1,0,0,3,"[[390, 218, 32, 42, 4], [323, 234, 56, 44, 4], [295, 251, 83, 60, 4]]",pathological
1350,kidney_images\images\1350.jpg,kidney_images\labels\1350.txt,kidney_images\masks\1350.mat,True,True,1,0,0,0,1,"[[446, 139, 49, 15, 1]]",pathological
1413,kidney_images\images\1413.jpg,kidney_images\labels\1413.txt,kidney_images\masks\1413.mat,True,True,1,1,0,0,0,[],pathological
1837,kidney_images\images\1837.jpg,kidney_images\labels\1837.txt,kidney_images\masks\1837.mat,True,True,1,0,0,0,1,"[[256, 145, 138, 146, 3]]",pathological
1102,kidney_images\images\1102.jpg,kidney_images\labels\1102.txt,kidney_images\masks\1102.mat,True,True,1,0,0,0,1,"[[302, 193, 216, 77, 7]]",pathological
107,kidney_images\images\107.jpg,kidney_images\labels\107.txt,kidney_images\masks\107.mat,True,True,1,0,0,0,1,"[[297, 215, 263, 136, 7]]",pathological
1915,kidney_images\images\1915.jpg,kidney_images\labels\1915.txt,kidney_images\masks\1915.mat,True,True,0,0,0,0,0,[],healthy
923,kidney_images\images\923.jpg,kidney_images\labels\923.txt,kidney_images\masks\923.mat,True,True,1,0,1,0,0,[],pathological
1194,kidney_images\images\1194.jpg,kidney_images\labels\1194.txt,kidney_images\masks\1194.mat,True,True,1,1,1,0,0,[],pathological
1841,kidney_images\images\1841.jpg,kidney_images\labels\1841.txt,kidney_images\masks\1841.mat,True,True,1,0,0,0,1,"[[404, 172, 78, 51, 7]]",pathological
443,kidney_images\images\443.jpg,kidney_images\labels\443.txt,kidney_images\masks\443.mat,True,True,0,0,0,0,0,[],healthy
1867,kidney_images\images\1867.jpg,kidney_images\labels\1867.txt,kidney_images\masks\1867.mat,True,True,1,1,1,0,0,[],pathological
1593,kidney_images\images\1593.jpg,kidney_images\labels\1593.txt,kidney_images\masks\1593.mat,True,True,0,0,0,1,0,[],healthy
96,kidney_images\images\96.jpg,kidney_images\labels\96.txt,kidney_images\masks\96.mat,True,True,1,1,0,0,0,[],pathological
750,kidney_images\images\750.jpg,kidney_images\labels\750.txt,kidney_images\masks\750.mat,True,True,1,1,1,0,0,[],pathological
310,kidney_images\images\310.jpg,kidney_images\labels\310.txt,kidney_images\masks\310.mat,True,True,1,0,0,0,1,"[[402, 151, 75, 59, 6]]",pathological
288,kidney_images\images\288.jpg,kidney_images\labels\288.txt,kidney_images\masks\288.mat,True,True,1,0,0,0,1,"[[283, 180, 178, 68, 7]]",pathological
51,kidney_images\images\51.jpg,kidney_images\labels\51.txt,kidney_images\masks\51.mat,True,True,1,0,0,0,12,"[[220, 210, 130, 86, 2], [214, 179, 64, 54, 2], [276, 100, 112, 79, 2], [323, 142, 74, 77, 2], [411, 153, 67, 56, 2], [205, 109, 84, 56, 2], [448, 119, 44, 43, 2], [483, 132, 76, 66, 2], [358, 71, 67, 73, 2], [430, 83, 83, 47, 2], [409, 61, 85, 43, 2], [249, 63, 90, 61, 2]]",pathological
1853,kidney_images\images\1853.jpg,kidney_images\labels\1853.txt,kidney_images\masks\1853.mat,True,True,0,0,0,0,0,[],healthy
1002,kidney_images\images\1002.jpg,kidney_images\labels\1002.txt,kidney_images\masks\1002.mat,True,True,1,1,1,0,0,[],pathological
1046,kidney_images\images\1046.jpg,kidney_images\labels\1046.txt,kidney_images\masks\1046.mat,True,True,0,0,0,0,0,[],healthy
982,kidney_images\images\982.jpg,kidney_images\labels\982.txt,kidney_images\masks\982.mat,True,True,1,0,0,0,2,"[[340, 159, 106, 80, 7], [464, 156, 59, 53, 7]]",pathological
795,kidney_images\images\795.jpg,kidney_images\labels\795.txt,kidney_images\masks\795.mat,True,True,1,1,1,0,0,[],pathological
1083,kidney_images\images\1083.jpg,kidney_images\labels\1083.txt,kidney_images\masks\1083.mat,True,True,0,0,0,0,0,[],healthy
1627,kidney_images\images\1627.jpg,kidney_images\labels\1627.txt,kidney_images\masks\1627.mat,True,True,1,0,0,1,1,"[[345, 147, 257, 128, 7]]",pathological
1311,kidney_images\images\1311.jpg,kidney_images\labels\1311.txt,kidney_images\masks\1311.mat,True,True,1,1,1,0,2,"[[335, 160, 84, 63, 2], [439, 180, 37, 44, 2]]",pathological
1303,kidney_images\images\1303.jpg,kidney_images\labels\1303.txt,kidney_images\masks\1303.mat,True,True,1,0,0,0,3,"[[373, 190, 55, 42, 2], [417, 129, 64, 66, 2], [445, 161, 72, 68, 2]]",pathological
73,kidney_images\images\73.jpg,kidney_images\labels\73.txt,kidney_images\masks\73.mat,True,True,1,0,0,0,3,"[[436, 149, 25, 34, 9], [374, 140, 32, 28, 9], [299, 139, 33, 32, 9]]",pathological
1954,kidney_images\images\1954.jpg,kidney_images\labels\1954.txt,kidney_images\masks\1954.mat,True,True,1,0,0,0,5,"[[309, 138, 62, 85, 2], [365, 191, 62, 68, 2], [424, 164, 37, 51, 2], [404, 215, 100, 81, 2], [475, 162, 49, 46, 2]]",pathological
1391,kidney_images\images\1391.jpg,kidney_images\labels\1391.txt,kidney_images\masks\1391.mat,True,True,1,0,0,0,4,"[[397, 165, 85, 64, 3], [344, 148, 51, 56, 2], [304, 197, 38, 37, 2], [422, 219, 57, 70, 3]]",pathological
1284,kidney_images\images\1284.jpg,kidney_images\labels\1284.txt,kidney_images\masks\1284.mat,True,True,0,0,0,0,0,[],healthy
951,kidney_images\images\951.jpg,kidney_images\labels\951.txt,kidney_images\masks\951.mat,True,True,0,0,0,0,0,[],healthy
1543,kidney_images\images\1543.jpg,kidney_images\labels\1543.txt,kidney_images\masks\1543.mat,True,True,0,0,0,0,0,[],healthy
451,kidney_images\images\451.jpg,kidney_images\labels\451.txt,kidney_images\masks\451.mat,True,True,1,0,0,1,1,"[[385, 156, 51, 50, 7]]",pathological
1270,kidney_images\images\1270.jpg,kidney_images\labels\1270.txt,kidney_images\masks\1270.mat,True,True,1,0,0,0,1,"[[372, 223, 86, 79, 2]]",pathological
1604,kidney_images\images\1604.jpg,kidney_images\labels\1604.txt,kidney_images\masks\1604.mat,True,True,1,0,0,0,1,"[[295, 173, 107, 118, 3]]",pathological
1856,kidney_images\images\1856.jpg,kidney_images\labels\1856.txt,kidney_images\masks\1856.mat,True,True,0,0,0,0,0,[],healthy
150,kidney_images\images\150.jpg,kidney_images\labels\150.txt,kidney_images\masks\150.mat,True,True,1,1,1,0,0,[],pathological
229,kidney_images\images\229.jpg,kidney_images\labels\229.txt,kidney_images\masks\229.mat,True,True,1,1,1,0,1,"[[319, 166, 77, 33, 8]]",pathological
465,kidney_images\images\465.jpg,kidney_images\labels\465.txt,kidney_images\masks\465.mat,True,True,1,0,0,0,1,"[[366, 96, 37, 23, 8]]",pathological
679,kidney_images\images\679.jpg,kidney_images\labels\679.txt,kidney_images\masks\679.mat,True,True,0,0,0,1,0,[],healthy
441,kidney_images\images\441.jpg,kidney_images\labels\441.txt,kidney_images\masks\441.mat,True,True,1,1,0,0,4,"[[313, 199, 46, 35, 2], [418, 154, 45, 36, 2], [363, 211, 33, 65, 1], [403, 181, 49, 57, 1]]",pathological
374,kidney_images\images\374.jpg,kidney_images\labels\374.txt,kidney_images\masks\374.mat,True,True,1,0,0,0,1,"[[401, 145, 116, 83, 3]]",pathological
740,kidney_images\images\740.jpg,kidney_images\labels\740.txt,kidney_images\masks\740.mat,True,True,1,1,0,0,3,"[[236, 211, 87, 72, 2], [309, 140, 82, 44, 7], [312, 189, 130, 64, 7]]",pathological
238,kidney_images\images\238.jpg,kidney_images\labels\238.txt,kidney_images\masks\238.mat,True,True,0,0,0,0,0,[],healthy
1618,kidney_images\images\1618.jpg,kidney_images\labels\1618.txt,kidney_images\masks\1618.mat,True,True,1,0,0,0,1,"[[329, 139, 54, 55, 2]]",pathological
11,kidney_images\images\11.jpg,kidney_images\labels\11.txt,kidney_images\masks\11.mat,True,True,1,0,0,0,1,"[[314, 115, 33, 24, 1]]",pathological
471,kidney_images\images\471.jpg,kidney_images\labels\471.txt,kidney_images\masks\471.mat,True,True,1,1,1,0,1,"[[363, 132, 107, 79, 2]]",pathological
570,kidney_images\images\570.jpg,kidney_images\labels\570.txt,kidney_images\masks\570.mat,True,True,1,1,0,0,0,[],pathological
1324,kidney_images\images\1324.jpg,kidney_images\labels\1324.txt,kidney_images\masks\1324.mat,True,True,1,0,0,0,4,"[[368, 241, 44, 34, 2], [330, 219, 36, 34, 2], [293, 222, 36, 31, 2], [363, 281, 52, 36, 2]]",pathological
1676,kidney_images\images\1676.jpg,kidney_images\labels\1676.txt,kidney_images\masks\1676.mat,True,True,1,1,1,0,0,[],pathological
786,kidney_images\images\786.jpg,kidney_images\labels\786.txt,kidney_images\masks\786.mat,True,True,1,1,1,0,0,[],pathological
941,kidney_images\images\941.jpg,kidney_images\labels\941.txt,kidney_images\masks\941.mat,True,True,1,0,0,0,1,"[[477, 148, 49, 62, 2]]",pathological
777,kidney_images\images\777.jpg,kidney_images\labels\777.txt,kidney_images\masks\777.mat,True,True,1,0,0,0,1,"[[536, 176, 57, 73, 2]]",pathological
691,kidney_images\images\691.jpg,kidney_images\labels\691.txt,kidney_images\masks\691.mat,True,True,1,0,0,0,4,"[[427, 93, 94, 123, 2], [351, 150, 72, 81, 2], [390, 167, 78, 69, 2], [269, 149, 89, 88, 2]]",pathological
36,kidney_images\images\36.jpg,kidney_images\labels\36.txt,kidney_images\masks\36.mat,True,True,1,0,0,0,1,"[[255, 257, 198, 92, 7]]",pathological
478,kidney_images\images\478.jpg,kidney_images\labels\478.txt,kidney_images\masks\478.mat,True,True,1,0,0,0,2,"[[156, 102, 193, 136, 2], [396, 185, 55, 39, 2]]",pathological
1039,kidney_images\images\1039.jpg,kidney_images\labels\1039.txt,kidney_images\masks\1039.mat,True,True,1,0,0,0,1,"[[388, 184, 240, 184, 7]]",pathological
1126,kidney_images\images\1126.jpg,kidney_images\labels\1126.txt,kidney_images\masks\1126.mat,True,True,1,0,1,0,2,"[[334, 192, 31, 34, 2], [395, 198, 30, 31, 2]]",pathological
29,kidney_images\images\29.jpg,kidney_images\labels\29.txt,kidney_images\masks\29.mat,True,True,1,0,0,0,1,"[[332, 167, 45, 42, 2]]",pathological
613,kidney_images\images\613.jpg,kidney_images\labels\613.txt,kidney_images\masks\613.mat,True,True,1,1,1,0,2,"[[249, 164, 129, 117, 7], [366, 161, 150, 132, 7]]",pathological
512,kidney_images\images\512.jpg,kidney_images\labels\512.txt,kidney_images\masks\512.mat,True,True,1,1,1,0,2,"[[411, 136, 45, 55, 4], [361, 147, 36, 35, 4]]",pathological
78,kidney_images\images\78.jpg,kidney_images\labels\78.txt,kidney_images\masks\78.mat,True,True,0,0,0,0,0,[],healthy
1371,kidney_images\images\1371.jpg,kidney_images\labels\1371.txt,kidney_images\masks\1371.mat,True,True,1,0,0,0,1,"[[321, 130, 227, 144, 7]]",pathological
1970,kidney_images\images\1970.jpg,kidney_images\labels\1970.txt,kidney_images\masks\1970.mat,True,True,0,0,0,0,0,[],healthy
1839,kidney_images\images\1839.jpg,kidney_images\labels\1839.txt,kidney_images\masks\1839.mat,True,True,0,0,0,1,0,[],healthy
1982,kidney_images\images\1982.jpg,kidney_images\labels\1982.txt,kidney_images\masks\1982.mat,True,True,1,1,0,0,4,"[[386, 159, 66, 35, 4], [468, 176, 61, 38, 4], [418, 201, 56, 37, 4], [475, 127, 56, 59, 4]]",pathological
257,kidney_images\images\257.jpg,kidney_images\labels\257.txt,kidney_images\masks\257.mat,True,True,1,0,0,0,1,"[[324, 196, 231, 86, 7]]",pathological
610,kidney_images\images\610.jpg,kidney_images\labels\610.txt,kidney_images\masks\610.mat,True,True,1,1,0,0,1,"[[373, 180, 211, 86, 7]]",pathological
1443,kidney_images\images\1443.jpg,kidney_images\labels\1443.txt,kidney_images\masks\1443.mat,True,True,0,0,0,0,0,[],healthy
1062,kidney_images\images\1062.jpg,kidney_images\labels\1062.txt,kidney_images\masks\1062.mat,True,True,0,0,0,0,0,[],healthy
887,kidney_images\images\887.jpg,kidney_images\labels\887.txt,kidney_images\masks\887.mat,True,True,0,0,0,0,0,[],healthy
1866,kidney_images\images\1866.jpg,kidney_images\labels\1866.txt,kidney_images\masks\1866.mat,True,True,0,0,0,1,0,[],healthy
307,kidney_images\images\307.jpg,kidney_images\labels\307.txt,kidney_images\masks\307.mat,True,True,1,1,1,0,4,"[[360, 118, 22, 20, 2], [330, 128, 17, 17, 2], [387, 127, 21, 32, 2], [414, 124, 20, 22, 2]]",pathological
302,kidney_images\images\302.jpg,kidney_images\labels\302.txt,kidney_images\masks\302.mat,True,True,1,0,0,0,1,"[[387, 146, 104, 72, 6]]",pathological
437,kidney_images\images\437.jpg,kidney_images\labels\437.txt,kidney_images\masks\437.mat,True,True,1,0,0,0,5,"[[260, 213, 100, 96, 7], [265, 226, 190, 106, 7], [361, 167, 52, 54, 7], [272, 166, 91, 91, 7], [364, 142, 91, 108, 7]]",pathological
718,kidney_images\images\718.jpg,kidney_images\labels\718.txt,kidney_images\masks\718.mat,True,True,1,0,0,0,3,"[[402, 190, 69, 57, 4], [480, 186, 64, 72, 4], [346, 213, 66, 55, 4]]",pathological
846,kidney_images\images\846.jpg,kidney_images\labels\846.txt,kidney_images\masks\846.mat,True,True,1,0,0,0,3,"[[320, 173, 61, 55, 2], [400, 177, 71, 45, 2], [388, 218, 84, 72, 7]]",pathological
1892,kidney_images\images\1892.jpg,kidney_images\labels\1892.txt,kidney_images\masks\1892.mat,True,True,1,0,0,0,2,"[[396, 164, 37, 52, 2], [297, 160, 31, 30, 2]]",pathological
1034,kidney_images\images\1034.jpg,kidney_images\labels\1034.txt,kidney_images\masks\1034.mat,True,True,1,1,1,1,0,[],pathological
1139,kidney_images\images\1139.jpg,kidney_images\labels\1139.txt,kidney_images\masks\1139.mat,True,True,1,1,0,0,2,"[[359, 120, 29, 29, 8], [306, 153, 32, 55, 1]]",pathological
948,kidney_images\images\948.jpg,kidney_images\labels\948.txt,kidney_images\masks\948.mat,True,True,1,0,0,0,1,"[[307, 193, 34, 38, 4]]",pathological
1123,kidney_images\images\1123.jpg,kidney_images\labels\1123.txt,kidney_images\masks\1123.mat,True,True,1,0,0,1,1,"[[346, 235, 32, 34, 2]]",pathological
812,kidney_images\images\812.jpg,kidney_images\labels\812.txt,kidney_images\masks\812.mat,True,True,1,1,1,0,0,[],pathological
1589,kidney_images\images\1589.jpg,kidney_images\labels\1589.txt,kidney_images\masks\1589.mat,True,True,1,1,1,0,1,"[[293, 204, 25, 44, 2]]",pathological
963,kidney_images\images\963.jpg,kidney_images\labels\963.txt,kidney_images\masks\963.mat,True,True,0,0,0,0,0,[],healthy
1984,kidney_images\images\1984.jpg,kidney_images\labels\1984.txt,kidney_images\masks\1984.mat,True,True,1,1,1,0,0,[],pathological
1886,kidney_images\images\1886.jpg,kidney_images\labels\1886.txt,kidney_images\masks\1886.mat,True,True,0,0,0,0,0,[],healthy
1479,kidney_images\images\1479.jpg,kidney_images\labels\1479.txt,kidney_images\masks\1479.mat,True,True,1,0,0,0,2,"[[372, 146, 120, 77, 7], [288, 182, 65, 100, 7]]",pathological
99,kidney_images\images\99.jpg,kidney_images\labels\99.txt,kidney_images\masks\99.mat,True,True,1,0,0,0,1,"[[366, 192, 19, 101, 1]]",pathological
1215,kidney_images\images\1215.jpg,kidney_images\labels\1215.txt,kidney_images\masks\1215.mat,True,True,0,0,0,0,0,[],healthy
101,kidney_images\images\101.jpg,kidney_images\labels\101.txt,kidney_images\masks\101.mat,True,True,1,0,0,0,1,"[[332, 186, 22, 69, 1]]",pathological
542,kidney_images\images\542.jpg,kidney_images\labels\542.txt,kidney_images\masks\542.mat,True,True,1,1,1,0,0,[],pathological
1024,kidney_images\images\1024.jpg,kidney_images\labels\1024.txt,kidney_images\masks\1024.mat,True,True,0,0,0,0,0,[],healthy
803,kidney_images\images\803.jpg,kidney_images\labels\803.txt,kidney_images\masks\803.mat,True,True,1,1,1,0,4,"[[348, 239, 42, 34, 2], [448, 206, 43, 45, 2], [331, 272, 57, 37, 2], [390, 205, 48, 44, 2]]",pathological
616,kidney_images\images\616.jpg,kidney_images\labels\616.txt,kidney_images\masks\616.mat,True,True,1,1,1,0,2,"[[319, 175, 59, 73, 7], [359, 174, 198, 116, 7]]",pathological
1265,kidney_images\images\1265.jpg,kidney_images\labels\1265.txt,kidney_images\masks\1265.mat,True,True,1,0,0,0,6,"[[285, 188, 34, 27, 4], [317, 152, 32, 31, 4], [360, 139, 21, 40, 4], [404, 132, 43, 40, 4], [355, 158, 18, 39, 1], [347, 137, 39, 27, 4]]",pathological
137,kidney_images\images\137.jpg,kidney_images\labels\137.txt,kidney_images\masks\137.mat,True,True,1,0,1,0,0,[],pathological
1662,kidney_images\images\1662.jpg,kidney_images\labels\1662.txt,kidney_images\masks\1662.mat,True,True,1,1,1,0,1,"[[328, 176, 184, 181, 7]]",pathological
1832,kidney_images\images\1832.jpg,kidney_images\labels\1832.txt,kidney_images\masks\1832.mat,True,True,0,0,0,0,0,[],healthy
14,kidney_images\images\14.jpg,kidney_images\labels\14.txt,kidney_images\masks\14.mat,True,True,1,0,0,0,1,"[[280, 136, 128, 84, 7]]",pathological
346,kidney_images\images\346.jpg,kidney_images\labels\346.txt,kidney_images\masks\346.mat,True,True,1,0,0,0,3,"[[441, 239, 30, 36, 4], [364, 232, 36, 36, 4], [328, 237, 36, 31, 4]]",pathological
304,kidney_images\images\304.jpg,kidney_images\labels\304.txt,kidney_images\masks\304.mat,True,True,1,0,0,0,4,"[[435, 125, 26, 35, 2], [413, 119, 10, 23, 2], [390, 150, 25, 30, 2], [372, 128, 23, 37, 2]]",pathological
1454,kidney_images\images\1454.jpg,kidney_images\labels\1454.txt,kidney_images\masks\1454.mat,True,True,0,0,0,0,0,[],healthy
1877,kidney_images\images\1877.jpg,kidney_images\labels\1877.txt,kidney_images\masks\1877.mat,True,True,1,0,0,0,7,"[[345, 104, 83, 67, 2], [369, 159, 51, 42, 2], [338, 175, 70, 72, 2], [272, 196, 72, 52, 2], [446, 150, 42, 38, 2], [450, 91, 57, 72, 2], [218, 154, 99, 53, 2]]",pathological
1647,kidney_images\images\1647.jpg,kidney_images\labels\1647.txt,kidney_images\masks\1647.mat,True,True,1,1,1,0,0,[],pathological
327,kidney_images\images\327.jpg,kidney_images\labels\327.txt,kidney_images\masks\327.mat,True,True,1,0,0,0,3,"[[450, 187, 21, 41, 4], [377, 183, 28, 31, 4], [346, 191, 35, 37, 4]]",pathological
1873,kidney_images\images\1873.jpg,kidney_images\labels\1873.txt,kidney_images\masks\1873.mat,True,True,0,0,0,1,0,[],healthy
866,kidney_images\images\866.jpg,kidney_images\labels\866.txt,kidney_images\masks\866.mat,True,True,1,1,1,0,0,[],pathological
1458,kidney_images\images\1458.jpg,kidney_images\labels\1458.txt,kidney_images\masks\1458.mat,True,True,0,0,0,0,0,[],healthy
382,kidney_images\images\382.jpg,kidney_images\labels\382.txt,kidney_images\masks\382.mat,True,True,1,0,0,0,1,"[[268, 167, 40, 38, 5]]",pathological
1705,kidney_images\images\1705.jpg,kidney_images\labels\1705.txt,kidney_images\masks\1705.mat,True,True,0,0,0,0,0,[],healthy
599,kidney_images\images\599.jpg,kidney_images\labels\599.txt,kidney_images\masks\599.mat,True,True,0,0,0,0,0,[],healthy
1632,kidney_images\images\1632.jpg,kidney_images\labels\1632.txt,kidney_images\masks\1632.mat,True,True,1,1,1,0,2,"[[334, 192, 68, 56, 2], [390, 178, 41, 47, 2]]",pathological
686,kidney_images\images\686.jpg,kidney_images\labels\686.txt,kidney_images\masks\686.mat,True,True,1,0,1,0,1,"[[397, 157, 35, 28, 2]]",pathological
656,kidney_images\images\656.jpg,kidney_images\labels\656.txt,kidney_images\masks\656.mat,True,True,1,1,0,0,2,"[[337, 163, 76, 50, 4], [389, 169, 61, 49, 4]]",pathological
895,kidney_images\images\895.jpg,kidney_images\labels\895.txt,kidney_images\masks\895.mat,True,True,1,1,1,0,0,[],pathological
1786,kidney_images\images\1786.jpg,kidney_images\labels\1786.txt,kidney_images\masks\1786.mat,True,True,1,0,0,0,3,"[[411, 130, 119, 105, 2], [280, 170, 80, 93, 2], [303, 128, 75, 69, 2]]",pathological
1079,kidney_images\images\1079.jpg,kidney_images\labels\1079.txt,kidney_images\masks\1079.mat,True,True,0,0,0,0,0,[],healthy
732,kidney_images\images\732.jpg,kidney_images\labels\732.txt,kidney_images\masks\732.mat,True,True,1,0,0,0,4,"[[436, 150, 50, 37, 2], [502, 187, 51, 37, 2], [475, 155, 38, 39, 2], [377, 165, 53, 33, 2]]",pathological
731,kidney_images\images\731.jpg,kidney_images\labels\731.txt,kidney_images\masks\731.mat,True,True,1,0,1,0,3,"[[386, 167, 54, 57, 4], [342, 166, 54, 46, 2], [271, 134, 72, 59, 2]]",pathological
961,kidney_images\images\961.jpg,kidney_images\labels\961.txt,kidney_images\masks\961.mat,True,True,1,0,0,0,1,"[[264, 106, 269, 119, 7]]",pathological
1948,kidney_images\images\1948.jpg,kidney_images\labels\1948.txt,kidney_images\masks\1948.mat,True,True,1,1,1,0,1,"[[355, 207, 23, 27, 2]]",pathological
848,kidney_images\images\848.jpg,kidney_images\labels\848.txt,kidney_images\masks\848.mat,True,True,1,0,0,0,4,"[[346, 165, 50, 46, 2], [413, 165, 59, 47, 2], [370, 196, 41, 44, 2], [338, 197, 50, 67, 2]]",pathological
1814,kidney_images\images\1814.jpg,kidney_images\labels\1814.txt,kidney_images\masks\1814.mat,True,True,1,0,0,1,1,"[[376, 127, 91, 41, 7]]",pathological
794,kidney_images\images\794.jpg,kidney_images\labels\794.txt,kidney_images\masks\794.mat,True,True,1,0,0,0,2,"[[337, 165, 62, 45, 2], [337, 179, 45, 61, 1]]",pathological
421,kidney_images\images\421.jpg,kidney_images\labels\421.txt,kidney_images\masks\421.mat,True,True,1,1,0,0,4,"[[312, 209, 50, 44, 4], [465, 189, 52, 39, 4], [363, 197, 41, 67, 4], [517, 192, 37, 49, 4]]",pathological
1783,kidney_images\images\1783.jpg,kidney_images\labels\1783.txt,kidney_images\masks\1783.mat,True,True,1,0,0,0,1,"[[414, 130, 72, 27, 8]]",pathological
1089,kidney_images\images\1089.jpg,kidney_images\labels\1089.txt,kidney_images\masks\1089.mat,True,True,1,1,1,0,3,"[[375, 112, 33, 31, 2], [392, 141, 28, 20, 2], [421, 101, 24, 36, 2]]",pathological
1762,kidney_images\images\1762.jpg,kidney_images\labels\1762.txt,kidney_images\masks\1762.mat,True,True,1,0,0,0,1,"[[386, 131, 21, 22, 8]]",pathological
1388,kidney_images\images\1388.jpg,kidney_images\labels\1388.txt,kidney_images\masks\1388.mat,True,True,1,1,1,0,0,[],pathological
1377,kidney_images\images\1377.jpg,kidney_images\labels\1377.txt,kidney_images\masks\1377.mat,True,True,1,1,0,0,1,"[[465, 193, 50, 40, 8]]",pathological
985,kidney_images\images\985.jpg,kidney_images\labels\985.txt,kidney_images\masks\985.mat,True,True,1,0,0,0,1,"[[394, 170, 104, 82, 3]]",pathological
501,kidney_images\images\501.jpg,kidney_images\labels\501.txt,kidney_images\masks\501.mat,True,True,1,1,0,0,5,"[[401, 144, 60, 65, 4], [277, 198, 57, 45, 2], [301, 276, 66, 57, 4], [477, 161, 38, 31, 7], [360, 219, 99, 74, 4]]",pathological
1717,kidney_images\images\1717.jpg,kidney_images\labels\1717.txt,kidney_images\masks\1717.mat,True,True,0,0,0,1,0,[],healthy
399,kidney_images\images\399.jpg,kidney_images\labels\399.txt,kidney_images\masks\399.mat,True,True,1,0,0,0,1,"[[340, 165, 102, 74, 7]]",pathological
1410,kidney_images\images\1410.jpg,kidney_images\labels\1410.txt,kidney_images\masks\1410.mat,True,True,0,0,0,0,0,[],healthy
1582,kidney_images\images\1582.jpg,kidney_images\labels\1582.txt,kidney_images\masks\1582.mat,True,True,1,1,1,0,2,"[[340, 163, 29, 88, 1], [373, 171, 70, 94, 3]]",pathological
1876,kidney_images\images\1876.jpg,kidney_images\labels\1876.txt,kidney_images\masks\1876.mat,True,True,1,0,0,0,7,"[[379, 104, 64, 69, 2], [313, 101, 60, 48, 2], [440, 139, 69, 73, 2], [353, 144, 58, 65, 2], [324, 150, 54, 43, 2], [281, 176, 57, 68, 2], [481, 92, 68, 67, 2]]",pathological
1242,kidney_images\images\1242.jpg,kidney_images\labels\1242.txt,kidney_images\masks\1242.mat,True,True,1,0,1,0,0,[],pathological
75,kidney_images\images\75.jpg,kidney_images\labels\75.txt,kidney_images\masks\75.mat,True,True,1,0,0,0,1,"[[255, 152, 236, 89, 7]]",pathological
25,kidney_images\images\25.jpg,kidney_images\labels\25.txt,kidney_images\masks\25.mat,True,True,0,0,0,0,0,[],healthy
548,kidney_images\images\548.jpg,kidney_images\labels\548.txt,kidney_images\masks\548.mat,True,True,1,1,1,0,3,"[[372, 205, 30, 42, 2], [327, 210, 22, 26, 2], [291, 201, 36, 37, 2]]",pathological
1430,kidney_images\images\1430.jpg,kidney_images\labels\1430.txt,kidney_images\masks\1430.mat,True,True,0,0,0,0,0,[],healthy
1826,kidney_images\images\1826.jpg,kidney_images\labels\1826.txt,kidney_images\masks\1826.mat,True,True,1,0,0,0,1,"[[317, 157, 36, 32, 2]]",pathological
1756,kidney_images\images\1756.jpg,kidney_images\labels\1756.txt,kidney_images\masks\1756.mat,True,True,1,1,1,0,2,"[[324, 208, 52, 32, 2], [274, 244, 70, 61, 2]]",pathological
1397,kidney_images\images\1397.jpg,kidney_images\labels\1397.txt,kidney_images\masks\1397.mat,True,True,1,1,0,0,1,"[[396, 225, 26, 23, 2]]",pathological
435,kidney_images\images\435.jpg,kidney_images\labels\435.txt,kidney_images\masks\435.mat,True,True,1,0,0,0,2,"[[408, 165, 100, 85, 7], [299, 167, 209, 134, 7]]",pathological
1861,kidney_images\images\1861.jpg,kidney_images\labels\1861.txt,kidney_images\masks\1861.mat,True,True,0,0,0,0,0,[],healthy
558,kidney_images\images\558.jpg,kidney_images\labels\558.txt,kidney_images\masks\558.mat,True,True,1,0,0,0,1,"[[367, 153, 16, 10, 8]]",pathological
1250,kidney_images\images\1250.jpg,kidney_images\labels\1250.txt,kidney_images\masks\1250.mat,True,True,0,0,0,0,0,[],healthy
573,kidney_images\images\573.jpg,kidney_images\labels\573.txt,kidney_images\masks\573.mat,True,True,1,0,0,0,1,"[[305, 106, 206, 133, 7]]",pathological
1184,kidney_images\images\1184.jpg,kidney_images\labels\1184.txt,kidney_images\masks\1184.mat,True,True,0,0,0,1,0,[],healthy
386,kidney_images\images\386.jpg,kidney_images\labels\386.txt,kidney_images\masks\386.mat,True,True,1,0,1,0,0,[],pathological
1095,kidney_images\images\1095.jpg,kidney_images\labels\1095.txt,kidney_images\masks\1095.mat,True,True,1,1,1,0,0,[],pathological
529,kidney_images\images\529.jpg,kidney_images\labels\529.txt,kidney_images\masks\529.mat,True,True,1,0,0,0,1,"[[374, 176, 96, 58, 7]]",pathological
1059,kidney_images\images\1059.jpg,kidney_images\labels\1059.txt,kidney_images\masks\1059.mat,True,True,0,0,0,0,0,[],healthy
1816,kidney_images\images\1816.jpg,kidney_images\labels\1816.txt,kidney_images\masks\1816.mat,True,True,0,0,0,0,0,[],healthy
1408,kidney_images\images\1408.jpg,kidney_images\labels\1408.txt,kidney_images\masks\1408.mat,True,True,0,0,0,0,0,[],healthy
1703,kidney_images\images\1703.jpg,kidney_images\labels\1703.txt,kidney_images\masks\1703.mat,True,True,1,0,0,0,2,"[[312, 176, 38, 46, 2], [423, 210, 48, 39, 2]]",pathological
280,kidney_images\images\280.jpg,kidney_images\labels\280.txt,kidney_images\masks\280.mat,True,True,1,0,0,1,2,"[[382, 197, 23, 72, 2], [269, 141, 135, 101, 2]]",pathological
1695,kidney_images\images\1695.jpg,kidney_images\labels\1695.txt,kidney_images\masks\1695.mat,True,True,1,1,1,1,0,[],pathological
450,kidney_images\images\450.jpg,kidney_images\labels\450.txt,kidney_images\masks\450.mat,True,True,0,0,0,0,0,[],healthy
504,kidney_images\images\504.jpg,kidney_images\labels\504.txt,kidney_images\masks\504.mat,True,True,1,1,0,0,7,"[[321, 207, 200, 70, 7], [366, 157, 44, 35, 4], [431, 160, 41, 27, 4], [477, 147, 42, 27, 4], [425, 166, 98, 48, 7], [307, 202, 68, 74, 7], [436, 141, 38, 39, 7]]",pathological
908,kidney_images\images\908.jpg,kidney_images\labels\908.txt,kidney_images\masks\908.mat,True,True,1,0,0,0,2,"[[358, 165, 62, 49, 2], [461, 159, 57, 37, 2]]",pathological
1644,kidney_images\images\1644.jpg,kidney_images\labels\1644.txt,kidney_images\masks\1644.mat,True,True,0,0,0,0,0,[],healthy
792,kidney_images\images\792.jpg,kidney_images\labels\792.txt,kidney_images\masks\792.mat,True,True,1,0,0,0,1,"[[360, 156, 60, 90, 1]]",pathological
1623,kidney_images\images\1623.jpg,kidney_images\labels\1623.txt,kidney_images\masks\1623.mat,True,True,0,0,0,0,0,[],healthy
198,kidney_images\images\198.jpg,kidney_images\labels\198.txt,kidney_images\masks\198.mat,True,True,1,0,0,0,1,"[[267, 146, 175, 93, 7]]",pathological
1148,kidney_images\images\1148.jpg,kidney_images\labels\1148.txt,kidney_images\masks\1148.mat,True,True,1,1,1,0,1,"[[427, 198, 39, 29, 2]]",pathological
474,kidney_images\images\474.jpg,kidney_images\labels\474.txt,kidney_images\masks\474.mat,True,True,1,1,1,0,4,"[[482, 124, 49, 51, 2], [427, 115, 42, 41, 2], [395, 135, 50, 36, 2], [393, 132, 34, 20, 2]]",pathological
1961,kidney_images\images\1961.jpg,kidney_images\labels\1961.txt,kidney_images\masks\1961.mat,True,True,1,0,0,0,2,"[[335, 224, 85, 67, 2], [446, 152, 79, 62, 2]]",pathological
563,kidney_images\images\563.jpg,kidney_images\labels\563.txt,kidney_images\masks\563.mat,True,True,1,0,1,0,4,"[[291, 126, 97, 80, 2], [427, 208, 115, 70, 3], [307, 209, 115, 97, 3], [432, 120, 83, 75, 2]]",pathological
335,kidney_images\images\335.jpg,kidney_images\labels\335.txt,kidney_images\masks\335.mat,True,True,1,0,0,0,1,"[[279, 172, 63, 51, 7]]",pathological
1201,kidney_images\images\1201.jpg,kidney_images\labels\1201.txt,kidney_images\masks\1201.mat,True,True,1,0,0,0,3,"[[392, 123, 18, 92, 1], [359, 108, 44, 32, 9], [424, 101, 24, 26, 8]]",pathological
949,kidney_images\images\949.jpg,kidney_images\labels\949.txt,kidney_images\masks\949.mat,True,True,0,0,0,0,0,[],healthy
584,kidney_images\images\584.jpg,kidney_images\labels\584.txt,kidney_images\masks\584.mat,True,True,1,1,1,0,0,[],pathological
1112,kidney_images\images\1112.jpg,kidney_images\labels\1112.txt,kidney_images\masks\1112.mat,True,True,1,0,1,0,2,"[[289, 192, 60, 61, 7], [375, 150, 27, 31, 2]]",pathological
436,kidney_images\images\436.jpg,kidney_images\labels\436.txt,kidney_images\masks\436.mat,True,True,1,0,0,0,3,"[[287, 139, 51, 31, 9], [289, 197, 158, 137, 7], [372, 153, 126, 101, 7]]",pathological
1115,kidney_images\images\1115.jpg,kidney_images\labels\1115.txt,kidney_images\masks\1115.mat,True,True,1,0,0,0,2,"[[358, 122, 55, 50, 4], [291, 145, 44, 40, 4]]",pathological
1564,kidney_images\images\1564.jpg,kidney_images\labels\1564.txt,kidney_images\masks\1564.mat,True,True,0,0,0,0,0,[],healthy
1957,kidney_images\images\1957.jpg,kidney_images\labels\1957.txt,kidney_images\masks\1957.mat,True,True,0,0,0,0,0,[],healthy
380,kidney_images\images\380.jpg,kidney_images\labels\380.txt,kidney_images\masks\380.mat,True,True,1,1,0,0,2,"[[275, 173, 35, 31, 9], [329, 172, 59, 41, 7]]",pathological
1422,kidney_images\images\1422.jpg,kidney_images\labels\1422.txt,kidney_images\masks\1422.mat,True,True,1,0,0,0,1,"[[362, 198, 81, 62, 7]]",pathological
196,kidney_images\images\196.jpg,kidney_images\labels\196.txt,kidney_images\masks\196.mat,True,True,1,0,0,0,1,"[[366, 193, 157, 97, 7]]",pathological
144,kidney_images\images\144.jpg,kidney_images\labels\144.txt,kidney_images\masks\144.mat,True,True,0,0,0,0,0,[],healthy
242,kidney_images\images\242.jpg,kidney_images\labels\242.txt,kidney_images\masks\242.mat,True,True,1,1,0,0,1,"[[302, 107, 125, 74, 8]]",pathological
1592,kidney_images\images\1592.jpg,kidney_images\labels\1592.txt,kidney_images\masks\1592.mat,True,True,1,0,0,0,1,"[[466, 125, 34, 54, 1]]",pathological
1952,kidney_images\images\1952.jpg,kidney_images\labels\1952.txt,kidney_images\masks\1952.mat,True,True,0,0,0,0,0,[],healthy
388,kidney_images\images\388.jpg,kidney_images\labels\388.txt,kidney_images\masks\388.mat,True,True,0,0,0,0,0,[],healthy
163,kidney_images\images\163.jpg,kidney_images\labels\163.txt,kidney_images\masks\163.mat,True,True,1,0,0,0,2,"[[316, 117, 31, 24, 2], [297, 130, 101, 60, 7]]",pathological
642,kidney_images\images\642.jpg,kidney_images\labels\642.txt,kidney_images\masks\642.mat,True,True,1,1,0,0,1,"[[375, 227, 80, 61, 7]]",pathological
906,kidney_images\images\906.jpg,kidney_images\labels\906.txt,kidney_images\masks\906.mat,True,True,1,1,1,0,1,"[[361, 115, 44, 51, 4]]",pathological
1376,kidney_images\images\1376.jpg,kidney_images\labels\1376.txt,kidney_images\masks\1376.mat,True,True,0,0,0,0,0,[],healthy
1922,kidney_images\images\1922.jpg,kidney_images\labels\1922.txt,kidney_images\masks\1922.mat,True,True,1,0,0,0,4,"[[396, 199, 75, 68, 7], [369, 157, 43, 38, 4], [424, 140, 30, 38, 4], [462, 120, 54, 64, 4]]",pathological
1481,kidney_images\images\1481.jpg,kidney_images\labels\1481.txt,kidney_images\masks\1481.mat,True,True,0,0,0,0,0,[],healthy
354,kidney_images\images\354.jpg,kidney_images\labels\354.txt,kidney_images\masks\354.mat,True,True,1,0,0,0,2,"[[332, 162, 27, 12, 2], [293, 188, 28, 36, 2]]",pathological
635,kidney_images\images\635.jpg,kidney_images\labels\635.txt,kidney_images\masks\635.mat,True,True,1,0,1,0,2,"[[368, 137, 144, 147, 3], [265, 164, 128, 96, 2]]",pathological
526,kidney_images\images\526.jpg,kidney_images\labels\526.txt,kidney_images\masks\526.mat,True,True,1,1,1,0,1,"[[325, 185, 115, 73, 7]]",pathological
799,kidney_images\images\799.jpg,kidney_images\labels\799.txt,kidney_images\masks\799.mat,True,True,1,0,0,0,1,"[[373, 167, 135, 73, 7]]",pathological
495,kidney_images\images\495.jpg,kidney_images\labels\495.txt,kidney_images\masks\495.mat,True,True,1,1,0,0,2,"[[412, 152, 50, 46, 2], [320, 150, 49, 37, 4]]",pathological
1238,kidney_images\images\1238.jpg,kidney_images\labels\1238.txt,kidney_images\masks\1238.mat,True,True,0,0,0,0,0,[],healthy
744,kidney_images\images\744.jpg,kidney_images\labels\744.txt,kidney_images\masks\744.mat,True,True,1,0,0,0,3,"[[452, 145, 47, 40, 9], [372, 170, 60, 49, 2], [458, 184, 53, 52, 2]]",pathological
113,kidney_images\images\113.jpg,kidney_images\labels\113.txt,kidney_images\masks\113.mat,True,True,1,0,0,0,1,"[[267, 216, 137, 71, 7]]",pathological
347,kidney_images\images\347.jpg,kidney_images\labels\347.txt,kidney_images\masks\347.mat,True,True,0,0,0,0,0,[],healthy
320,kidney_images\images\320.jpg,kidney_images\labels\320.txt,kidney_images\masks\320.mat,True,True,1,0,0,0,1,"[[463, 159, 27, 18, 2]]",pathological
161,kidney_images\images\161.jpg,kidney_images\labels\161.txt,kidney_images\masks\161.mat,True,True,1,1,0,0,0,[],pathological
1494,kidney_images\images\1494.jpg,kidney_images\labels\1494.txt,kidney_images\masks\1494.mat,True,True,1,0,0,0,1,"[[388, 187, 114, 99, 7]]",pathological
1622,kidney_images\images\1622.jpg,kidney_images\labels\1622.txt,kidney_images\masks\1622.mat,True,True,1,1,1,0,0,[],pathological
1138,kidney_images\images\1138.jpg,kidney_images\labels\1138.txt,kidney_images\masks\1138.mat,True,True,1,1,1,0,2,"[[389, 153, 24, 47, 1], [429, 139, 24, 62, 1]]",pathological
986,kidney_images\images\986.jpg,kidney_images\labels\986.txt,kidney_images\masks\986.mat,True,True,1,0,0,0,1,"[[396, 166, 107, 83, 3]]",pathological
1900,kidney_images\images\1900.jpg,kidney_images\labels\1900.txt,kidney_images\masks\1900.mat,True,True,1,0,0,0,2,"[[449, 265, 59, 38, 8], [369, 209, 28, 22, 2]]",pathological
959,kidney_images\images\959.jpg,kidney_images\labels\959.txt,kidney_images\masks\959.mat,True,True,1,0,0,1,1,"[[335, 86, 101, 127, 7]]",pathological
129,kidney_images\images\129.jpg,kidney_images\labels\129.txt,kidney_images\masks\129.mat,True,True,1,0,0,0,1,"[[240, 167, 186, 159, 7]]",pathological
141,kidney_images\images\141.jpg,kidney_images\labels\141.txt,kidney_images\masks\141.mat,True,True,0,0,0,0,0,[],healthy
821,kidney_images\images\821.jpg,kidney_images\labels\821.txt,kidney_images\masks\821.mat,True,True,1,0,0,1,1,"[[340, 157, 64, 62, 2]]",pathological
385,kidney_images\images\385.jpg,kidney_images\labels\385.txt,kidney_images\masks\385.mat,True,True,1,0,1,0,0,[],pathological
314,kidney_images\images\314.jpg,kidney_images\labels\314.txt,kidney_images\masks\314.mat,True,True,1,0,0,0,1,"[[408, 224, 23, 25, 5]]",pathological
733,kidney_images\images\733.jpg,kidney_images\labels\733.txt,kidney_images\masks\733.mat,True,True,1,0,1,0,2,"[[441, 154, 52, 46, 2], [482, 163, 36, 37, 2]]",pathological
1802,kidney_images\images\1802.jpg,kidney_images\labels\1802.txt,kidney_images\masks\1802.mat,True,True,0,0,0,1,0,[],healthy
1043,kidney_images\images\1043.jpg,kidney_images\labels\1043.txt,kidney_images\masks\1043.mat,True,True,1,0,0,0,1,"[[352, 111, 140, 92, 7]]",pathological
787,kidney_images\images\787.jpg,kidney_images\labels\787.txt,kidney_images\masks\787.mat,True,True,1,0,1,0,4,"[[377, 149, 53, 34, 2], [325, 170, 45, 33, 2], [448, 173, 54, 52, 2], [311, 167, 28, 26, 2]]",pathological
1339,kidney_images\images\1339.jpg,kidney_images\labels\1339.txt,kidney_images\masks\1339.mat,True,True,1,1,0,0,1,"[[385, 129, 44, 36, 9]]",pathological
1402,kidney_images\images\1402.jpg,kidney_images\labels\1402.txt,kidney_images\masks\1402.mat,True,True,1,1,1,0,1,"[[383, 187, 22, 20, 2]]",pathological
1588,kidney_images\images\1588.jpg,kidney_images\labels\1588.txt,kidney_images\masks\1588.mat,True,True,1,1,1,0,1,"[[424, 127, 23, 23, 8]]",pathological
48,kidney_images\images\48.jpg,kidney_images\labels\48.txt,kidney_images\masks\48.mat,True,True,0,0,0,0,0,[],healthy
447,kidney_images\images\447.jpg,kidney_images\labels\447.txt,kidney_images\masks\447.mat,True,True,1,0,0,0,4,"[[340, 159, 40, 22, 8], [268, 160, 239, 196, 7], [326, 163, 18, 19, 8], [378, 158, 25, 20, 8]]",pathological
600,kidney_images\images\600.jpg,kidney_images\labels\600.txt,kidney_images\masks\600.mat,True,True,1,0,1,0,0,[],pathological
719,kidney_images\images\719.jpg,kidney_images\labels\719.txt,kidney_images\masks\719.mat,True,True,0,0,0,0,0,[],healthy
695,kidney_images\images\695.jpg,kidney_images\labels\695.txt,kidney_images\masks\695.mat,True,True,1,0,0,0,4,"[[418, 86, 108, 93, 2], [323, 73, 94, 91, 2], [371, 148, 81, 54, 2], [323, 179, 59, 45, 2]]",pathological
1400,kidney_images\images\1400.jpg,kidney_images\labels\1400.txt,kidney_images\masks\1400.mat,True,True,1,0,0,0,2,"[[318, 161, 31, 26, 2], [434, 161, 26, 16, 2]]",pathological
831,kidney_images\images\831.jpg,kidney_images\labels\831.txt,kidney_images\masks\831.mat,True,True,1,1,1,0,4,"[[334, 168, 60, 64, 2], [448, 190, 54, 50, 2], [456, 200, 35, 29, 2], [391, 170, 35, 49, 2]]",pathological
1579,kidney_images\images\1579.jpg,kidney_images\labels\1579.txt,kidney_images\masks\1579.mat,True,True,1,1,1,0,1,"[[401, 129, 56, 52, 3]]",pathological
498,kidney_images\images\498.jpg,kidney_images\labels\498.txt,kidney_images\masks\498.mat,True,True,1,0,0,0,1,"[[281, 157, 50, 52, 4]]",pathological
295,kidney_images\images\295.jpg,kidney_images\labels\295.txt,kidney_images\masks\295.mat,True,True,0,0,0,0,0,[],healthy
1663,kidney_images\images\1663.jpg,kidney_images\labels\1663.txt,kidney_images\masks\1663.mat,True,True,1,0,0,0,4,"[[407, 180, 22, 38, 4], [355, 177, 31, 39, 4], [297, 209, 38, 34, 4], [438, 189, 23, 30, 4]]",pathological
907,kidney_images\images\907.jpg,kidney_images\labels\907.txt,kidney_images\masks\907.mat,True,True,1,1,1,0,3,"[[325, 99, 39, 39, 4], [460, 84, 33, 36, 4], [403, 93, 40, 33, 4]]",pathological
1211,kidney_images\images\1211.jpg,kidney_images\labels\1211.txt,kidney_images\masks\1211.mat,True,True,0,0,0,0,0,[],healthy
487,kidney_images\images\487.jpg,kidney_images\labels\487.txt,kidney_images\masks\487.mat,True,True,0,0,0,1,0,[],healthy
705,kidney_images\images\705.jpg,kidney_images\labels\705.txt,kidney_images\masks\705.mat,True,True,1,0,0,0,2,"[[330, 198, 130, 75, 7], [357, 144, 156, 98, 7]]",pathological
500,kidney_images\images\500.jpg,kidney_images\labels\500.txt,kidney_images\masks\500.mat,True,True,1,1,0,0,1,"[[313, 182, 56, 50, 4]]",pathological
1862,kidney_images\images\1862.jpg,kidney_images\labels\1862.txt,kidney_images\masks\1862.mat,True,True,0,0,0,1,0,[],healthy
138,kidney_images\images\138.jpg,kidney_images\labels\138.txt,kidney_images\masks\138.mat,True,True,1,0,0,0,1,"[[349, 148, 137, 78, 7]]",pathological
565,kidney_images\images\565.jpg,kidney_images\labels\565.txt,kidney_images\masks\565.mat,True,True,1,0,1,0,0,[],pathological
1795,kidney_images\images\1795.jpg,kidney_images\labels\1795.txt,kidney_images\masks\1795.mat,True,True,0,0,0,0,0,[],healthy
1013,kidney_images\images\1013.jpg,kidney_images\labels\1013.txt,kidney_images\masks\1013.mat,True,True,1,0,1,0,0,[],pathological
1414,kidney_images\images\1414.jpg,kidney_images\labels\1414.txt,kidney_images\masks\1414.mat,True,True,1,1,0,0,0,[],pathological
180,kidney_images\images\180.jpg,kidney_images\labels\180.txt,kidney_images\masks\180.mat,True,True,0,0,0,0,0,[],healthy
969,kidney_images\images\969.jpg,kidney_images\labels\969.txt,kidney_images\masks\969.mat,True,True,0,0,0,0,0,[],healthy
1851,kidney_images\images\1851.jpg,kidney_images\labels\1851.txt,kidney_images\masks\1851.mat,True,True,0,0,0,0,0,[],healthy
1176,kidney_images\images\1176.jpg,kidney_images\labels\1176.txt,kidney_images\masks\1176.mat,True,True,1,0,0,1,2,"[[368, 198, 46, 39, 7], [437, 183, 39, 24, 2]]",pathological
1396,kidney_images\images\1396.jpg,kidney_images\labels\1396.txt,kidney_images\masks\1396.mat,True,True,0,0,0,0,0,[],healthy
1509,kidney_images\images\1509.jpg,kidney_images\labels\1509.txt,kidney_images\masks\1509.mat,True,True,0,0,0,0,0,[],healthy
171,kidney_images\images\171.jpg,kidney_images\labels\171.txt,kidney_images\masks\171.mat,True,True,1,0,0,0,1,"[[353, 200, 45, 40, 7]]",pathological
1326,kidney_images\images\1326.jpg,kidney_images\labels\1326.txt,kidney_images\masks\1326.mat,True,True,0,0,0,0,0,[],healthy
881,kidney_images\images\881.jpg,kidney_images\labels\881.txt,kidney_images\masks\881.mat,True,True,1,1,1,0,0,[],pathological
1359,kidney_images\images\1359.jpg,kidney_images\labels\1359.txt,kidney_images\masks\1359.mat,True,True,0,0,0,0,0,[],healthy
628,kidney_images\images\628.jpg,kidney_images\labels\628.txt,kidney_images\masks\628.mat,True,True,1,1,0,0,1,"[[367, 135, 216, 151, 7]]",pathological
721,kidney_images\images\721.jpg,kidney_images\labels\721.txt,kidney_images\masks\721.mat,True,True,1,0,0,0,2,"[[384, 172, 105, 48, 7], [345, 205, 113, 47, 7]]",pathological
1949,kidney_images\images\1949.jpg,kidney_images\labels\1949.txt,kidney_images\masks\1949.mat,True,True,1,0,0,1,1,"[[341, 144, 47, 38, 5]]",pathological
13,kidney_images\images\13.jpg,kidney_images\labels\13.txt,kidney_images\masks\13.mat,True,True,1,0,0,0,3,"[[263, 170, 57, 42, 7], [331, 160, 46, 48, 7], [380, 137, 68, 56, 7]]",pathological
1506,kidney_images\images\1506.jpg,kidney_images\labels\1506.txt,kidney_images\masks\1506.mat,True,True,1,0,0,1,2,"[[296, 294, 42, 26, 7], [370, 285, 35, 26, 7]]",pathological
248,kidney_images\images\248.jpg,kidney_images\labels\248.txt,kidney_images\masks\248.mat,True,True,1,1,1,0,0,[],pathological
861,kidney_images\images\861.jpg,kidney_images\labels\861.txt,kidney_images\masks\861.mat,True,True,1,0,1,0,1,"[[373, 123, 36, 34, 8]]",pathological
353,kidney_images\images\353.jpg,kidney_images\labels\353.txt,kidney_images\masks\353.mat,True,True,1,1,1,0,0,[],pathological
322,kidney_images\images\322.jpg,kidney_images\labels\322.txt,kidney_images\masks\322.mat,True,True,1,0,0,0,1,"[[461, 160, 26, 25, 2]]",pathological
19,kidney_images\images\19.jpg,kidney_images\labels\19.txt,kidney_images\masks\19.mat,True,True,1,0,0,0,2,"[[252, 231, 45, 27, 8], [263, 169, 33, 13, 8]]",pathological
1513,kidney_images\images\1513.jpg,kidney_images\labels\1513.txt,kidney_images\masks\1513.mat,True,True,1,1,0,0,0,[],pathological
459,kidney_images\images\459.jpg,kidney_images\labels\459.txt,kidney_images\masks\459.mat,True,True,1,0,0,0,1,"[[355, 156, 49, 29, 9]]",pathological
212,kidney_images\images\212.jpg,kidney_images\labels\212.txt,kidney_images\masks\212.mat,True,True,0,0,0,0,0,[],healthy
160,kidney_images\images\160.jpg,kidney_images\labels\160.txt,kidney_images\masks\160.mat,True,True,1,1,1,0,0,[],pathological
1107,kidney_images\images\1107.jpg,kidney_images\labels\1107.txt,kidney_images\masks\1107.mat,True,True,0,0,0,1,0,[],healthy
1207,kidney_images\images\1207.jpg,kidney_images\labels\1207.txt,kidney_images\masks\1207.mat,True,True,1,1,1,0,1,"[[333, 171, 49, 55, 7]]",pathological
120,kidney_images\images\120.jpg,kidney_images\labels\120.txt,kidney_images\masks\120.mat,True,True,1,0,0,0,4,"[[423, 125, 30, 82, 8], [199, 162, 97, 56, 8], [269, 138, 74, 35, 9], [351, 121, 72, 55, 8]]",pathological
1836,kidney_images\images\1836.jpg,kidney_images\labels\1836.txt,kidney_images\masks\1836.mat,True,True,1,0,0,0,1,"[[285, 166, 91, 79, 3]]",pathological
1916,kidney_images\images\1916.jpg,kidney_images\labels\1916.txt,kidney_images\masks\1916.mat,True,True,0,0,0,0,0,[],healthy
85,kidney_images\images\85.jpg,kidney_images\labels\85.txt,kidney_images\masks\85.mat,True,True,1,0,0,0,1,"[[281, 171, 82, 66, 2]]",pathological
420,kidney_images\images\420.jpg,kidney_images\labels\420.txt,kidney_images\masks\420.mat,True,True,1,1,0,0,2,"[[360, 205, 124, 115, 7], [315, 171, 53, 56, 7]]",pathological
1172,kidney_images\images\1172.jpg,kidney_images\labels\1172.txt,kidney_images\masks\1172.mat,True,True,0,0,0,0,0,[],healthy
1237,kidney_images\images\1237.jpg,kidney_images\labels\1237.txt,kidney_images\masks\1237.mat,True,True,1,1,1,0,0,[],pathological
1591,kidney_images\images\1591.jpg,kidney_images\labels\1591.txt,kidney_images\masks\1591.mat,True,True,1,1,1,0,1,"[[426, 95, 25, 37, 4]]",pathological
984,kidney_images\images\984.jpg,kidney_images\labels\984.txt,kidney_images\masks\984.mat,True,True,1,0,0,0,3,"[[266, 98, 128, 128, 3], [410, 82, 180, 112, 3], [195, 187, 70, 71, 2]]",pathological
1169,kidney_images\images\1169.jpg,kidney_images\labels\1169.txt,kidney_images\masks\1169.mat,True,True,1,1,1,0,2,"[[410, 187, 36, 87, 1], [421, 148, 37, 34, 2]]",pathological
1055,kidney_images\images\1055.jpg,kidney_images\labels\1055.txt,kidney_images\masks\1055.mat,True,True,0,0,0,1,0,[],healthy
785,kidney_images\images\785.jpg,kidney_images\labels\785.txt,kidney_images\masks\785.mat,True,True,1,1,1,0,1,"[[446, 187, 50, 64, 2]]",pathological
1407,kidney_images\images\1407.jpg,kidney_images\labels\1407.txt,kidney_images\masks\1407.mat,True,True,0,0,0,0,0,[],healthy
1830,kidney_images\images\1830.jpg,kidney_images\labels\1830.txt,kidney_images\masks\1830.mat,True,True,1,0,0,0,1,"[[327, 246, 114, 84, 7]]",pathological
82,kidney_images\images\82.jpg,kidney_images\labels\82.txt,kidney_images\masks\82.mat,True,True,1,1,1,0,2,"[[382, 164, 35, 151, 1], [386, 139, 123, 146, 7]]",pathological
1163,kidney_images\images\1163.jpg,kidney_images\labels\1163.txt,kidney_images\masks\1163.mat,True,True,0,0,0,0,0,[],healthy
1452,kidney_images\images\1452.jpg,kidney_images\labels\1452.txt,kidney_images\masks\1452.mat,True,True,1,1,1,0,0,[],pathological
1934,kidney_images\images\1934.jpg,kidney_images\labels\1934.txt,kidney_images\masks\1934.mat,True,True,0,0,0,0,0,[],healthy
859,kidney_images\images\859.jpg,kidney_images\labels\859.txt,kidney_images\masks\859.mat,True,True,1,0,0,0,1,"[[369, 102, 73, 49, 2]]",pathological
630,kidney_images\images\630.jpg,kidney_images\labels\630.txt,kidney_images\masks\630.mat,True,True,1,0,0,0,1,"[[397, 176, 123, 147, 7]]",pathological
842,kidney_images\images\842.jpg,kidney_images\labels\842.txt,kidney_images\masks\842.mat,True,True,1,1,1,0,0,[],pathological
1890,kidney_images\images\1890.jpg,kidney_images\labels\1890.txt,kidney_images\masks\1890.mat,True,True,0,0,0,0,0,[],healthy
250,kidney_images\images\250.jpg,kidney_images\labels\250.txt,kidney_images\masks\250.mat,True,True,1,0,0,1,1,"[[280, 236, 109, 46, 7]]",pathological
858,kidney_images\images\858.jpg,kidney_images\labels\858.txt,kidney_images\masks\858.mat,True,True,1,1,1,0,2,"[[412, 203, 57, 38, 2], [318, 200, 57, 45, 2]]",pathological
1917,kidney_images\images\1917.jpg,kidney_images\labels\1917.txt,kidney_images\masks\1917.mat,True,True,0,0,0,0,0,[],healthy
427,kidney_images\images\427.jpg,kidney_images\labels\427.txt,kidney_images\masks\427.mat,True,True,1,1,1,0,2,"[[218, 125, 50, 40, 4], [286, 166, 65, 65, 7]]",pathological
1683,kidney_images\images\1683.jpg,kidney_images\labels\1683.txt,kidney_images\masks\1683.mat,True,True,1,1,0,1,2,"[[407, 89, 56, 38, 4], [432, 133, 52, 29, 4]]",pathological
700,kidney_images\images\700.jpg,kidney_images\labels\700.txt,kidney_images\masks\700.mat,True,True,1,1,0,0,3,"[[341, 122, 56, 43, 4], [389, 138, 52, 47, 4], [443, 142, 58, 52, 4]]",pathological
1277,kidney_images\images\1277.jpg,kidney_images\labels\1277.txt,kidney_images\masks\1277.mat,True,True,1,0,0,0,6,"[[378, 183, 66, 63, 2], [338, 168, 46, 54, 2], [402, 139, 64, 42, 3], [434, 176, 46, 42, 2], [458, 130, 59, 62, 3], [442, 162, 28, 47, 2]]",pathological
211,kidney_images\images\211.jpg,kidney_images\labels\211.txt,kidney_images\masks\211.mat,True,True,1,0,0,0,1,"[[334, 92, 200, 147, 2]]",pathological
1968,kidney_images\images\1968.jpg,kidney_images\labels\1968.txt,kidney_images\masks\1968.mat,True,True,0,0,0,0,0,[],healthy
950,kidney_images\images\950.jpg,kidney_images\labels\950.txt,kidney_images\masks\950.mat,True,True,0,0,0,0,0,[],healthy
1965,kidney_images\images\1965.jpg,kidney_images\labels\1965.txt,kidney_images\masks\1965.mat,True,True,0,0,0,0,0,[],healthy
1879,kidney_images\images\1879.jpg,kidney_images\labels\1879.txt,kidney_images\masks\1879.mat,True,True,1,0,0,0,1,"[[364, 213, 112, 95, 7]]",pathological
522,kidney_images\images\522.jpg,kidney_images\labels\522.txt,kidney_images\masks\522.mat,True,True,1,1,1,0,1,"[[354, 85, 135, 87, 2]]",pathological
1278,kidney_images\images\1278.jpg,kidney_images\labels\1278.txt,kidney_images\masks\1278.mat,True,True,1,0,0,0,7,"[[443, 178, 67, 53, 2], [376, 195, 74, 66, 3], [312, 209, 68, 51, 3], [376, 183, 32, 35, 2], [427, 151, 40, 61, 2], [363, 220, 44, 52, 2], [450, 151, 30, 33, 2]]",pathological
1440,kidney_images\images\1440.jpg,kidney_images\labels\1440.txt,kidney_images\masks\1440.mat,True,True,0,0,0,1,0,[],healthy
1372,kidney_images\images\1372.jpg,kidney_images\labels\1372.txt,kidney_images\masks\1372.mat,True,True,0,0,0,0,0,[],healthy
1077,kidney_images\images\1077.jpg,kidney_images\labels\1077.txt,kidney_images\masks\1077.mat,True,True,0,0,0,0,0,[],healthy
892,kidney_images\images\892.jpg,kidney_images\labels\892.txt,kidney_images\masks\892.mat,True,True,1,0,0,0,3,"[[359, 146, 47, 40, 3], [409, 150, 36, 38, 4], [264, 157, 56, 34, 4]]",pathological
169,kidney_images\images\169.jpg,kidney_images\labels\169.txt,kidney_images\masks\169.mat,True,True,1,0,0,0,1,"[[280, 167, 140, 94, 7]]",pathological
35,kidney_images\images\35.jpg,kidney_images\labels\35.txt,kidney_images\masks\35.mat,True,True,1,0,0,0,2,"[[349, 146, 26, 36, 2], [242, 187, 74, 76, 8]]",pathological
667,kidney_images\images\667.jpg,kidney_images\labels\667.txt,kidney_images\masks\667.mat,True,True,1,0,0,0,3,"[[393, 163, 29, 33, 4], [469, 168, 30, 41, 4], [407, 135, 30, 34, 2]]",pathological
711,kidney_images\images\711.jpg,kidney_images\labels\711.txt,kidney_images\masks\711.mat,True,True,1,1,0,0,0,[],pathological
1801,kidney_images\images\1801.jpg,kidney_images\labels\1801.txt,kidney_images\masks\1801.mat,True,True,0,0,0,0,0,[],healthy
960,kidney_images\images\960.jpg,kidney_images\labels\960.txt,kidney_images\masks\960.mat,True,True,1,0,0,1,1,"[[342, 103, 122, 90, 7]]",pathological
156,kidney_images\images\156.jpg,kidney_images\labels\156.txt,kidney_images\masks\156.mat,True,True,1,1,1,0,0,[],pathological
1049,kidney_images\images\1049.jpg,kidney_images\labels\1049.txt,kidney_images\masks\1049.mat,True,True,1,1,0,0,0,[],pathological
670,kidney_images\images\670.jpg,kidney_images\labels\670.txt,kidney_images\masks\670.mat,True,True,1,0,0,0,3,"[[327, 122, 41, 35, 2], [387, 109, 43, 40, 2], [367, 178, 104, 60, 7]]",pathological
278,kidney_images\images\278.jpg,kidney_images\labels\278.txt,kidney_images\masks\278.mat,True,True,1,0,0,0,5,"[[338, 135, 53, 46, 9], [433, 214, 17, 35, 4], [406, 197, 22, 31, 4], [361, 185, 43, 30, 4], [303, 164, 39, 25, 4]]",pathological
359,kidney_images\images\359.jpg,kidney_images\labels\359.txt,kidney_images\masks\359.mat,True,True,1,0,1,0,2,"[[438, 133, 17, 41, 4], [355, 159, 28, 51, 4]]",pathological
995,kidney_images\images\995.jpg,kidney_images\labels\995.txt,kidney_images\masks\995.mat,True,True,1,1,1,0,1,"[[345, 170, 70, 49, 7]]",pathological
514,kidney_images\images\514.jpg,kidney_images\labels\514.txt,kidney_images\masks\514.mat,True,True,1,1,0,0,2,"[[316, 138, 45, 34, 4], [368, 187, 61, 79, 7]]",pathological
20,kidney_images\images\20.jpg,kidney_images\labels\20.txt,kidney_images\masks\20.mat,True,True,1,0,0,0,1,"[[218, 188, 27, 18, 8]]",pathological
1336,kidney_images\images\1336.jpg,kidney_images\labels\1336.txt,kidney_images\masks\1336.mat,True,True,1,0,0,0,2,"[[323, 234, 35, 37, 5], [430, 199, 56, 59, 7]]",pathological
131,kidney_images\images\131.jpg,kidney_images\labels\131.txt,kidney_images\masks\131.mat,True,True,1,1,0,0,1,"[[288, 152, 84, 90, 7]]",pathological
41,kidney_images\images\41.jpg,kidney_images\labels\41.txt,kidney_images\masks\41.mat,True,True,1,0,0,0,2,"[[320, 135, 71, 47, 2], [330, 177, 131, 61, 7]]",pathological
1426,kidney_images\images\1426.jpg,kidney_images\labels\1426.txt,kidney_images\masks\1426.mat,True,True,1,1,1,0,2,"[[356, 159, 65, 57, 7], [454, 170, 42, 77, 7]]",pathological
1821,kidney_images\images\1821.jpg,kidney_images\labels\1821.txt,kidney_images\masks\1821.mat,True,True,0,0,0,0,0,[],healthy
1704,kidney_images\images\1704.jpg,kidney_images\labels\1704.txt,kidney_images\masks\1704.mat,True,True,0,0,0,0,0,[],healthy
871,kidney_images\images\871.jpg,kidney_images\labels\871.txt,kidney_images\masks\871.mat,True,True,1,0,0,0,3,"[[350, 95, 114, 43, 2], [323, 139, 111, 67, 3], [477, 154, 53, 37, 2]]",pathological
1523,kidney_images\images\1523.jpg,kidney_images\labels\1523.txt,kidney_images\masks\1523.mat,True,True,0,0,0,0,0,[],healthy
749,kidney_images\images\749.jpg,kidney_images\labels\749.txt,kidney_images\masks\749.mat,True,True,1,0,0,0,1,"[[276, 188, 180, 78, 7]]",pathological
214,kidney_images\images\214.jpg,kidney_images\labels\214.txt,kidney_images\masks\214.mat,True,True,1,0,0,0,1,"[[390, 153, 87, 83, 7]]",pathological
1804,kidney_images\images\1804.jpg,kidney_images\labels\1804.txt,kidney_images\masks\1804.mat,True,True,1,0,0,0,3,"[[354, 244, 31, 32, 4], [504, 218, 30, 33, 4], [444, 225, 48, 52, 4]]",pathological
745,kidney_images\images\745.jpg,kidney_images\labels\745.txt,kidney_images\masks\745.mat,True,True,1,0,0,0,1,"[[378, 172, 59, 49, 2]]",pathological
1845,kidney_images\images\1845.jpg,kidney_images\labels\1845.txt,kidney_images\masks\1845.mat,True,True,1,0,0,1,1,"[[395, 198, 117, 99, 7]]",pathological
1006,kidney_images\images\1006.jpg,kidney_images\labels\1006.txt,kidney_images\masks\1006.mat,True,True,1,1,1,0,3,"[[401, 209, 46, 30, 9], [264, 206, 45, 46, 2], [415, 228, 31, 27, 8]]",pathological
779,kidney_images\images\779.jpg,kidney_images\labels\779.txt,kidney_images\masks\779.mat,True,True,1,1,1,0,2,"[[345, 187, 38, 29, 2], [352, 206, 139, 61, 7]]",pathological
1030,kidney_images\images\1030.jpg,kidney_images\labels\1030.txt,kidney_images\masks\1030.mat,True,True,1,0,0,0,1,"[[364, 249, 47, 41, 7]]",pathological
945,kidney_images\images\945.jpg,kidney_images\labels\945.txt,kidney_images\masks\945.mat,True,True,0,0,0,1,0,[],healthy
1764,kidney_images\images\1764.jpg,kidney_images\labels\1764.txt,kidney_images\masks\1764.mat,True,True,1,1,1,0,0,[],pathological
1001,kidney_images\images\1001.jpg,kidney_images\labels\1001.txt,kidney_images\masks\1001.mat,True,True,1,1,1,0,2,"[[384, 194, 46, 40, 2], [311, 208, 44, 33, 2]]",pathological
1674,kidney_images\images\1674.jpg,kidney_images\labels\1674.txt,kidney_images\masks\1674.mat,True,True,1,1,1,0,0,[],pathological
1827,kidney_images\images\1827.jpg,kidney_images\labels\1827.txt,kidney_images\masks\1827.mat,True,True,0,0,0,0,0,[],healthy
885,kidney_images\images\885.jpg,kidney_images\labels\885.txt,kidney_images\masks\885.mat,True,True,0,0,0,0,0,[],healthy
546,kidney_images\images\546.jpg,kidney_images\labels\546.txt,kidney_images\masks\546.mat,True,True,1,1,1,0,2,"[[324, 168, 69, 50, 2], [421, 153, 72, 83, 7]]",pathological
103,kidney_images\images\103.jpg,kidney_images\labels\103.txt,kidney_images\masks\103.mat,True,True,1,0,1,0,0,[],pathological
1547,kidney_images\images\1547.jpg,kidney_images\labels\1547.txt,kidney_images\masks\1547.mat,True,True,1,1,1,0,0,[],pathological
475,kidney_images\images\475.jpg,kidney_images\labels\475.txt,kidney_images\masks\475.mat,True,True,1,1,1,0,2,"[[466, 127, 52, 51, 2], [411, 118, 51, 43, 2]]",pathological
1158,kidney_images\images\1158.jpg,kidney_images\labels\1158.txt,kidney_images\masks\1158.mat,True,True,1,1,1,0,2,"[[328, 166, 65, 56, 3], [313, 206, 82, 90, 3]]",pathological
1384,kidney_images\images\1384.jpg,kidney_images\labels\1384.txt,kidney_images\masks\1384.mat,True,True,0,0,0,0,0,[],healthy
1096,kidney_images\images\1096.jpg,kidney_images\labels\1096.txt,kidney_images\masks\1096.mat,True,True,0,0,0,0,0,[],healthy
857,kidney_images\images\857.jpg,kidney_images\labels\857.txt,kidney_images\masks\857.mat,True,True,1,0,1,0,0,[],pathological
199,kidney_images\images\199.jpg,kidney_images\labels\199.txt,kidney_images\masks\199.mat,True,True,1,0,0,0,1,"[[255, 130, 178, 76, 7]]",pathological
801,kidney_images\images\801.jpg,kidney_images\labels\801.txt,kidney_images\masks\801.mat,True,True,1,0,0,0,2,"[[351, 109, 40, 25, 8], [395, 112, 27, 25, 8]]",pathological
1535,kidney_images\images\1535.jpg,kidney_images\labels\1535.txt,kidney_images\masks\1535.mat,True,True,0,0,0,0,0,[],healthy
710,kidney_images\images\710.jpg,kidney_images\labels\710.txt,kidney_images\masks\710.mat,True,True,1,1,0,0,0,[],pathological
971,kidney_images\images\971.jpg,kidney_images\labels\971.txt,kidney_images\masks\971.mat,True,True,0,0,0,0,0,[],healthy
1490,kidney_images\images\1490.jpg,kidney_images\labels\1490.txt,kidney_images\masks\1490.mat,True,True,1,1,0,0,0,[],pathological
236,kidney_images\images\236.jpg,kidney_images\labels\236.txt,kidney_images\masks\236.mat,True,True,1,0,0,1,1,"[[502, 146, 73, 75, 7]]",pathological
1729,kidney_images\images\1729.jpg,kidney_images\labels\1729.txt,kidney_images\masks\1729.mat,True,True,1,1,1,0,0,[],pathological
918,kidney_images\images\918.jpg,kidney_images\labels\918.txt,kidney_images\masks\918.mat,True,True,1,0,1,0,0,[],pathological
432,kidney_images\images\432.jpg,kidney_images\labels\432.txt,kidney_images\masks\432.mat,True,True,1,1,1,0,7,"[[315, 150, 83, 73, 2], [410, 156, 84, 71, 2], [345, 246, 174, 160, 3], [233, 172, 46, 29, 2], [284, 177, 35, 40, 2], [304, 235, 33, 39, 2], [236, 170, 74, 62, 1]]",pathological
1337,kidney_images\images\1337.jpg,kidney_images\labels\1337.txt,kidney_images\masks\1337.mat,True,True,1,0,0,0,1,"[[382, 133, 90, 58, 7]]",pathological
1383,kidney_images\images\1383.jpg,kidney_images\labels\1383.txt,kidney_images\masks\1383.mat,True,True,0,0,0,0,0,[],healthy
383,kidney_images\images\383.jpg,kidney_images\labels\383.txt,kidney_images\masks\383.mat,True,True,1,0,0,0,1,"[[250, 156, 41, 41, 5]]",pathological
1320,kidney_images\images\1320.jpg,kidney_images\labels\1320.txt,kidney_images\masks\1320.mat,True,True,1,0,1,0,8,"[[433, 89, 142, 108, 2], [368, 159, 67, 46, 2], [387, 197, 35, 34, 2], [317, 199, 69, 56, 2], [347, 95, 51, 37, 2], [388, 119, 40, 34, 2], [433, 213, 37, 46, 2], [477, 177, 56, 65, 2]]",pathological
1536,kidney_images\images\1536.jpg,kidney_images\labels\1536.txt,kidney_images\masks\1536.mat,True,True,1,1,1,0,0,[],pathological
370,kidney_images\images\370.jpg,kidney_images\labels\370.txt,kidney_images\masks\370.mat,True,True,1,0,0,0,1,"[[446, 198, 54, 60, 3]]",pathological
771,kidney_images\images\771.jpg,kidney_images\labels\771.txt,kidney_images\masks\771.mat,True,True,1,1,1,0,3,"[[318, 180, 40, 51, 2], [427, 180, 41, 42, 2], [388, 183, 44, 45, 2]]",pathological
342,kidney_images\images\342.jpg,kidney_images\labels\342.txt,kidney_images\masks\342.mat,True,True,1,0,0,0,2,"[[413, 199, 41, 51, 4], [313, 170, 38, 37, 4]]",pathological
1281,kidney_images\images\1281.jpg,kidney_images\labels\1281.txt,kidney_images\masks\1281.mat,True,True,0,0,0,0,0,[],healthy
1864,kidney_images\images\1864.jpg,kidney_images\labels\1864.txt,kidney_images\masks\1864.mat,True,True,0,0,0,0,0,[],healthy
1309,kidney_images\images\1309.jpg,kidney_images\labels\1309.txt,kidney_images\masks\1309.mat,True,True,1,1,0,0,5,"[[376, 154, 45, 42, 4], [434, 162, 22, 30, 4], [484, 168, 47, 39, 4], [263, 190, 58, 34, 3], [341, 165, 38, 31, 4]]",pathological
152,kidney_images\images\152.jpg,kidney_images\labels\152.txt,kidney_images\masks\152.mat,True,True,1,0,0,0,1,"[[260, 179, 245, 143, 7]]",pathological
1626,kidney_images\images\1626.jpg,kidney_images\labels\1626.txt,kidney_images\masks\1626.mat,True,True,1,0,0,1,1,"[[316, 166, 203, 147, 7]]",pathological
511,kidney_images\images\511.jpg,kidney_images\labels\511.txt,kidney_images\masks\511.mat,True,True,1,1,0,0,1,"[[436, 157, 39, 30, 4]]",pathological
1938,kidney_images\images\1938.jpg,kidney_images\labels\1938.txt,kidney_images\masks\1938.mat,True,True,1,0,0,0,3,"[[318, 211, 35, 31, 2], [376, 185, 30, 32, 2], [459, 173, 30, 35, 2]]",pathological
1926,kidney_images\images\1926.jpg,kidney_images\labels\1926.txt,kidney_images\masks\1926.mat,True,True,1,0,0,0,1,"[[324, 239, 63, 67, 2]]",pathological
1261,kidney_images\images\1261.jpg,kidney_images\labels\1261.txt,kidney_images\masks\1261.mat,True,True,1,0,0,0,1,"[[415, 128, 45, 40, 2]]",pathological
1561,kidney_images\images\1561.jpg,kidney_images\labels\1561.txt,kidney_images\masks\1561.mat,True,True,1,0,0,0,2,"[[375, 270, 104, 79, 7], [254, 262, 46, 58, 8]]",pathological
1972,kidney_images\images\1972.jpg,kidney_images\labels\1972.txt,kidney_images\masks\1972.mat,True,True,0,0,0,0,0,[],healthy
1222,kidney_images\images\1222.jpg,kidney_images\labels\1222.txt,kidney_images\masks\1222.mat,True,True,1,1,0,0,0,[],pathological
1658,kidney_images\images\1658.jpg,kidney_images\labels\1658.txt,kidney_images\masks\1658.mat,True,True,0,0,0,0,0,[],healthy
524,kidney_images\images\524.jpg,kidney_images\labels\524.txt,kidney_images\masks\524.mat,True,True,1,1,1,0,2,"[[378, 122, 40, 35, 2], [473, 157, 63, 41, 7]]",pathological
1888,kidney_images\images\1888.jpg,kidney_images\labels\1888.txt,kidney_images\masks\1888.mat,True,True,1,0,0,0,1,"[[302, 139, 53, 44, 2]]",pathological
639,kidney_images\images\639.jpg,kidney_images\labels\639.txt,kidney_images\masks\639.mat,True,True,1,1,1,0,0,[],pathological
1923,kidney_images\images\1923.jpg,kidney_images\labels\1923.txt,kidney_images\masks\1923.mat,True,True,1,0,0,0,1,"[[329, 161, 74, 68, 7]]",pathological
1594,kidney_images\images\1594.jpg,kidney_images\labels\1594.txt,kidney_images\masks\1594.mat,True,True,1,0,0,0,2,"[[382, 114, 29, 37, 2], [405, 137, 32, 33, 2]]",pathological
1417,kidney_images\images\1417.jpg,kidney_images\labels\1417.txt,kidney_images\masks\1417.mat,True,True,0,0,0,1,0,[],healthy
873,kidney_images\images\873.jpg,kidney_images\labels\873.txt,kidney_images\masks\873.mat,True,True,1,1,1,0,2,"[[362, 148, 34, 25, 2], [317, 132, 33, 27, 2]]",pathological
235,kidney_images\images\235.jpg,kidney_images\labels\235.txt,kidney_images\masks\235.mat,True,True,1,0,0,0,1,"[[340, 152, 151, 90, 7]]",pathological
181,kidney_images\images\181.jpg,kidney_images\labels\181.txt,kidney_images\masks\181.mat,True,True,0,0,0,0,0,[],healthy
1551,kidney_images\images\1551.jpg,kidney_images\labels\1551.txt,kidney_images\masks\1551.mat,True,True,1,0,0,1,2,"[[441, 151, 88, 104, 2], [368, 180, 84, 88, 2]]",pathological
1179,kidney_images\images\1179.jpg,kidney_images\labels\1179.txt,kidney_images\masks\1179.mat,True,True,1,1,0,0,1,"[[431, 164, 40, 37, 4]]",pathological
234,kidney_images\images\234.jpg,kidney_images\labels\234.txt,kidney_images\masks\234.mat,True,True,0,0,0,0,0,[],healthy
52,kidney_images\images\52.jpg,kidney_images\labels\52.txt,kidney_images\masks\52.mat,True,True,1,0,0,0,2,"[[353, 114, 35, 30, 2], [260, 113, 89, 53, 8]]",pathological
1210,kidney_images\images\1210.jpg,kidney_images\labels\1210.txt,kidney_images\masks\1210.mat,True,True,1,0,0,0,1,"[[320, 143, 180, 82, 7]]",pathological
1217,kidney_images\images\1217.jpg,kidney_images\labels\1217.txt,kidney_images\masks\1217.mat,True,True,1,1,1,0,1,"[[437, 131, 30, 31, 8]]",pathological
1698,kidney_images\images\1698.jpg,kidney_images\labels\1698.txt,kidney_images\masks\1698.mat,True,True,0,0,0,0,0,[],healthy
559,kidney_images\images\559.jpg,kidney_images\labels\559.txt,kidney_images\masks\559.mat,True,True,1,0,0,0,1,"[[366, 178, 17, 27, 8]]",pathological
1746,kidney_images\images\1746.jpg,kidney_images\labels\1746.txt,kidney_images\masks\1746.mat,True,True,0,0,0,0,0,[],healthy
232,kidney_images\images\232.jpg,kidney_images\labels\232.txt,kidney_images\masks\232.mat,True,True,1,1,1,1,1,"[[374, 194, 46, 40, 2]]",pathological
1893,kidney_images\images\1893.jpg,kidney_images\labels\1893.txt,kidney_images\masks\1893.mat,True,True,1,0,0,0,2,"[[379, 164, 43, 40, 2], [427, 162, 38, 47, 2]]",pathological
1613,kidney_images\images\1613.jpg,kidney_images\labels\1613.txt,kidney_images\masks\1613.mat,True,True,1,0,1,0,1,"[[404, 235, 37, 34, 3]]",pathological
220,kidney_images\images\220.jpg,kidney_images\labels\220.txt,kidney_images\masks\220.mat,True,True,1,0,0,0,4,"[[349, 160, 44, 73, 2], [303, 158, 43, 63, 2], [250, 209, 45, 35, 2], [212, 231, 43, 44, 2]]",pathological
1145,kidney_images\images\1145.jpg,kidney_images\labels\1145.txt,kidney_images\masks\1145.mat,True,True,1,1,1,0,1,"[[437, 194, 39, 50, 2]]",pathological
1960,kidney_images\images\1960.jpg,kidney_images\labels\1960.txt,kidney_images\masks\1960.mat,True,True,1,0,0,0,2,"[[230, 191, 114, 106, 2], [382, 155, 53, 58, 2]]",pathological
431,kidney_images\images\431.jpg,kidney_images\labels\431.txt,kidney_images\masks\431.mat,True,True,1,0,0,0,4,"[[329, 160, 95, 58, 7], [408, 137, 60, 40, 7], [465, 107, 83, 43, 7], [423, 112, 105, 62, 7]]",pathological
1844,kidney_images\images\1844.jpg,kidney_images\labels\1844.txt,kidney_images\masks\1844.mat,True,True,1,0,0,0,1,"[[316, 231, 69, 78, 7]]",pathological
1514,kidney_images\images\1514.jpg,kidney_images\labels\1514.txt,kidney_images\masks\1514.mat,True,True,1,0,0,0,1,"[[418, 214, 54, 47, 2]]",pathological
345,kidney_images\images\345.jpg,kidney_images\labels\345.txt,kidney_images\masks\345.mat,True,True,1,0,0,0,3,"[[381, 217, 36, 29, 4], [351, 237, 30, 28, 4], [446, 239, 25, 30, 2]]",pathological
1942,kidney_images\images\1942.jpg,kidney_images\labels\1942.txt,kidney_images\masks\1942.mat,True,True,0,0,0,0,0,[],healthy
230,kidney_images\images\230.jpg,kidney_images\labels\230.txt,kidney_images\masks\230.mat,True,True,1,0,0,0,1,"[[372, 123, 127, 54, 8]]",pathological
1937,kidney_images\images\1937.jpg,kidney_images\labels\1937.txt,kidney_images\masks\1937.mat,True,True,1,0,0,0,3,"[[314, 204, 47, 44, 2], [371, 182, 38, 40, 2], [459, 175, 36, 41, 2]]",pathological
1722,kidney_images\images\1722.jpg,kidney_images\labels\1722.txt,kidney_images\masks\1722.mat,True,True,1,0,0,0,1,"[[478, 176, 26, 29, 8]]",pathological
1038,kidney_images\images\1038.jpg,kidney_images\labels\1038.txt,kidney_images\masks\1038.mat,True,True,1,0,0,1,1,"[[256, 189, 193, 137, 7]]",pathological
1607,kidney_images\images\1607.jpg,kidney_images\labels\1607.txt,kidney_images\masks\1607.mat,True,True,1,0,0,0,1,"[[341, 149, 108, 95, 3]]",pathological
31,kidney_images\images\31.jpg,kidney_images\labels\31.txt,kidney_images\masks\31.mat,True,True,0,0,0,0,0,[],healthy
1805,kidney_images\images\1805.jpg,kidney_images\labels\1805.txt,kidney_images\masks\1805.mat,True,True,0,0,0,1,0,[],healthy
284,kidney_images\images\284.jpg,kidney_images\labels\284.txt,kidney_images\masks\284.mat,True,True,1,0,0,0,1,"[[314, 196, 179, 64, 7]]",pathological
1819,kidney_images\images\1819.jpg,kidney_images\labels\1819.txt,kidney_images\masks\1819.mat,True,True,1,0,0,0,1,"[[444, 129, 190, 204, 2]]",pathological
2,kidney_images\images\2.jpg,kidney_images\labels\2.txt,kidney_images\masks\2.mat,True,True,1,0,0,0,1,"[[299, 225, 31, 34, 5]]",pathological
1093,kidney_images\images\1093.jpg,kidney_images\labels\1093.txt,kidney_images\masks\1093.mat,True,True,1,1,1,0,1,"[[232, 198, 112, 118, 2]]",pathological
769,kidney_images\images\769.jpg,kidney_images\labels\769.txt,kidney_images\masks\769.mat,True,True,1,1,1,0,1,"[[453, 137, 38, 45, 2]]",pathological
1743,kidney_images\images\1743.jpg,kidney_images\labels\1743.txt,kidney_images\masks\1743.mat,True,True,0,0,0,0,0,[],healthy
1933,kidney_images\images\1933.jpg,kidney_images\labels\1933.txt,kidney_images\masks\1933.mat,True,True,0,0,0,0,0,[],healthy
1252,kidney_images\images\1252.jpg,kidney_images\labels\1252.txt,kidney_images\masks\1252.mat,True,True,0,0,0,0,0,[],healthy
1327,kidney_images\images\1327.jpg,kidney_images\labels\1327.txt,kidney_images\masks\1327.mat,True,True,1,1,1,0,1,"[[451, 192, 74, 33, 8]]",pathological
226,kidney_images\images\226.jpg,kidney_images\labels\226.txt,kidney_images\masks\226.mat,True,True,1,0,0,0,1,"[[244, 177, 78, 89, 3]]",pathological
1220,kidney_images\images\1220.jpg,kidney_images\labels\1220.txt,kidney_images\masks\1220.mat,True,True,1,1,1,0,1,"[[348, 138, 208, 81, 7]]",pathological
1738,kidney_images\images\1738.jpg,kidney_images\labels\1738.txt,kidney_images\masks\1738.mat,True,True,0,0,0,0,0,[],healthy
1602,kidney_images\images\1602.jpg,kidney_images\labels\1602.txt,kidney_images\masks\1602.mat,True,True,0,0,0,1,0,[],healthy
557,kidney_images\images\557.jpg,kidney_images\labels\557.txt,kidney_images\masks\557.mat,True,True,1,0,0,0,2,"[[467, 229, 32, 27, 1], [429, 182, 21, 15, 8]]",pathological
1446,kidney_images\images\1446.jpg,kidney_images\labels\1446.txt,kidney_images\masks\1446.mat,True,True,1,1,1,0,0,[],pathological
45,kidney_images\images\45.jpg,kidney_images\labels\45.txt,kidney_images\masks\45.mat,True,True,1,0,0,0,1,"[[298, 168, 49, 34, 7]]",pathological
560,kidney_images\images\560.jpg,kidney_images\labels\560.txt,kidney_images\masks\560.mat,True,True,0,0,0,0,0,[],healthy
1825,kidney_images\images\1825.jpg,kidney_images\labels\1825.txt,kidney_images\masks\1825.mat,True,True,1,0,0,0,2,"[[350, 130, 84, 62, 7], [348, 94, 32, 44, 2]]",pathological
240,kidney_images\images\240.jpg,kidney_images\labels\240.txt,kidney_images\masks\240.mat,True,True,1,1,1,0,0,[],pathological
926,kidney_images\images\926.jpg,kidney_images\labels\926.txt,kidney_images\masks\926.mat,True,True,1,0,1,0,1,"[[393, 196, 39, 64, 1]]",pathological
486,kidney_images\images\486.jpg,kidney_images\labels\486.txt,kidney_images\masks\486.mat,True,True,1,1,1,0,4,"[[338, 197, 28, 40, 2], [357, 184, 37, 32, 2], [280, 177, 84, 98, 7], [392, 213, 49, 65, 7]]",pathological
566,kidney_images\images\566.jpg,kidney_images\labels\566.txt,kidney_images\masks\566.mat,True,True,1,0,1,0,0,[],pathological
1778,kidney_images\images\1778.jpg,kidney_images\labels\1778.txt,kidney_images\masks\1778.mat,True,True,0,0,0,0,0,[],healthy
1235,kidney_images\images\1235.jpg,kidney_images\labels\1235.txt,kidney_images\masks\1235.mat,True,True,1,1,1,0,3,"[[235, 165, 71, 63, 2], [340, 188, 46, 27, 2], [389, 188, 33, 38, 2]]",pathological
325,kidney_images\images\325.jpg,kidney_images\labels\325.txt,kidney_images\masks\325.mat,True,True,1,0,0,0,2,"[[393, 194, 30, 23, 2], [267, 216, 57, 42, 8]]",pathological
1524,kidney_images\images\1524.jpg,kidney_images\labels\1524.txt,kidney_images\masks\1524.mat,True,True,0,0,0,0,0,[],healthy
553,kidney_images\images\553.jpg,kidney_images\labels\553.txt,kidney_images\masks\553.mat,True,True,1,0,0,0,1,"[[372, 208, 84, 75, 7]]",pathological
418,kidney_images\images\418.jpg,kidney_images\labels\418.txt,kidney_images\masks\418.mat,True,True,1,0,0,0,4,"[[350, 162, 68, 70, 7], [252, 185, 77, 55, 7], [304, 125, 39, 39, 7], [383, 125, 74, 59, 7]]",pathological
316,kidney_images\images\316.jpg,kidney_images\labels\316.txt,kidney_images\masks\316.mat,True,True,1,0,0,0,2,"[[473, 192, 29, 35, 4], [375, 195, 46, 40, 2]]",pathological
1927,kidney_images\images\1927.jpg,kidney_images\labels\1927.txt,kidney_images\masks\1927.mat,True,True,0,0,0,0,0,[],healthy
638,kidney_images\images\638.jpg,kidney_images\labels\638.txt,kidney_images\masks\638.mat,True,True,1,1,1,0,2,"[[283, 182, 43, 49, 4], [236, 174, 50, 43, 4]]",pathological
675,kidney_images\images\675.jpg,kidney_images\labels\675.txt,kidney_images\masks\675.mat,True,True,1,0,0,0,1,"[[343, 146, 156, 60, 7]]",pathological
237,kidney_images\images\237.jpg,kidney_images\labels\237.txt,kidney_images\masks\237.mat,True,True,0,0,0,0,0,[],healthy
1307,kidney_images\images\1307.jpg,kidney_images\labels\1307.txt,kidney_images\masks\1307.mat,True,True,1,0,1,0,0,[],pathological
1681,kidney_images\images\1681.jpg,kidney_images\labels\1681.txt,kidney_images\masks\1681.mat,True,True,1,1,0,0,1,"[[371, 75, 84, 68, 4]]",pathological
1287,kidney_images\images\1287.jpg,kidney_images\labels\1287.txt,kidney_images\masks\1287.mat,True,True,1,1,1,0,0,[],pathological
1636,kidney_images\images\1636.jpg,kidney_images\labels\1636.txt,kidney_images\masks\1636.mat,True,True,1,1,0,0,2,"[[419, 188, 31, 39, 2], [466, 188, 45, 32, 2]]",pathological
301,kidney_images\images\301.jpg,kidney_images\labels\301.txt,kidney_images\masks\301.mat,True,True,1,0,0,0,1,"[[397, 154, 74, 65, 6]]",pathological
689,kidney_images\images\689.jpg,kidney_images\labels\689.txt,kidney_images\masks\689.mat,True,True,1,0,1,0,2,"[[291, 158, 61, 44, 2], [416, 150, 48, 51, 2]]",pathological
210,kidney_images\images\210.jpg,kidney_images\labels\210.txt,kidney_images\masks\210.mat,True,True,0,0,0,0,0,[],healthy
604,kidney_images\images\604.jpg,kidney_images\labels\604.txt,kidney_images\masks\604.mat,True,True,1,0,0,0,3,"[[256, 137, 57, 71, 7], [335, 127, 98, 66, 7], [342, 173, 62, 55, 7]]",pathological
1542,kidney_images\images\1542.jpg,kidney_images\labels\1542.txt,kidney_images\masks\1542.mat,True,True,0,0,0,1,0,[],healthy
1122,kidney_images\images\1122.jpg,kidney_images\labels\1122.txt,kidney_images\masks\1122.mat,True,True,1,0,0,0,2,"[[374, 233, 47, 33, 2], [326, 247, 32, 27, 2]]",pathological
492,kidney_images\images\492.jpg,kidney_images\labels\492.txt,kidney_images\masks\492.mat,True,True,1,0,0,1,1,"[[340, 189, 159, 76, 7]]",pathological
1913,kidney_images\images\1913.jpg,kidney_images\labels\1913.txt,kidney_images\masks\1913.mat,True,True,0,0,0,0,0,[],healthy
829,kidney_images\images\829.jpg,kidney_images\labels\829.txt,kidney_images\masks\829.mat,True,True,1,1,1,0,2,"[[346, 158, 48, 33, 2], [328, 223, 43, 40, 2]]",pathological
1955,kidney_images\images\1955.jpg,kidney_images\labels\1955.txt,kidney_images\masks\1955.mat,True,True,0,0,0,0,0,[],healthy
1744,kidney_images\images\1744.jpg,kidney_images\labels\1744.txt,kidney_images\masks\1744.mat,True,True,1,0,0,0,1,"[[488, 162, 87, 68, 7]]",pathological
434,kidney_images\images\434.jpg,kidney_images\labels\434.txt,kidney_images\masks\434.mat,True,True,1,1,0,0,4,"[[366, 69, 108, 70, 2], [259, 120, 57, 59, 7], [329, 128, 118, 73, 7], [428, 118, 62, 51, 7]]",pathological
243,kidney_images\images\243.jpg,kidney_images\labels\243.txt,kidney_images\masks\243.mat,True,True,0,0,0,0,0,[],healthy
264,kidney_images\images\264.jpg,kidney_images\labels\264.txt,kidney_images\masks\264.mat,True,True,1,1,1,0,3,"[[400, 150, 61, 51, 4], [380, 185, 53, 47, 4], [370, 233, 68, 37, 4]]",pathological
677,kidney_images\images\677.jpg,kidney_images\labels\677.txt,kidney_images\masks\677.mat,True,True,1,0,0,0,2,"[[340, 150, 109, 71, 7], [401, 127, 116, 74, 7]]",pathological
883,kidney_images\images\883.jpg,kidney_images\labels\883.txt,kidney_images\masks\883.mat,True,True,1,1,0,0,1,"[[398, 164, 33, 58, 1]]",pathological
832,kidney_images\images\832.jpg,kidney_images\labels\832.txt,kidney_images\masks\832.mat,True,True,1,1,1,0,0,[],pathological
1153,kidney_images\images\1153.jpg,kidney_images\labels\1153.txt,kidney_images\masks\1153.mat,True,True,1,1,1,0,0,[],pathological
1439,kidney_images\images\1439.jpg,kidney_images\labels\1439.txt,kidney_images\masks\1439.mat,True,True,1,0,0,0,1,"[[445, 175, 63, 49, 2]]",pathological
1429,kidney_images\images\1429.jpg,kidney_images\labels\1429.txt,kidney_images\masks\1429.mat,True,True,0,0,0,0,0,[],healthy
1121,kidney_images\images\1121.jpg,kidney_images\labels\1121.txt,kidney_images\masks\1121.mat,True,True,1,0,1,0,1,"[[470, 187, 28, 34, 8]]",pathological
1404,kidney_images\images\1404.jpg,kidney_images\labels\1404.txt,kidney_images\masks\1404.mat,True,True,1,1,1,0,1,"[[374, 194, 31, 28, 3]]",pathological
680,kidney_images\images\680.jpg,kidney_images\labels\680.txt,kidney_images\masks\680.mat,True,True,0,0,0,1,0,[],healthy
515,kidney_images\images\515.jpg,kidney_images\labels\515.txt,kidney_images\masks\515.mat,True,True,1,0,0,0,2,"[[262, 187, 104, 80, 7], [361, 166, 76, 93, 7]]",pathological
364,kidney_images\images\364.jpg,kidney_images\labels\364.txt,kidney_images\masks\364.mat,True,True,1,0,0,0,1,"[[330, 136, 216, 49, 7]]",pathological
1072,kidney_images\images\1072.jpg,kidney_images\labels\1072.txt,kidney_images\masks\1072.mat,True,True,1,1,0,1,1,"[[393, 218, 89, 79, 7]]",pathological
730,kidney_images\images\730.jpg,kidney_images\labels\730.txt,kidney_images\masks\730.mat,True,True,1,0,0,0,3,"[[302, 210, 69, 55, 7], [358, 163, 45, 42, 2], [281, 181, 47, 39, 2]]",pathological
1865,kidney_images\images\1865.jpg,kidney_images\labels\1865.txt,kidney_images\masks\1865.mat,True,True,0,0,0,0,0,[],healthy
930,kidney_images\images\930.jpg,kidney_images\labels\930.txt,kidney_images\masks\930.mat,True,True,1,0,1,0,0,[],pathological
1697,kidney_images\images\1697.jpg,kidney_images\labels\1697.txt,kidney_images\masks\1697.mat,True,True,1,0,0,0,2,"[[446, 121, 97, 53, 2], [345, 147, 122, 101, 2]]",pathological
377,kidney_images\images\377.jpg,kidney_images\labels\377.txt,kidney_images\masks\377.mat,True,True,1,0,0,0,3,"[[281, 200, 46, 31, 2], [352, 192, 35, 32, 2], [414, 188, 15, 28, 2]]",pathological
1487,kidney_images\images\1487.jpg,kidney_images\labels\1487.txt,kidney_images\masks\1487.mat,True,True,0,0,0,0,0,[],healthy
1499,kidney_images\images\1499.jpg,kidney_images\labels\1499.txt,kidney_images\masks\1499.mat,True,True,1,1,0,0,1,"[[398, 177, 135, 37, 8]]",pathological
1385,kidney_images\images\1385.jpg,kidney_images\labels\1385.txt,kidney_images\masks\1385.mat,True,True,0,0,0,0,0,[],healthy
267,kidney_images\images\267.jpg,kidney_images\labels\267.txt,kidney_images\masks\267.mat,True,True,1,1,0,0,1,"[[462, 136, 90, 102, 9]]",pathological
18,kidney_images\images\18.jpg,kidney_images\labels\18.txt,kidney_images\masks\18.mat,True,True,1,0,0,0,1,"[[236, 200, 297, 128, 7]]",pathological
919,kidney_images\images\919.jpg,kidney_images\labels\919.txt,kidney_images\masks\919.mat,True,True,1,0,0,0,2,"[[372, 125, 76, 74, 2], [239, 136, 114, 89, 2]]",pathological
1262,kidney_images\images\1262.jpg,kidney_images\labels\1262.txt,kidney_images\masks\1262.mat,True,True,1,0,0,0,5,"[[332, 206, 38, 36, 4], [386, 144, 35, 35, 4], [431, 139, 40, 30, 4], [387, 193, 35, 23, 2], [405, 171, 23, 26, 2]]",pathological
999,kidney_images\images\999.jpg,kidney_images\labels\999.txt,kidney_images\masks\999.mat,True,True,1,1,0,0,3,"[[404, 152, 73, 87, 2], [340, 152, 66, 57, 2], [447, 135, 22, 27, 8]]",pathological
348,kidney_images\images\348.jpg,kidney_images\labels\348.txt,kidney_images\masks\348.mat,True,True,1,0,0,1,1,"[[395, 180, 51, 38, 2]]",pathological
1263,kidney_images\images\1263.jpg,kidney_images\labels\1263.txt,kidney_images\masks\1263.mat,True,True,1,0,0,0,3,"[[476, 96, 39, 35, 9], [340, 149, 54, 40, 4], [465, 135, 31, 27, 4]]",pathological
1808,kidney_images\images\1808.jpg,kidney_images\labels\1808.txt,kidney_images\masks\1808.mat,True,True,1,0,0,0,1,"[[381, 240, 40, 35, 2]]",pathological
903,kidney_images\images\903.jpg,kidney_images\labels\903.txt,kidney_images\masks\903.mat,True,True,1,0,0,0,4,"[[314, 129, 110, 83, 2], [358, 201, 124, 105, 3], [474, 110, 82, 83, 2], [224, 209, 87, 121, 2]]",pathological
654,kidney_images\images\654.jpg,kidney_images\labels\654.txt,kidney_images\masks\654.mat,True,True,1,1,0,0,2,"[[340, 163, 38, 33, 4], [376, 153, 51, 48, 4]]",pathological
426,kidney_images\images\426.jpg,kidney_images\labels\426.txt,kidney_images\masks\426.mat,True,True,1,1,1,0,1,"[[299, 154, 75, 59, 2]]",pathological
1437,kidney_images\images\1437.jpg,kidney_images\labels\1437.txt,kidney_images\masks\1437.mat,True,True,0,0,0,0,0,[],healthy
1010,kidney_images\images\1010.jpg,kidney_images\labels\1010.txt,kidney_images\masks\1010.mat,True,True,1,0,0,1,2,"[[265, 144, 132, 96, 7], [364, 124, 130, 61, 7]]",pathological
1510,kidney_images\images\1510.jpg,kidney_images\labels\1510.txt,kidney_images\masks\1510.mat,True,True,0,0,0,0,0,[],healthy
1119,kidney_images\images\1119.jpg,kidney_images\labels\1119.txt,kidney_images\masks\1119.mat,True,True,0,0,0,1,0,[],healthy
1018,kidney_images\images\1018.jpg,kidney_images\labels\1018.txt,kidney_images\masks\1018.mat,True,True,1,0,0,0,2,"[[336, 163, 60, 58, 4], [402, 155, 65, 60, 4]]",pathological
1486,kidney_images\images\1486.jpg,kidney_images\labels\1486.txt,kidney_images\masks\1486.mat,True,True,1,1,1,0,1,"[[346, 202, 43, 31, 2]]",pathological
1052,kidney_images\images\1052.jpg,kidney_images\labels\1052.txt,kidney_images\masks\1052.mat,True,True,1,0,0,0,1,"[[492, 129, 34, 32, 2]]",pathological
1108,kidney_images\images\1108.jpg,kidney_images\labels\1108.txt,kidney_images\masks\1108.mat,True,True,1,1,1,0,0,[],pathological
1788,kidney_images\images\1788.jpg,kidney_images\labels\1788.txt,kidney_images\masks\1788.mat,True,True,1,0,0,0,3,"[[320, 144, 52, 38, 2], [269, 152, 60, 58, 2], [307, 194, 41, 51, 2]]",pathological
592,kidney_images\images\592.jpg,kidney_images\labels\592.txt,kidney_images\masks\592.mat,True,True,1,1,1,0,3,"[[354, 194, 46, 66, 4], [422, 180, 48, 55, 4], [358, 250, 79, 49, 7]]",pathological
1308,kidney_images\images\1308.jpg,kidney_images\labels\1308.txt,kidney_images\masks\1308.mat,True,True,0,0,0,0,0,[],healthy
1881,kidney_images\images\1881.jpg,kidney_images\labels\1881.txt,kidney_images\masks\1881.mat,True,True,0,0,0,0,0,[],healthy
493,kidney_images\images\493.jpg,kidney_images\labels\493.txt,kidney_images\masks\493.mat,True,True,1,0,0,1,1,"[[291, 167, 65, 46, 3]]",pathological
1146,kidney_images\images\1146.jpg,kidney_images\labels\1146.txt,kidney_images\masks\1146.mat,True,True,1,1,1,0,0,[],pathological
646,kidney_images\images\646.jpg,kidney_images\labels\646.txt,kidney_images\masks\646.mat,True,True,1,1,0,0,1,"[[350, 154, 163, 109, 7]]",pathological
1767,kidney_images\images\1767.jpg,kidney_images\labels\1767.txt,kidney_images\masks\1767.mat,True,True,1,1,1,0,2,"[[294, 153, 88, 67, 7], [508, 156, 79, 61, 2]]",pathological
706,kidney_images\images\706.jpg,kidney_images\labels\706.txt,kidney_images\masks\706.mat,True,True,1,0,0,0,3,"[[473, 127, 53, 52, 2], [316, 160, 88, 115, 7], [389, 123, 83, 62, 7]]",pathological
621,kidney_images\images\621.jpg,kidney_images\labels\621.txt,kidney_images\masks\621.mat,True,True,1,1,0,0,1,"[[337, 123, 169, 55, 7]]",pathological
183,kidney_images\images\183.jpg,kidney_images\labels\183.txt,kidney_images\masks\183.mat,True,True,1,0,0,0,1,"[[308, 139, 35, 52, 2]]",pathological
1328,kidney_images\images\1328.jpg,kidney_images\labels\1328.txt,kidney_images\masks\1328.mat,True,True,1,0,0,0,3,"[[363, 199, 49, 43, 2], [418, 164, 50, 46, 2], [441, 195, 64, 52, 2]]",pathological
1331,kidney_images\images\1331.jpg,kidney_images\labels\1331.txt,kidney_images\masks\1331.mat,True,True,1,0,0,0,1,"[[372, 193, 48, 44, 2]]",pathological
208,kidney_images\images\208.jpg,kidney_images\labels\208.txt,kidney_images\masks\208.mat,True,True,1,0,0,0,1,"[[313, 149, 235, 114, 7]]",pathological
1109,kidney_images\images\1109.jpg,kidney_images\labels\1109.txt,kidney_images\masks\1109.mat,True,True,1,1,0,0,1,"[[379, 98, 56, 42, 9]]",pathological
602,kidney_images\images\602.jpg,kidney_images\labels\602.txt,kidney_images\masks\602.mat,True,True,1,0,0,0,3,"[[336, 131, 104, 48, 7], [249, 141, 65, 49, 7], [340, 177, 65, 42, 7]]",pathological
1428,kidney_images\images\1428.jpg,kidney_images\labels\1428.txt,kidney_images\masks\1428.mat,True,True,1,1,1,0,3,"[[349, 217, 54, 53, 7], [364, 150, 78, 72, 7], [470, 167, 65, 83, 7]]",pathological
1572,kidney_images\images\1572.jpg,kidney_images\labels\1572.txt,kidney_images\masks\1572.mat,True,True,1,1,1,0,1,"[[487, 184, 51, 48, 2]]",pathological
1500,kidney_images\images\1500.jpg,kidney_images\labels\1500.txt,kidney_images\masks\1500.mat,True,True,1,1,1,0,2,"[[340, 190, 36, 32, 2], [455, 208, 28, 36, 2]]",pathological
596,kidney_images\images\596.jpg,kidney_images\labels\596.txt,kidney_images\masks\596.mat,True,True,1,0,0,0,3,"[[349, 159, 114, 71, 1], [297, 145, 69, 53, 7], [247, 164, 42, 48, 7]]",pathological
43,kidney_images\images\43.jpg,kidney_images\labels\43.txt,kidney_images\masks\43.mat,True,True,1,0,0,0,2,"[[326, 166, 126, 57, 7], [315, 149, 50, 44, 2]]",pathological
914,kidney_images\images\914.jpg,kidney_images\labels\914.txt,kidney_images\masks\914.mat,True,True,0,0,0,1,0,[],healthy
1967,kidney_images\images\1967.jpg,kidney_images\labels\1967.txt,kidney_images\masks\1967.mat,True,True,0,0,0,0,0,[],healthy
405,kidney_images\images\405.jpg,kidney_images\labels\405.txt,kidney_images\masks\405.mat,True,True,1,0,0,0,2,"[[273, 136, 244, 100, 7], [429, 149, 101, 74, 7]]",pathological
726,kidney_images\images\726.jpg,kidney_images\labels\726.txt,kidney_images\masks\726.mat,True,True,0,0,0,1,0,[],healthy
1218,kidney_images\images\1218.jpg,kidney_images\labels\1218.txt,kidney_images\masks\1218.mat,True,True,1,0,0,0,1,"[[292, 105, 257, 125, 7]]",pathological
187,kidney_images\images\187.jpg,kidney_images\labels\187.txt,kidney_images\masks\187.mat,True,True,1,0,0,0,1,"[[372, 167, 91, 102, 7]]",pathological
1369,kidney_images\images\1369.jpg,kidney_images\labels\1369.txt,kidney_images\masks\1369.mat,True,True,0,0,0,1,0,[],healthy
1724,kidney_images\images\1724.jpg,kidney_images\labels\1724.txt,kidney_images\masks\1724.mat,True,True,1,1,1,0,2,"[[369, 220, 72, 53, 2], [317, 230, 74, 57, 2]]",pathological
1448,kidney_images\images\1448.jpg,kidney_images\labels\1448.txt,kidney_images\masks\1448.mat,True,True,0,0,0,0,0,[],healthy
586,kidney_images\images\586.jpg,kidney_images\labels\586.txt,kidney_images\masks\586.mat,True,True,0,0,0,0,0,[],healthy
618,kidney_images\images\618.jpg,kidney_images\labels\618.txt,kidney_images\masks\618.mat,True,True,1,1,1,1,1,"[[358, 182, 110, 98, 7]]",pathological
644,kidney_images\images\644.jpg,kidney_images\labels\644.txt,kidney_images\masks\644.mat,True,True,0,0,0,0,0,[],healthy
978,kidney_images\images\978.jpg,kidney_images\labels\978.txt,kidney_images\masks\978.mat,True,True,0,0,0,0,0,[],healthy
615,kidney_images\images\615.jpg,kidney_images\labels\615.txt,kidney_images\masks\615.mat,True,True,1,1,1,0,1,"[[231, 178, 205, 126, 7]]",pathological
1843,kidney_images\images\1843.jpg,kidney_images\labels\1843.txt,kidney_images\masks\1843.mat,True,True,1,0,0,0,1,"[[261, 196, 137, 137, 7]]",pathological
352,kidney_images\images\352.jpg,kidney_images\labels\352.txt,kidney_images\masks\352.mat,True,True,1,1,1,0,0,[],pathological
440,kidney_images\images\440.jpg,kidney_images\labels\440.txt,kidney_images\masks\440.mat,True,True,1,0,1,0,1,"[[365, 71, 50, 43, 9]]",pathological
1395,kidney_images\images\1395.jpg,kidney_images\labels\1395.txt,kidney_images\masks\1395.mat,True,True,1,0,1,0,4,"[[335, 159, 115, 88, 3], [303, 231, 98, 78, 3], [453, 144, 67, 46, 2], [279, 148, 58, 54, 2]]",pathological
256,kidney_images\images\256.jpg,kidney_images\labels\256.txt,kidney_images\masks\256.mat,True,True,1,0,0,1,1,"[[348, 180, 105, 81, 7]]",pathological
162,kidney_images\images\162.jpg,kidney_images\labels\162.txt,kidney_images\masks\162.mat,True,True,1,0,0,0,1,"[[387, 134, 32, 34, 2]]",pathological
1941,kidney_images\images\1941.jpg,kidney_images\labels\1941.txt,kidney_images\masks\1941.mat,True,True,1,0,0,0,1,"[[291, 286, 54, 44, 2]]",pathological
518,kidney_images\images\518.jpg,kidney_images\labels\518.txt,kidney_images\masks\518.mat,True,True,1,0,0,0,1,"[[401, 189, 51, 54, 2]]",pathological
61,kidney_images\images\61.jpg,kidney_images\labels\61.txt,kidney_images\masks\61.mat,True,True,1,0,0,0,2,"[[386, 186, 59, 34, 7], [445, 178, 43, 35, 7]]",pathological
88,kidney_images\images\88.jpg,kidney_images\labels\88.txt,kidney_images\masks\88.mat,True,True,1,0,0,0,1,"[[321, 180, 40, 29, 2]]",pathological
1025,kidney_images\images\1025.jpg,kidney_images\labels\1025.txt,kidney_images\masks\1025.mat,True,True,1,0,0,0,1,"[[286, 123, 152, 132, 7]]",pathological
875,kidney_images\images\875.jpg,kidney_images\labels\875.txt,kidney_images\masks\875.mat,True,True,1,1,1,0,2,"[[472, 187, 32, 36, 2], [366, 170, 42, 34, 2]]",pathological
1930,kidney_images\images\1930.jpg,kidney_images\labels\1930.txt,kidney_images\masks\1930.mat,True,True,0,0,0,0,0,[],healthy
822,kidney_images\images\822.jpg,kidney_images\labels\822.txt,kidney_images\masks\822.mat,True,True,1,0,0,1,2,"[[371, 162, 57, 58, 2], [330, 110, 69, 55, 7]]",pathological
1646,kidney_images\images\1646.jpg,kidney_images\labels\1646.txt,kidney_images\masks\1646.mat,True,True,1,0,0,0,1,"[[458, 156, 36, 29, 2]]",pathological
260,kidney_images\images\260.jpg,kidney_images\labels\260.txt,kidney_images\masks\260.mat,True,True,0,0,0,0,0,[],healthy
1840,kidney_images\images\1840.jpg,kidney_images\labels\1840.txt,kidney_images\masks\1840.mat,True,True,0,0,0,1,0,[],healthy
1896,kidney_images\images\1896.jpg,kidney_images\labels\1896.txt,kidney_images\masks\1896.mat,True,True,1,0,0,0,1,"[[277, 280, 107, 43, 8]]",pathological
394,kidney_images\images\394.jpg,kidney_images\labels\394.txt,kidney_images\masks\394.mat,True,True,1,0,0,0,2,"[[467, 159, 64, 48, 7], [395, 117, 27, 27, 8]]",pathological
83,kidney_images\images\83.jpg,kidney_images\labels\83.txt,kidney_images\masks\83.mat,True,True,1,1,1,0,1,"[[391, 165, 108, 78, 7]]",pathological
1791,kidney_images\images\1791.jpg,kidney_images\labels\1791.txt,kidney_images\masks\1791.mat,True,True,1,1,0,0,2,"[[325, 143, 42, 40, 2], [376, 177, 141, 53, 8]]",pathological
1341,kidney_images\images\1341.jpg,kidney_images\labels\1341.txt,kidney_images\masks\1341.mat,True,True,0,0,0,0,0,[],healthy
739,kidney_images\images\739.jpg,kidney_images\labels\739.txt,kidney_images\masks\739.mat,True,True,1,1,1,0,5,"[[271, 228, 63, 75, 2], [323, 144, 68, 42, 7], [352, 192, 60, 50, 7], [413, 151, 51, 49, 7], [400, 188, 50, 37, 7]]",pathological
185,kidney_images\images\185.jpg,kidney_images\labels\185.txt,kidney_images\masks\185.mat,True,True,1,0,1,0,0,[],pathological
856,kidney_images\images\856.jpg,kidney_images\labels\856.txt,kidney_images\masks\856.mat,True,True,1,0,1,0,0,[],pathological
209,kidney_images\images\209.jpg,kidney_images\labels\209.txt,kidney_images\masks\209.mat,True,True,1,0,0,0,1,"[[311, 194, 51, 60, 5]]",pathological
1288,kidney_images\images\1288.jpg,kidney_images\labels\1288.txt,kidney_images\masks\1288.mat,True,True,0,0,0,0,0,[],healthy
1165,kidney_images\images\1165.jpg,kidney_images\labels\1165.txt,kidney_images\masks\1165.mat,True,True,1,0,0,0,1,"[[424, 178, 51, 51, 2]]",pathological
467,kidney_images\images\467.jpg,kidney_images\labels\467.txt,kidney_images\masks\467.mat,True,True,1,1,1,0,1,"[[305, 144, 93, 69, 2]]",pathological
582,kidney_images\images\582.jpg,kidney_images\labels\582.txt,kidney_images\masks\582.mat,True,True,1,0,1,0,1,"[[345, 192, 32, 30, 2]]",pathological
624,kidney_images\images\624.jpg,kidney_images\labels\624.txt,kidney_images\masks\624.mat,True,True,1,1,1,0,0,[],pathological
1358,kidney_images\images\1358.jpg,kidney_images\labels\1358.txt,kidney_images\masks\1358.mat,True,True,1,0,0,0,1,"[[408, 182, 32, 37, 3]]",pathological
317,kidney_images\images\317.jpg,kidney_images\labels\317.txt,kidney_images\masks\317.mat,True,True,1,0,0,0,2,"[[370, 213, 21, 28, 2], [428, 212, 31, 51, 2]]",pathological
134,kidney_images\images\134.jpg,kidney_images\labels\134.txt,kidney_images\masks\134.mat,True,True,1,0,0,0,2,"[[286, 124, 85, 75, 2], [353, 110, 57, 60, 2]]",pathological
735,kidney_images\images\735.jpg,kidney_images\labels\735.txt,kidney_images\masks\735.mat,True,True,0,0,0,1,0,[],healthy
1159,kidney_images\images\1159.jpg,kidney_images\labels\1159.txt,kidney_images\masks\1159.mat,True,True,1,1,1,0,2,"[[284, 196, 78, 72, 3], [296, 152, 73, 53, 3]]",pathological
1186,kidney_images\images\1186.jpg,kidney_images\labels\1186.txt,kidney_images\masks\1186.mat,True,True,1,0,1,0,0,[],pathological
698,kidney_images\images\698.jpg,kidney_images\labels\698.txt,kidney_images\masks\698.mat,True,True,1,0,0,0,2,"[[324, 115, 65, 50, 4], [381, 129, 44, 42, 4]]",pathological
1672,kidney_images\images\1672.jpg,kidney_images\labels\1672.txt,kidney_images\masks\1672.mat,True,True,1,1,1,0,0,[],pathological
1349,kidney_images\images\1349.jpg,kidney_images\labels\1349.txt,kidney_images\masks\1349.mat,True,True,1,0,0,0,2,"[[407, 271, 35, 22, 2], [472, 262, 38, 33, 2]]",pathological
1870,kidney_images\images\1870.jpg,kidney_images\labels\1870.txt,kidney_images\masks\1870.mat,True,True,0,0,0,0,0,[],healthy
55,kidney_images\images\55.jpg,kidney_images\labels\55.txt,kidney_images\masks\55.mat,True,True,0,0,0,0,0,[],healthy
1964,kidney_images\images\1964.jpg,kidney_images\labels\1964.txt,kidney_images\masks\1964.mat,True,True,0,0,0,0,0,[],healthy
1939,kidney_images\images\1939.jpg,kidney_images\labels\1939.txt,kidney_images\masks\1939.mat,True,True,0,0,0,0,0,[],healthy
946,kidney_images\images\946.jpg,kidney_images\labels\946.txt,kidney_images\masks\946.mat,True,True,1,0,0,0,5,"[[355, 170, 34, 27, 4], [387, 155, 32, 34, 4], [420, 159, 26, 30, 4], [446, 160, 27, 33, 4], [480, 165, 25, 35, 4]]",pathological
116,kidney_images\images\116.jpg,kidney_images\labels\116.txt,kidney_images\masks\116.mat,True,True,1,1,1,0,0,[],pathological
915,kidney_images\images\915.jpg,kidney_images\labels\915.txt,kidney_images\masks\915.mat,True,True,0,0,0,0,0,[],healthy
148,kidney_images\images\148.jpg,kidney_images\labels\148.txt,kidney_images\masks\148.mat,True,True,1,1,1,0,0,[],pathological
989,kidney_images\images\989.jpg,kidney_images\labels\989.txt,kidney_images\masks\989.mat,True,True,1,1,0,0,1,"[[445, 164, 42, 47, 2]]",pathological
339,kidney_images\images\339.jpg,kidney_images\labels\339.txt,kidney_images\masks\339.mat,True,True,1,0,0,0,5,"[[277, 118, 143, 95, 2], [428, 136, 44, 35, 2], [427, 193, 53, 58, 2], [476, 162, 47, 40, 2], [287, 171, 48, 68, 2]]",pathological
1557,kidney_images\images\1557.jpg,kidney_images\labels\1557.txt,kidney_images\masks\1557.mat,True,True,1,1,1,0,1,"[[391, 189, 42, 36, 2]]",pathological
521,kidney_images\images\521.jpg,kidney_images\labels\521.txt,kidney_images\masks\521.mat,True,True,1,1,1,0,1,"[[366, 147, 60, 52, 2]]",pathological
1197,kidney_images\images\1197.jpg,kidney_images\labels\1197.txt,kidney_images\masks\1197.mat,True,True,1,1,1,0,3,"[[490, 184, 29, 42, 2], [364, 163, 34, 41, 2], [345, 174, 36, 41, 2]]",pathological
1568,kidney_images\images\1568.jpg,kidney_images\labels\1568.txt,kidney_images\masks\1568.mat,True,True,0,0,0,0,0,[],healthy
466,kidney_images\images\466.jpg,kidney_images\labels\466.txt,kidney_images\masks\466.mat,True,True,1,1,1,0,1,"[[303, 117, 113, 90, 2]]",pathological
125,kidney_images\images\125.jpg,kidney_images\labels\125.txt,kidney_images\masks\125.mat,True,True,1,0,0,0,3,"[[382, 180, 34, 33, 2], [413, 186, 44, 46, 2], [255, 175, 55, 44, 2]]",pathological
1809,kidney_images\images\1809.jpg,kidney_images\labels\1809.txt,kidney_images\masks\1809.mat,True,True,1,0,0,0,1,"[[404, 266, 46, 52, 2]]",pathological
703,kidney_images\images\703.jpg,kidney_images\labels\703.txt,kidney_images\masks\703.mat,True,True,0,0,0,0,0,[],healthy
1565,kidney_images\images\1565.jpg,kidney_images\labels\1565.txt,kidney_images\masks\1565.mat,True,True,1,0,0,0,1,"[[403, 198, 19, 30, 8]]",pathological
24,kidney_images\images\24.jpg,kidney_images\labels\24.txt,kidney_images\masks\24.mat,True,True,1,0,0,0,1,"[[323, 116, 115, 117, 7]]",pathological
244,kidney_images\images\244.jpg,kidney_images\labels\244.txt,kidney_images\masks\244.mat,True,True,0,0,0,0,0,[],healthy
1127,kidney_images\images\1127.jpg,kidney_images\labels\1127.txt,kidney_images\masks\1127.mat,True,True,1,1,1,0,1,"[[388, 192, 35, 52, 2]]",pathological
757,kidney_images\images\757.jpg,kidney_images\labels\757.txt,kidney_images\masks\757.mat,True,True,1,0,0,0,1,"[[305, 156, 83, 66, 2]]",pathological
305,kidney_images\images\305.jpg,kidney_images\labels\305.txt,kidney_images\masks\305.mat,True,True,1,1,1,0,3,"[[413, 124, 25, 31, 2], [386, 115, 20, 37, 2], [354, 138, 27, 33, 2]]",pathological
809,kidney_images\images\809.jpg,kidney_images\labels\809.txt,kidney_images\masks\809.mat,True,True,1,0,0,0,5,"[[280, 138, 77, 60, 2], [405, 97, 68, 38, 2], [341, 112, 67, 48, 2], [259, 194, 72, 53, 2], [468, 111, 57, 47, 2]]",pathological
1060,kidney_images\images\1060.jpg,kidney_images\labels\1060.txt,kidney_images\masks\1060.mat,True,True,0,0,0,0,0,[],healthy
697,kidney_images\images\697.jpg,kidney_images\labels\697.txt,kidney_images\masks\697.mat,True,True,0,0,0,1,0,[],healthy
407,kidney_images\images\407.jpg,kidney_images\labels\407.txt,kidney_images\masks\407.mat,True,True,1,1,0,0,2,"[[274, 165, 80, 52, 7], [360, 136, 142, 120, 7]]",pathological
688,kidney_images\images\688.jpg,kidney_images\labels\688.txt,kidney_images\masks\688.mat,True,True,1,0,0,0,3,"[[436, 127, 51, 71, 2], [473, 130, 40, 49, 2], [363, 176, 34, 36, 1]]",pathological
1438,kidney_images\images\1438.jpg,kidney_images\labels\1438.txt,kidney_images\masks\1438.mat,True,True,0,0,0,0,0,[],healthy
1050,kidney_images\images\1050.jpg,kidney_images\labels\1050.txt,kidney_images\masks\1050.mat,True,True,1,1,0,0,0,[],pathological
1306,kidney_images\images\1306.jpg,kidney_images\labels\1306.txt,kidney_images\masks\1306.mat,True,True,0,0,0,0,0,[],healthy
996,kidney_images\images\996.jpg,kidney_images\labels\996.txt,kidney_images\masks\996.mat,True,True,1,0,1,0,1,"[[378, 177, 162, 93, 7]]",pathological
1800,kidney_images\images\1800.jpg,kidney_images\labels\1800.txt,kidney_images\masks\1800.mat,True,True,1,0,0,0,1,"[[343, 185, 28, 40, 2]]",pathological
372,kidney_images\images\372.jpg,kidney_images\labels\372.txt,kidney_images\masks\372.mat,True,True,1,1,0,0,1,"[[340, 150, 142, 98, 7]]",pathological
1160,kidney_images\images\1160.jpg,kidney_images\labels\1160.txt,kidney_images\masks\1160.mat,True,True,1,1,0,0,1,"[[443, 109, 49, 30, 2]]",pathological
1782,kidney_images\images\1782.jpg,kidney_images\labels\1782.txt,kidney_images\masks\1782.mat,True,True,0,0,0,0,0,[],healthy
1792,kidney_images\images\1792.jpg,kidney_images\labels\1792.txt,kidney_images\masks\1792.mat,True,True,0,0,0,0,0,[],healthy
217,kidney_images\images\217.jpg,kidney_images\labels\217.txt,kidney_images\masks\217.mat,True,True,1,0,0,0,4,"[[464, 160, 32, 41, 4], [418, 162, 42, 49, 4], [370, 160, 42, 46, 4], [312, 163, 44, 48, 4]]",pathological
1065,kidney_images\images\1065.jpg,kidney_images\labels\1065.txt,kidney_images\masks\1065.mat,True,True,0,0,0,0,0,[],healthy
819,kidney_images\images\819.jpg,kidney_images\labels\819.txt,kidney_images\masks\819.mat,True,True,1,0,0,1,1,"[[409, 153, 51, 40, 2]]",pathological
67,kidney_images\images\67.jpg,kidney_images\labels\67.txt,kidney_images\masks\67.mat,True,True,1,1,1,0,3,"[[290, 168, 45, 93, 8], [391, 177, 24, 30, 2], [338, 199, 23, 20, 2]]",pathological
1648,kidney_images\images\1648.jpg,kidney_images\labels\1648.txt,kidney_images\masks\1648.mat,True,True,1,0,0,0,2,"[[423, 185, 68, 62, 7], [338, 185, 60, 49, 7]]",pathological
738,kidney_images\images\738.jpg,kidney_images\labels\738.txt,kidney_images\masks\738.mat,True,True,1,0,0,0,2,"[[283, 214, 102, 60, 7], [349, 170, 54, 49, 7]]",pathological
1656,kidney_images\images\1656.jpg,kidney_images\labels\1656.txt,kidney_images\masks\1656.mat,True,True,1,0,0,0,5,"[[406, 243, 153, 92, 2], [415, 139, 129, 96, 3], [355, 117, 74, 68, 2], [339, 176, 77, 53, 2], [295, 182, 47, 51, 2]]",pathological
1692,kidney_images\images\1692.jpg,kidney_images\labels\1692.txt,kidney_images\masks\1692.mat,True,True,0,0,0,1,0,[],healthy
1740,kidney_images\images\1740.jpg,kidney_images\labels\1740.txt,kidney_images\masks\1740.mat,True,True,1,1,1,0,0,[],pathological
1571,kidney_images\images\1571.jpg,kidney_images\labels\1571.txt,kidney_images\masks\1571.mat,True,True,0,0,0,1,0,[],healthy
579,kidney_images\images\579.jpg,kidney_images\labels\579.txt,kidney_images\masks\579.mat,True,True,1,1,0,0,2,"[[305, 217, 57, 61, 2], [381, 197, 88, 108, 2]]",pathological
589,kidney_images\images\589.jpg,kidney_images\labels\589.txt,kidney_images\masks\589.mat,True,True,1,1,1,0,1,"[[357, 153, 122, 84, 7]]",pathological
16,kidney_images\images\16.jpg,kidney_images\labels\16.txt,kidney_images\masks\16.mat,True,True,1,0,0,0,4,"[[171, 172, 144, 74, 7], [239, 129, 98, 64, 7], [278, 186, 72, 51, 7], [350, 152, 79, 67, 7]]",pathological
1846,kidney_images\images\1846.jpg,kidney_images\labels\1846.txt,kidney_images\masks\1846.mat,True,True,1,0,0,0,1,"[[423, 190, 81, 99, 7]]",pathological
921,kidney_images\images\921.jpg,kidney_images\labels\921.txt,kidney_images\masks\921.mat,True,True,1,0,0,0,1,"[[312, 114, 92, 84, 6]]",pathological
262,kidney_images\images\262.jpg,kidney_images\labels\262.txt,kidney_images\masks\262.mat,True,True,1,0,0,0,2,"[[453, 208, 44, 33, 2], [493, 229, 89, 53, 2]]",pathological
1325,kidney_images\images\1325.jpg,kidney_images\labels\1325.txt,kidney_images\masks\1325.mat,True,True,0,0,0,0,0,[],healthy
778,kidney_images\images\778.jpg,kidney_images\labels\778.txt,kidney_images\masks\778.mat,True,True,1,0,1,0,1,"[[387, 148, 63, 52, 2]]",pathological
1918,kidney_images\images\1918.jpg,kidney_images\labels\1918.txt,kidney_images\masks\1918.mat,True,True,0,0,0,0,0,[],healthy
269,kidney_images\images\269.jpg,kidney_images\labels\269.txt,kidney_images\masks\269.mat,True,True,0,0,0,0,0,[],healthy
175,kidney_images\images\175.jpg,kidney_images\labels\175.txt,kidney_images\masks\175.mat,True,True,0,0,0,0,0,[],healthy
1936,kidney_images\images\1936.jpg,kidney_images\labels\1936.txt,kidney_images\masks\1936.mat,True,True,1,1,1,0,0,[],pathological
983,kidney_images\images\983.jpg,kidney_images\labels\983.txt,kidney_images\masks\983.mat,True,True,0,0,0,0,0,[],healthy
389,kidney_images\images\389.jpg,kidney_images\labels\389.txt,kidney_images\masks\389.mat,True,True,1,0,0,0,1,"[[454, 204, 35, 19, 5]]",pathological
890,kidney_images\images\890.jpg,kidney_images\labels\890.txt,kidney_images\masks\890.mat,True,True,0,0,0,0,0,[],healthy
1334,kidney_images\images\1334.jpg,kidney_images\labels\1334.txt,kidney_images\masks\1334.mat,True,True,0,0,0,0,0,[],healthy
216,kidney_images\images\216.jpg,kidney_images\labels\216.txt,kidney_images\masks\216.mat,True,True,1,0,0,0,4,"[[391, 160, 53, 47, 4], [333, 162, 54, 46, 4], [291, 170, 55, 45, 4], [438, 161, 39, 41, 4]]",pathological
1940,kidney_images\images\1940.jpg,kidney_images\labels\1940.txt,kidney_images\masks\1940.mat,True,True,0,0,0,0,0,[],healthy
1054,kidney_images\images\1054.jpg,kidney_images\labels\1054.txt,kidney_images\masks\1054.mat,True,True,1,0,0,0,1,"[[333, 235, 44, 45, 9]]",pathological
98,kidney_images\images\98.jpg,kidney_images\labels\98.txt,kidney_images\masks\98.mat,True,True,1,0,0,0,1,"[[344, 162, 171, 146, 7]]",pathological
1042,kidney_images\images\1042.jpg,kidney_images\labels\1042.txt,kidney_images\masks\1042.mat,True,True,1,0,0,1,1,"[[392, 182, 103, 107, 7]]",pathological
1286,kidney_images\images\1286.jpg,kidney_images\labels\1286.txt,kidney_images\masks\1286.mat,True,True,1,0,0,0,1,"[[352, 213, 173, 101, 7]]",pathological
1389,kidney_images\images\1389.jpg,kidney_images\labels\1389.txt,kidney_images\masks\1389.mat,True,True,1,0,0,0,1,"[[338, 169, 74, 62, 9]]",pathological
213,kidney_images\images\213.jpg,kidney_images\labels\213.txt,kidney_images\masks\213.mat,True,True,1,1,0,0,2,"[[396, 167, 26, 60, 1], [407, 202, 85, 48, 8]]",pathological
844,kidney_images\images\844.jpg,kidney_images\labels\844.txt,kidney_images\masks\844.mat,True,True,1,1,1,0,4,"[[285, 162, 41, 39, 4], [333, 158, 38, 41, 4], [386, 150, 43, 45, 4], [364, 141, 30, 34, 4]]",pathological
263,kidney_images\images\263.jpg,kidney_images\labels\263.txt,kidney_images\masks\263.mat,True,True,1,0,0,0,1,"[[480, 230, 120, 58, 7]]",pathological
1174,kidney_images\images\1174.jpg,kidney_images\labels\1174.txt,kidney_images\masks\1174.mat,True,True,1,0,0,0,1,"[[362, 202, 38, 42, 2]]",pathological
1373,kidney_images\images\1373.jpg,kidney_images\labels\1373.txt,kidney_images\masks\1373.mat,True,True,0,0,0,0,0,[],healthy
657,kidney_images\images\657.jpg,kidney_images\labels\657.txt,kidney_images\masks\657.mat,True,True,1,1,0,0,4,"[[354, 150, 45, 44, 4], [390, 149, 47, 52, 4], [408, 222, 54, 43, 4], [314, 202, 45, 37, 4]]",pathological
1374,kidney_images\images\1374.jpg,kidney_images\labels\1374.txt,kidney_images\masks\1374.mat,True,True,0,0,0,0,0,[],healthy
1638,kidney_images\images\1638.jpg,kidney_images\labels\1638.txt,kidney_images\masks\1638.mat,True,True,0,0,0,0,0,[],healthy
463,kidney_images\images\463.jpg,kidney_images\labels\463.txt,kidney_images\masks\463.mat,True,True,1,0,0,1,2,"[[276, 170, 41, 30, 2], [294, 188, 19, 24, 2]]",pathological
538,kidney_images\images\538.jpg,kidney_images\labels\538.txt,kidney_images\masks\538.mat,True,True,1,1,1,0,1,"[[455, 187, 36, 33, 2]]",pathological
1011,kidney_images\images\1011.jpg,kidney_images\labels\1011.txt,kidney_images\masks\1011.mat,True,True,1,0,0,0,4,"[[464, 214, 81, 76, 2], [269, 144, 149, 122, 7], [371, 113, 144, 114, 7], [475, 208, 44, 64, 7]]",pathological
313,kidney_images\images\313.jpg,kidney_images\labels\313.txt,kidney_images\masks\313.mat,True,True,1,0,0,0,2,"[[393, 144, 29, 22, 2], [389, 165, 33, 44, 1]]",pathological
913,kidney_images\images\913.jpg,kidney_images\labels\913.txt,kidney_images\masks\913.mat,True,True,0,0,0,1,0,[],healthy
1171,kidney_images\images\1171.jpg,kidney_images\labels\1171.txt,kidney_images\masks\1171.mat,True,True,1,0,0,0,1,"[[388, 189, 28, 31, 8]]",pathological
387,kidney_images\images\387.jpg,kidney_images\labels\387.txt,kidney_images\masks\387.mat,True,True,1,0,0,0,3,"[[376, 158, 32, 44, 9], [319, 146, 39, 44, 9], [267, 142, 43, 30, 9]]",pathological
1755,kidney_images\images\1755.jpg,kidney_images\labels\1755.txt,kidney_images\masks\1755.mat,True,True,1,1,1,0,1,"[[392, 142, 25, 28, 2]]",pathological
562,kidney_images\images\562.jpg,kidney_images\labels\562.txt,kidney_images\masks\562.mat,True,True,1,0,1,0,4,"[[419, 106, 171, 128, 2], [321, 76, 76, 56, 2], [270, 158, 94, 70, 2], [366, 144, 56, 57, 2]]",pathological
357,kidney_images\images\357.jpg,kidney_images\labels\357.txt,kidney_images\masks\357.mat,True,True,1,1,1,0,0,[],pathological
1353,kidney_images\images\1353.jpg,kidney_images\labels\1353.txt,kidney_images\masks\1353.mat,True,True,1,0,0,0,3,"[[360, 169, 28, 28, 2], [440, 167, 40, 38, 2], [435, 134, 49, 38, 2]]",pathological
1694,kidney_images\images\1694.jpg,kidney_images\labels\1694.txt,kidney_images\masks\1694.mat,True,True,1,0,0,0,2,"[[323, 201, 53, 67, 7], [385, 211, 67, 72, 7]]",pathological
676,kidney_images\images\676.jpg,kidney_images\labels\676.txt,kidney_images\masks\676.mat,True,True,1,0,0,0,2,"[[323, 152, 62, 70, 7], [381, 133, 111, 58, 7]]",pathological
712,kidney_images\images\712.jpg,kidney_images\labels\712.txt,kidney_images\masks\712.mat,True,True,1,1,0,0,1,"[[357, 221, 35, 37, 2]]",pathological
395,kidney_images\images\395.jpg,kidney_images\labels\395.txt,kidney_images\masks\395.mat,True,True,1,0,0,0,1,"[[297, 163, 63, 41, 2]]",pathological
1248,kidney_images\images\1248.jpg,kidney_images\labels\1248.txt,kidney_images\masks\1248.mat,True,True,0,0,0,0,0,[],healthy
412,kidney_images\images\412.jpg,kidney_images\labels\412.txt,kidney_images\masks\412.mat,True,True,1,1,0,0,3,"[[424, 151, 37, 24, 8], [321, 155, 37, 30, 2], [353, 148, 39, 33, 2]]",pathological
678,kidney_images\images\678.jpg,kidney_images\labels\678.txt,kidney_images\masks\678.mat,True,True,1,0,0,0,1,"[[311, 164, 34, 38, 2]]",pathological
1944,kidney_images\images\1944.jpg,kidney_images\labels\1944.txt,kidney_images\masks\1944.mat,True,True,0,0,0,0,0,[],healthy
1747,kidney_images\images\1747.jpg,kidney_images\labels\1747.txt,kidney_images\masks\1747.mat,True,True,0,0,0,0,0,[],healthy
850,kidney_images\images\850.jpg,kidney_images\labels\850.txt,kidney_images\masks\850.mat,True,True,1,0,0,0,2,"[[241, 101, 100, 90, 2], [405, 77, 48, 40, 2]]",pathological
452,kidney_images\images\452.jpg,kidney_images\labels\452.txt,kidney_images\masks\452.mat,True,True,0,0,0,0,0,[],healthy
1707,kidney_images\images\1707.jpg,kidney_images\labels\1707.txt,kidney_images\masks\1707.mat,True,True,1,1,0,0,2,"[[417, 152, 50, 67, 4], [325, 182, 59, 49, 4]]",pathological
1666,kidney_images\images\1666.jpg,kidney_images\labels\1666.txt,kidney_images\masks\1666.mat,True,True,1,0,0,0,1,"[[386, 246, 45, 81, 1]]",pathological
1653,kidney_images\images\1653.jpg,kidney_images\labels\1653.txt,kidney_images\masks\1653.mat,True,True,1,0,0,0,3,"[[290, 178, 67, 81, 2], [353, 173, 47, 52, 2], [384, 208, 60, 46, 2]]",pathological
323,kidney_images\images\323.jpg,kidney_images\labels\323.txt,kidney_images\masks\323.mat,True,True,1,0,0,0,1,"[[338, 191, 81, 67, 6]]",pathological
880,kidney_images\images\880.jpg,kidney_images\labels\880.txt,kidney_images\masks\880.mat,True,True,1,1,1,0,1,"[[372, 182, 50, 46, 2]]",pathological
1520,kidney_images\images\1520.jpg,kidney_images\labels\1520.txt,kidney_images\masks\1520.mat,True,True,1,0,0,0,1,"[[445, 238, 54, 58, 2]]",pathological
1170,kidney_images\images\1170.jpg,kidney_images\labels\1170.txt,kidney_images\masks\1170.mat,True,True,1,0,1,1,1,"[[406, 157, 40, 58, 7]]",pathological
1921,kidney_images\images\1921.jpg,kidney_images\labels\1921.txt,kidney_images\masks\1921.mat,True,True,1,0,0,0,4,"[[386, 212, 25, 33, 4], [348, 206, 27, 33, 4], [301, 199, 37, 31, 4], [253, 202, 40, 46, 4]]",pathological
674,kidney_images\images\674.jpg,kidney_images\labels\674.txt,kidney_images\masks\674.mat,True,True,1,0,0,0,1,"[[355, 145, 158, 73, 7]]",pathological
1491,kidney_images\images\1491.jpg,kidney_images\labels\1491.txt,kidney_images\masks\1491.mat,True,True,1,1,0,0,2,"[[339, 207, 48, 57, 2], [383, 215, 33, 36, 2]]",pathological
1249,kidney_images\images\1249.jpg,kidney_images\labels\1249.txt,kidney_images\masks\1249.mat,True,True,0,0,0,0,0,[],healthy
1894,kidney_images\images\1894.jpg,kidney_images\labels\1894.txt,kidney_images\masks\1894.mat,True,True,1,1,1,0,1,"[[286, 285, 99, 49, 8]]",pathological
1835,kidney_images\images\1835.jpg,kidney_images\labels\1835.txt,kidney_images\masks\1835.mat,True,True,1,0,0,0,1,"[[295, 143, 93, 91, 2]]",pathological
491,kidney_images\images\491.jpg,kidney_images\labels\491.txt,kidney_images\masks\491.mat,True,True,0,0,0,0,0,[],healthy
1036,kidney_images\images\1036.jpg,kidney_images\labels\1036.txt,kidney_images\masks\1036.mat,True,True,1,0,1,0,2,"[[234, 165, 33, 35, 2], [293, 181, 147, 109, 7]]",pathological
1063,kidney_images\images\1063.jpg,kidney_images\labels\1063.txt,kidney_images\masks\1063.mat,True,True,0,0,0,0,0,[],healthy
1980,kidney_images\images\1980.jpg,kidney_images\labels\1980.txt,kidney_images\masks\1980.mat,True,True,1,0,0,0,3,"[[337, 173, 89, 101, 1], [206, 219, 127, 97, 7], [421, 132, 112, 118, 7]]",pathological
1213,kidney_images\images\1213.jpg,kidney_images\labels\1213.txt,kidney_images\masks\1213.mat,True,True,0,0,0,0,0,[],healthy
1598,kidney_images\images\1598.jpg,kidney_images\labels\1598.txt,kidney_images\masks\1598.mat,True,True,0,0,0,0,0,[],healthy
246,kidney_images\images\246.jpg,kidney_images\labels\246.txt,kidney_images\masks\246.mat,True,True,1,1,1,0,0,[],pathological
1150,kidney_images\images\1150.jpg,kidney_images\labels\1150.txt,kidney_images\masks\1150.mat,True,True,1,1,1,0,0,[],pathological
494,kidney_images\images\494.jpg,kidney_images\labels\494.txt,kidney_images\masks\494.mat,True,True,1,0,0,1,2,"[[388, 168, 76, 60, 7], [268, 172, 83, 60, 7]]",pathological
1655,kidney_images\images\1655.jpg,kidney_images\labels\1655.txt,kidney_images\masks\1655.mat,True,True,0,0,0,0,0,[],healthy
191,kidney_images\images\191.jpg,kidney_images\labels\191.txt,kidney_images\masks\191.mat,True,True,1,1,0,0,1,"[[309, 162, 143, 83, 7]]",pathological
550,kidney_images\images\550.jpg,kidney_images\labels\550.txt,kidney_images\masks\550.mat,True,True,1,0,0,0,2,"[[464, 124, 54, 37, 2], [384, 198, 126, 59, 7]]",pathological
1318,kidney_images\images\1318.jpg,kidney_images\labels\1318.txt,kidney_images\masks\1318.mat,True,True,1,0,0,1,1,"[[300, 171, 98, 91, 7]]",pathological
505,kidney_images\images\505.jpg,kidney_images\labels\505.txt,kidney_images\masks\505.mat,True,True,1,1,0,0,3,"[[313, 175, 108, 109, 7], [230, 190, 109, 77, 7], [392, 130, 46, 45, 7]]",pathological
1234,kidney_images\images\1234.jpg,kidney_images\labels\1234.txt,kidney_images\masks\1234.mat,True,True,1,1,1,0,2,"[[463, 178, 33, 72, 1], [359, 171, 47, 30, 9]]",pathological
102,kidney_images\images\102.jpg,kidney_images\labels\102.txt,kidney_images\masks\102.mat,True,True,1,0,0,0,1,"[[337, 196, 54, 76, 1]]",pathological
1787,kidney_images\images\1787.jpg,kidney_images\labels\1787.txt,kidney_images\masks\1787.mat,True,True,1,0,0,0,1,"[[353, 198, 131, 78, 7]]",pathological
1415,kidney_images\images\1415.jpg,kidney_images\labels\1415.txt,kidney_images\masks\1415.mat,True,True,1,0,0,0,1,"[[322, 143, 81, 74, 7]]",pathological
763,kidney_images\images\763.jpg,kidney_images\labels\763.txt,kidney_images\masks\763.mat,True,True,1,1,1,0,1,"[[396, 145, 48, 36, 5]]",pathological
1329,kidney_images\images\1329.jpg,kidney_images\labels\1329.txt,kidney_images\masks\1329.mat,True,True,1,0,0,1,2,"[[415, 203, 144, 43, 7], [387, 239, 49, 36, 2]]",pathological
532,kidney_images\images\532.jpg,kidney_images\labels\532.txt,kidney_images\masks\532.mat,True,True,1,0,0,0,1,"[[382, 180, 93, 53, 7]]",pathological
1295,kidney_images\images\1295.jpg,kidney_images\labels\1295.txt,kidney_images\masks\1295.mat,True,True,0,0,0,0,0,[],healthy
939,kidney_images\images\939.jpg,kidney_images\labels\939.txt,kidney_images\masks\939.mat,True,True,1,0,0,1,1,"[[325, 148, 111, 98, 7]]",pathological
898,kidney_images\images\898.jpg,kidney_images\labels\898.txt,kidney_images\masks\898.mat,True,True,1,1,1,0,1,"[[275, 270, 74, 75, 2]]",pathological
1732,kidney_images\images\1732.jpg,kidney_images\labels\1732.txt,kidney_images\masks\1732.mat,True,True,1,0,0,0,3,"[[451, 210, 47, 36, 2], [358, 214, 39, 27, 2], [309, 226, 44, 40, 2]]",pathological
741,kidney_images\images\741.jpg,kidney_images\labels\741.txt,kidney_images\masks\741.mat,True,True,0,0,0,0,0,[],healthy
324,kidney_images\images\324.jpg,kidney_images\labels\324.txt,kidney_images\masks\324.mat,True,True,1,0,0,0,2,"[[338, 222, 24, 30, 2], [284, 236, 45, 53, 8]]",pathological
924,kidney_images\images\924.jpg,kidney_images\labels\924.txt,kidney_images\masks\924.mat,True,True,1,0,0,0,1,"[[294, 194, 54, 62, 2]]",pathological
1155,kidney_images\images\1155.jpg,kidney_images\labels\1155.txt,kidney_images\masks\1155.mat,True,True,1,1,1,0,1,"[[356, 184, 33, 28, 2]]",pathological
376,kidney_images\images\376.jpg,kidney_images\labels\376.txt,kidney_images\masks\376.mat,True,True,1,0,0,0,1,"[[322, 182, 45, 36, 2]]",pathological
519,kidney_images\images\519.jpg,kidney_images\labels\519.txt,kidney_images\masks\519.mat,True,True,1,0,0,1,2,"[[413, 208, 55, 48, 2], [368, 201, 49, 38, 2]]",pathological
878,kidney_images\images\878.jpg,kidney_images\labels\878.txt,kidney_images\masks\878.mat,True,True,1,1,1,0,0,[],pathological
1680,kidney_images\images\1680.jpg,kidney_images\labels\1680.txt,kidney_images\masks\1680.mat,True,True,1,1,0,0,2,"[[386, 122, 50, 50, 4], [442, 107, 65, 59, 4]]",pathological
768,kidney_images\images\768.jpg,kidney_images\labels\768.txt,kidney_images\masks\768.mat,True,True,1,0,0,0,2,"[[230, 222, 129, 86, 7], [430, 228, 88, 81, 7]]",pathological
1363,kidney_images\images\1363.jpg,kidney_images\labels\1363.txt,kidney_images\masks\1363.mat,True,True,1,0,0,0,2,"[[311, 140, 51, 41, 5], [395, 204, 59, 79, 7]]",pathological
879,kidney_images\images\879.jpg,kidney_images\labels\879.txt,kidney_images\masks\879.mat,True,True,1,1,1,0,0,[],pathological
225,kidney_images\images\225.jpg,kidney_images\labels\225.txt,kidney_images\masks\225.mat,True,True,1,0,0,1,1,"[[229, 198, 170, 135, 7]]",pathological
701,kidney_images\images\701.jpg,kidney_images\labels\701.txt,kidney_images\masks\701.mat,True,True,1,0,1,0,2,"[[345, 164, 58, 36, 2], [395, 142, 77, 41, 2]]",pathological
164,kidney_images\images\164.jpg,kidney_images\labels\164.txt,kidney_images\masks\164.mat,True,True,1,0,0,0,1,"[[325, 178, 217, 120, 7]]",pathological
7,kidney_images\images\7.jpg,kidney_images\labels\7.txt,kidney_images\masks\7.mat,True,True,1,0,0,0,1,"[[211, 158, 85, 45, 9]]",pathological
597,kidney_images\images\597.jpg,kidney_images\labels\597.txt,kidney_images\masks\597.mat,True,True,1,0,1,0,4,"[[296, 139, 84, 65, 7], [423, 181, 80, 65, 7], [249, 187, 73, 67, 7], [340, 151, 91, 78, 1]]",pathological
1111,kidney_images\images\1111.jpg,kidney_images\labels\1111.txt,kidney_images\masks\1111.mat,True,True,1,1,1,0,0,[],pathological
1424,kidney_images\images\1424.jpg,kidney_images\labels\1424.txt,kidney_images\masks\1424.mat,True,True,1,0,1,0,0,[],pathological
1691,kidney_images\images\1691.jpg,kidney_images\labels\1691.txt,kidney_images\masks\1691.mat,True,True,0,0,0,0,0,[],healthy
351,kidney_images\images\351.jpg,kidney_images\labels\351.txt,kidney_images\masks\351.mat,True,True,1,0,0,0,1,"[[290, 138, 77, 52, 2]]",pathological
457,kidney_images\images\457.jpg,kidney_images\labels\457.txt,kidney_images\masks\457.mat,True,True,0,0,0,0,0,[],healthy
1434,kidney_images\images\1434.jpg,kidney_images\labels\1434.txt,kidney_images\masks\1434.mat,True,True,0,0,0,0,0,[],healthy
1612,kidney_images\images\1612.jpg,kidney_images\labels\1612.txt,kidney_images\masks\1612.mat,True,True,1,1,1,0,1,"[[404, 246, 28, 85, 1]]",pathological
1175,kidney_images\images\1175.jpg,kidney_images\labels\1175.txt,kidney_images\masks\1175.mat,True,True,1,0,0,1,1,"[[390, 185, 81, 60, 7]]",pathological
1232,kidney_images\images\1232.jpg,kidney_images\labels\1232.txt,kidney_images\masks\1232.mat,True,True,1,0,0,0,1,"[[316, 113, 240, 118, 7]]",pathological
174,kidney_images\images\174.jpg,kidney_images\labels\174.txt,kidney_images\masks\174.mat,True,True,1,0,0,0,1,"[[406, 194, 31, 50, 2]]",pathological
287,kidney_images\images\287.jpg,kidney_images\labels\287.txt,kidney_images\masks\287.mat,True,True,1,0,0,0,1,"[[407, 178, 101, 73, 7]]",pathological
202,kidney_images\images\202.jpg,kidney_images\labels\202.txt,kidney_images\masks\202.mat,True,True,1,0,0,0,2,"[[271, 167, 52, 38, 2], [277, 197, 43, 32, 1]]",pathological
702,kidney_images\images\702.jpg,kidney_images\labels\702.txt,kidney_images\masks\702.mat,True,True,1,0,1,0,2,"[[344, 172, 82, 85, 4], [396, 139, 82, 82, 4]]",pathological
577,kidney_images\images\577.jpg,kidney_images\labels\577.txt,kidney_images\masks\577.mat,True,True,1,1,0,0,2,"[[298, 199, 97, 89, 7], [234, 206, 91, 101, 7]]",pathological
117,kidney_images\images\117.jpg,kidney_images\labels\117.txt,kidney_images\masks\117.mat,True,True,1,0,1,0,3,"[[320, 101, 51, 41, 4], [380, 99, 29, 39, 4], [272, 111, 40, 43, 4]]",pathological
1142,kidney_images\images\1142.jpg,kidney_images\labels\1142.txt,kidney_images\masks\1142.mat,True,True,1,1,1,0,1,"[[414, 178, 69, 61, 2]]",pathological
1464,kidney_images\images\1464.jpg,kidney_images\labels\1464.txt,kidney_images\masks\1464.mat,True,True,1,1,1,0,1,"[[519, 214, 81, 63, 2]]",pathological
1757,kidney_images\images\1757.jpg,kidney_images\labels\1757.txt,kidney_images\masks\1757.mat,True,True,0,0,0,0,0,[],healthy
994,kidney_images\images\994.jpg,kidney_images\labels\994.txt,kidney_images\masks\994.mat,True,True,1,1,1,0,2,"[[251, 132, 57, 56, 2], [397, 173, 72, 40, 7]]",pathological
1737,kidney_images\images\1737.jpg,kidney_images\labels\1737.txt,kidney_images\masks\1737.mat,True,True,0,0,0,0,0,[],healthy
1902,kidney_images\images\1902.jpg,kidney_images\labels\1902.txt,kidney_images\masks\1902.mat,True,True,1,1,1,0,0,[],pathological
1069,kidney_images\images\1069.jpg,kidney_images\labels\1069.txt,kidney_images\masks\1069.mat,True,True,1,1,1,0,0,[],pathological
1673,kidney_images\images\1673.jpg,kidney_images\labels\1673.txt,kidney_images\masks\1673.mat,True,True,1,1,1,0,2,"[[348, 224, 53, 48, 2], [383, 259, 53, 49, 2]]",pathological
1380,kidney_images\images\1380.jpg,kidney_images\labels\1380.txt,kidney_images\masks\1380.mat,True,True,0,0,0,0,0,[],healthy
847,kidney_images\images\847.jpg,kidney_images\labels\847.txt,kidney_images\masks\847.mat,True,True,1,0,0,0,5,"[[345, 177, 49, 47, 2], [373, 164, 47, 68, 2], [411, 185, 52, 42, 2], [321, 203, 59, 54, 2], [364, 212, 47, 61, 2]]",pathological
804,kidney_images\images\804.jpg,kidney_images\labels\804.txt,kidney_images\masks\804.mat,True,True,1,1,1,0,3,"[[307, 200, 47, 36, 2], [437, 188, 66, 47, 2], [386, 205, 45, 67, 7]]",pathological
276,kidney_images\images\276.jpg,kidney_images\labels\276.txt,kidney_images\masks\276.mat,True,True,1,0,0,0,3,"[[365, 115, 141, 102, 2], [318, 101, 72, 53, 2], [314, 136, 41, 52, 2]]",pathological
1162,kidney_images\images\1162.jpg,kidney_images\labels\1162.txt,kidney_images\masks\1162.mat,True,True,1,1,1,0,2,"[[475, 137, 78, 32, 2], [190, 211, 62, 45, 7]]",pathological
79,kidney_images\images\79.jpg,kidney_images\labels\79.txt,kidney_images\masks\79.mat,True,True,1,1,1,0,1,"[[280, 160, 33, 31, 9]]",pathological
1597,kidney_images\images\1597.jpg,kidney_images\labels\1597.txt,kidney_images\masks\1597.mat,True,True,0,0,0,1,0,[],healthy
1470,kidney_images\images\1470.jpg,kidney_images\labels\1470.txt,kidney_images\masks\1470.mat,True,True,1,0,0,1,1,"[[411, 159, 83, 33, 7]]",pathological
1689,kidney_images\images\1689.jpg,kidney_images\labels\1689.txt,kidney_images\masks\1689.mat,True,True,1,0,0,0,3,"[[322, 129, 37, 47, 2], [437, 147, 28, 47, 1], [369, 157, 30, 70, 1]]",pathological
1073,kidney_images\images\1073.jpg,kidney_images\labels\1073.txt,kidney_images\masks\1073.mat,True,True,1,0,1,0,1,"[[349, 262, 46, 41, 7]]",pathological
672,kidney_images\images\672.jpg,kidney_images\labels\672.txt,kidney_images\masks\672.mat,True,True,1,0,1,0,0,[],pathological
820,kidney_images\images\820.jpg,kidney_images\labels\820.txt,kidney_images\masks\820.mat,True,True,1,0,0,1,1,"[[426, 151, 65, 45, 2]]",pathological
74,kidney_images\images\74.jpg,kidney_images\labels\74.txt,kidney_images\masks\74.mat,True,True,1,0,0,0,2,"[[312, 141, 20, 29, 2], [366, 144, 33, 26, 2]]",pathological
1151,kidney_images\images\1151.jpg,kidney_images\labels\1151.txt,kidney_images\masks\1151.mat,True,True,0,0,0,0,0,[],healthy
62,kidney_images\images\62.jpg,kidney_images\labels\62.txt,kidney_images\masks\62.mat,True,True,1,1,0,0,0,[],pathological
1075,kidney_images\images\1075.jpg,kidney_images\labels\1075.txt,kidney_images\masks\1075.mat,True,True,1,0,0,0,1,"[[326, 164, 89, 67, 7]]",pathological
22,kidney_images\images\22.jpg,kidney_images\labels\22.txt,kidney_images\masks\22.mat,True,True,1,0,0,0,1,"[[345, 180, 55, 39, 7]]",pathological
455,kidney_images\images\455.jpg,kidney_images\labels\455.txt,kidney_images\masks\455.mat,True,True,0,0,0,1,0,[],healthy
64,kidney_images\images\64.jpg,kidney_images\labels\64.txt,kidney_images\masks\64.mat,True,True,1,1,1,0,0,[],pathological
545,kidney_images\images\545.jpg,kidney_images\labels\545.txt,kidney_images\masks\545.mat,True,True,1,1,1,0,3,"[[317, 156, 45, 59, 2], [379, 161, 33, 37, 2], [445, 157, 32, 27, 2]]",pathological
1330,kidney_images\images\1330.jpg,kidney_images\labels\1330.txt,kidney_images\masks\1330.mat,True,True,1,0,0,0,1,"[[386, 186, 38, 100, 1]]",pathological
964,kidney_images\images\964.jpg,kidney_images\labels\964.txt,kidney_images\masks\964.mat,True,True,0,0,0,0,0,[],healthy
1906,kidney_images\images\1906.jpg,kidney_images\labels\1906.txt,kidney_images\masks\1906.mat,True,True,0,0,0,0,0,[],healthy
1899,kidney_images\images\1899.jpg,kidney_images\labels\1899.txt,kidney_images\masks\1899.mat,True,True,1,0,0,0,1,"[[422, 256, 70, 47, 8]]",pathological
367,kidney_images\images\367.jpg,kidney_images\labels\367.txt,kidney_images\masks\367.mat,True,True,1,0,0,1,1,"[[375, 176, 177, 132, 7]]",pathological
1003,kidney_images\images\1003.jpg,kidney_images\labels\1003.txt,kidney_images\masks\1003.mat,True,True,1,1,1,0,3,"[[445, 222, 62, 56, 2], [332, 255, 53, 69, 2], [454, 230, 33, 39, 2]]",pathological
272,kidney_images\images\272.jpg,kidney_images\labels\272.txt,kidney_images\masks\272.mat,True,True,1,0,0,0,1,"[[341, 144, 184, 127, 7]]",pathological
1094,kidney_images\images\1094.jpg,kidney_images\labels\1094.txt,kidney_images\masks\1094.mat,True,True,1,0,0,1,1,"[[270, 209, 69, 90, 2]]",pathological
1078,kidney_images\images\1078.jpg,kidney_images\labels\1078.txt,kidney_images\masks\1078.mat,True,True,1,0,0,0,1,"[[355, 269, 32, 51, 5]]",pathological
1546,kidney_images\images\1546.jpg,kidney_images\labels\1546.txt,kidney_images\masks\1546.mat,True,True,1,1,1,0,0,[],pathological
1167,kidney_images\images\1167.jpg,kidney_images\labels\1167.txt,kidney_images\masks\1167.mat,True,True,1,1,1,0,1,"[[455, 142, 50, 64, 2]]",pathological
530,kidney_images\images\530.jpg,kidney_images\labels\530.txt,kidney_images\masks\530.mat,True,True,1,0,0,0,1,"[[391, 167, 92, 63, 7]]",pathological
1907,kidney_images\images\1907.jpg,kidney_images\labels\1907.txt,kidney_images\masks\1907.mat,True,True,1,0,0,0,3,"[[390, 122, 69, 70, 2], [327, 218, 53, 35, 2], [450, 234, 25, 33, 2]]",pathological
1710,kidney_images\images\1710.jpg,kidney_images\labels\1710.txt,kidney_images\masks\1710.mat,True,True,1,0,0,0,3,"[[374, 182, 45, 48, 2], [256, 195, 136, 114, 2], [526, 172, 40, 52, 2]]",pathological
84,kidney_images\images\84.jpg,kidney_images\labels\84.txt,kidney_images\masks\84.mat,True,True,1,1,1,0,0,[],pathological
1914,kidney_images\images\1914.jpg,kidney_images\labels\1914.txt,kidney_images\masks\1914.mat,True,True,1,0,0,0,3,"[[398, 185, 35, 47, 2], [432, 198, 48, 48, 2], [343, 192, 40, 41, 2]]",pathological
1975,kidney_images\images\1975.jpg,kidney_images\labels\1975.txt,kidney_images\masks\1975.mat,True,True,0,0,0,0,0,[],healthy
806,kidney_images\images\806.jpg,kidney_images\labels\806.txt,kidney_images\masks\806.mat,True,True,1,1,1,0,2,"[[434, 189, 80, 58, 2], [422, 238, 86, 55, 3]]",pathological
1833,kidney_images\images\1833.jpg,kidney_images\labels\1833.txt,kidney_images\masks\1833.mat,True,True,0,0,0,0,0,[],healthy
507,kidney_images\images\507.jpg,kidney_images\labels\507.txt,kidney_images\masks\507.mat,True,True,1,0,0,0,3,"[[349, 185, 127, 91, 7], [360, 145, 49, 26, 4], [476, 140, 55, 51, 4]]",pathological
1152,kidney_images\images\1152.jpg,kidney_images\labels\1152.txt,kidney_images\masks\1152.mat,True,True,1,1,1,0,0,[],pathological
1947,kidney_images\images\1947.jpg,kidney_images\labels\1947.txt,kidney_images\masks\1947.mat,True,True,1,0,0,0,3,"[[417, 282, 72, 43, 8], [364, 187, 22, 35, 4], [420, 191, 46, 32, 4]]",pathological
1023,kidney_images\images\1023.jpg,kidney_images\labels\1023.txt,kidney_images\masks\1023.mat,True,True,1,0,1,0,1,"[[314, 130, 160, 164, 3]]",pathological
1973,kidney_images\images\1973.jpg,kidney_images\labels\1973.txt,kidney_images\masks\1973.mat,True,True,1,0,0,0,1,"[[379, 227, 89, 65, 2]]",pathological
694,kidney_images\images\694.jpg,kidney_images\labels\694.txt,kidney_images\masks\694.mat,True,True,1,0,0,0,2,"[[430, 120, 76, 70, 2], [485, 139, 67, 62, 2]]",pathological
291,kidney_images\images\291.jpg,kidney_images\labels\291.txt,kidney_images\masks\291.mat,True,True,1,0,0,0,1,"[[293, 181, 110, 84, 7]]",pathological
1806,kidney_images\images\1806.jpg,kidney_images\labels\1806.txt,kidney_images\masks\1806.mat,True,True,1,0,0,0,1,"[[408, 229, 43, 52, 2]]",pathological
1859,kidney_images\images\1859.jpg,kidney_images\labels\1859.txt,kidney_images\masks\1859.mat,True,True,0,0,0,0,0,[],healthy
783,kidney_images\images\783.jpg,kidney_images\labels\783.txt,kidney_images\masks\783.mat,True,True,1,0,0,0,3,"[[310, 156, 58, 48, 4], [356, 134, 62, 49, 4], [404, 128, 58, 42, 4]]",pathological
1508,kidney_images\images\1508.jpg,kidney_images\labels\1508.txt,kidney_images\masks\1508.mat,True,True,0,0,0,0,0,[],healthy
1525,kidney_images\images\1525.jpg,kidney_images\labels\1525.txt,kidney_images\masks\1525.mat,True,True,1,1,1,0,2,"[[403, 186, 133, 144, 2], [333, 134, 94, 36, 8]]",pathological
1338,kidney_images\images\1338.jpg,kidney_images\labels\1338.txt,kidney_images\masks\1338.mat,True,True,1,0,0,0,3,"[[313, 198, 37, 41, 4], [369, 186, 59, 44, 4], [450, 178, 53, 46, 4]]",pathological
611,kidney_images\images\611.jpg,kidney_images\labels\611.txt,kidney_images\masks\611.mat,True,True,1,1,0,0,1,"[[347, 177, 215, 102, 7]]",pathological
397,kidney_images\images\397.jpg,kidney_images\labels\397.txt,kidney_images\masks\397.mat,True,True,1,0,0,0,1,"[[346, 174, 89, 70, 7]]",pathological
767,kidney_images\images\767.jpg,kidney_images\labels\767.txt,kidney_images\masks\767.mat,True,True,1,0,0,0,1,"[[325, 230, 104, 84, 7]]",pathological
1739,kidney_images\images\1739.jpg,kidney_images\labels\1739.txt,kidney_images\masks\1739.mat,True,True,0,0,0,0,0,[],healthy
277,kidney_images\images\277.jpg,kidney_images\labels\277.txt,kidney_images\masks\277.mat,True,True,1,0,0,0,3,"[[332, 156, 38, 44, 2], [385, 152, 58, 58, 2], [425, 131, 43, 62, 2]]",pathological
968,kidney_images\images\968.jpg,kidney_images\labels\968.txt,kidney_images\masks\968.mat,True,True,0,0,0,0,0,[],healthy
158,kidney_images\images\158.jpg,kidney_images\labels\158.txt,kidney_images\masks\158.mat,True,True,1,1,0,0,1,"[[314, 149, 156, 66, 7]]",pathological
283,kidney_images\images\283.jpg,kidney_images\labels\283.txt,kidney_images\masks\283.mat,True,True,1,1,1,0,4,"[[348, 160, 58, 64, 2], [453, 123, 28, 54, 2], [417, 125, 27, 43, 2], [390, 119, 31, 31, 2]]",pathological
1763,kidney_images\images\1763.jpg,kidney_images\labels\1763.txt,kidney_images\masks\1763.mat,True,True,1,0,0,0,1,"[[283, 172, 57, 51, 3]]",pathological
391,kidney_images\images\391.jpg,kidney_images\labels\391.txt,kidney_images\masks\391.mat,True,True,1,0,1,0,0,[],pathological
659,kidney_images\images\659.jpg,kidney_images\labels\659.txt,kidney_images\masks\659.mat,True,True,0,0,0,0,0,[],healthy
1056,kidney_images\images\1056.jpg,kidney_images\labels\1056.txt,kidney_images\masks\1056.mat,True,True,0,0,0,0,0,[],healthy
1199,kidney_images\images\1199.jpg,kidney_images\labels\1199.txt,kidney_images\masks\1199.mat,True,True,1,1,1,0,2,"[[478, 169, 61, 108, 2], [450, 184, 42, 67, 2]]",pathological
807,kidney_images\images\807.jpg,kidney_images\labels\807.txt,kidney_images\masks\807.mat,True,True,1,0,0,0,3,"[[474, 211, 64, 56, 2], [362, 212, 84, 67, 7], [307, 190, 56, 63, 7]]",pathological
536,kidney_images\images\536.jpg,kidney_images\labels\536.txt,kidney_images\masks\536.mat,True,True,1,1,1,0,2,"[[425, 172, 37, 24, 2], [395, 181, 34, 29, 2]]",pathological
1505,kidney_images\images\1505.jpg,kidney_images\labels\1505.txt,kidney_images\masks\1505.mat,True,True,1,0,0,0,1,"[[372, 197, 41, 28, 7]]",pathological
651,kidney_images\images\651.jpg,kidney_images\labels\651.txt,kidney_images\masks\651.mat,True,True,1,1,0,0,2,"[[221, 180, 187, 140, 7], [303, 131, 142, 85, 7]]",pathological
1224,kidney_images\images\1224.jpg,kidney_images\labels\1224.txt,kidney_images\masks\1224.mat,True,True,1,0,0,0,1,"[[378, 121, 116, 42, 7]]",pathological
32,kidney_images\images\32.jpg,kidney_images\labels\32.txt,kidney_images\masks\32.mat,True,True,0,0,0,1,0,[],healthy
1382,kidney_images\images\1382.jpg,kidney_images\labels\1382.txt,kidney_images\masks\1382.mat,True,True,0,0,0,0,0,[],healthy
1088,kidney_images\images\1088.jpg,kidney_images\labels\1088.txt,kidney_images\masks\1088.mat,True,True,0,0,0,0,0,[],healthy
1226,kidney_images\images\1226.jpg,kidney_images\labels\1226.txt,kidney_images\masks\1226.mat,True,True,0,0,0,0,0,[],healthy
1731,kidney_images\images\1731.jpg,kidney_images\labels\1731.txt,kidney_images\masks\1731.mat,True,True,1,1,1,0,0,[],pathological
1789,kidney_images\images\1789.jpg,kidney_images\labels\1789.txt,kidney_images\masks\1789.mat,True,True,1,0,0,0,1,"[[293, 144, 53, 59, 2]]",pathological
900,kidney_images\images\900.jpg,kidney_images\labels\900.txt,kidney_images\masks\900.mat,True,True,1,0,0,0,1,"[[303, 132, 39, 36, 5]]",pathological
664,kidney_images\images\664.jpg,kidney_images\labels\664.txt,kidney_images\masks\664.mat,True,True,1,0,0,0,1,"[[381, 150, 92, 69, 4]]",pathological
1904,kidney_images\images\1904.jpg,kidney_images\labels\1904.txt,kidney_images\masks\1904.mat,True,True,1,0,0,0,3,"[[254, 178, 48, 69, 4], [307, 187, 36, 54, 4], [341, 209, 26, 51, 4]]",pathological
1085,kidney_images\images\1085.jpg,kidney_images\labels\1085.txt,kidney_images\masks\1085.mat,True,True,1,0,0,0,1,"[[400, 183, 141, 67, 7]]",pathological
843,kidney_images\images\843.jpg,kidney_images\labels\843.txt,kidney_images\masks\843.mat,True,True,1,1,0,0,4,"[[289, 162, 36, 45, 4], [314, 147, 48, 46, 4], [390, 168, 26, 33, 4], [366, 149, 25, 33, 4]]",pathological
1026,kidney_images\images\1026.jpg,kidney_images\labels\1026.txt,kidney_images\masks\1026.mat,True,True,1,0,0,0,1,"[[267, 140, 170, 123, 7]]",pathological
896,kidney_images\images\896.jpg,kidney_images\labels\896.txt,kidney_images\masks\896.mat,True,True,1,1,1,0,0,[],pathological
1228,kidney_images\images\1228.jpg,kidney_images\labels\1228.txt,kidney_images\masks\1228.mat,True,True,1,0,0,0,2,"[[348, 228, 89, 62, 7], [462, 160, 42, 44, 2]]",pathological
1482,kidney_images\images\1482.jpg,kidney_images\labels\1482.txt,kidney_images\masks\1482.mat,True,True,0,0,0,0,0,[],healthy
1125,kidney_images\images\1125.jpg,kidney_images\labels\1125.txt,kidney_images\masks\1125.mat,True,True,1,0,1,0,5,"[[229, 199, 110, 125, 2], [464, 260, 155, 145, 2], [337, 173, 48, 44, 2], [412, 205, 31, 35, 2], [487, 197, 39, 42, 2]]",pathological
1233,kidney_images\images\1233.jpg,kidney_images\labels\1233.txt,kidney_images\masks\1233.mat,True,True,1,1,1,0,0,[],pathological
1635,kidney_images\images\1635.jpg,kidney_images\labels\1635.txt,kidney_images\masks\1635.mat,True,True,1,1,1,0,1,"[[349, 126, 23, 34, 2]]",pathological
1168,kidney_images\images\1168.jpg,kidney_images\labels\1168.txt,kidney_images\masks\1168.mat,True,True,1,1,0,0,0,[],pathological
1114,kidney_images\images\1114.jpg,kidney_images\labels\1114.txt,kidney_images\masks\1114.mat,True,True,1,0,0,0,1,"[[343, 92, 36, 34, 2]]",pathological
139,kidney_images\images\139.jpg,kidney_images\labels\139.txt,kidney_images\masks\139.mat,True,True,1,0,0,0,1,"[[354, 152, 112, 51, 7]]",pathological
1129,kidney_images\images\1129.jpg,kidney_images\labels\1129.txt,kidney_images\masks\1129.mat,True,True,1,1,0,0,2,"[[430, 265, 34, 37, 7], [351, 251, 84, 75, 2]]",pathological
184,kidney_images\images\184.jpg,kidney_images\labels\184.txt,kidney_images\masks\184.mat,True,True,1,0,0,0,1,"[[356, 88, 148, 118, 2]]",pathological
9,kidney_images\images\9.jpg,kidney_images\labels\9.txt,kidney_images\masks\9.mat,True,True,1,0,0,0,2,"[[366, 144, 61, 34, 2], [413, 153, 50, 31, 2]]",pathological
966,kidney_images\images\966.jpg,kidney_images\labels\966.txt,kidney_images\masks\966.mat,True,True,1,0,0,0,2,"[[350, 136, 37, 33, 2], [435, 108, 48, 45, 2]]",pathological
1935,kidney_images\images\1935.jpg,kidney_images\labels\1935.txt,kidney_images\masks\1935.mat,True,True,0,0,0,0,0,[],healthy
758,kidney_images\images\758.jpg,kidney_images\labels\758.txt,kidney_images\masks\758.mat,True,True,1,0,0,1,1,"[[304, 187, 58, 55, 2]]",pathological
1758,kidney_images\images\1758.jpg,kidney_images\labels\1758.txt,kidney_images\masks\1758.mat,True,True,0,0,0,0,0,[],healthy
309,kidney_images\images\309.jpg,kidney_images\labels\309.txt,kidney_images\masks\309.mat,True,True,1,0,0,0,1,"[[425, 155, 69, 52, 6]]",pathological
179,kidney_images\images\179.jpg,kidney_images\labels\179.txt,kidney_images\masks\179.mat,True,True,1,0,1,0,0,[],pathological
1319,kidney_images\images\1319.jpg,kidney_images\labels\1319.txt,kidney_images\masks\1319.mat,True,True,1,0,0,0,1,"[[390, 191, 84, 50, 7]]",pathological
746,kidney_images\images\746.jpg,kidney_images\labels\746.txt,kidney_images\masks\746.mat,True,True,1,0,0,0,4,"[[300, 241, 83, 89, 7], [333, 184, 119, 64, 7], [360, 152, 90, 51, 7], [436, 140, 74, 46, 7]]",pathological
416,kidney_images\images\416.jpg,kidney_images\labels\416.txt,kidney_images\masks\416.mat,True,True,1,1,0,0,0,[],pathological
1405,kidney_images\images\1405.jpg,kidney_images\labels\1405.txt,kidney_images\masks\1405.mat,True,True,1,1,1,0,1,"[[408, 172, 33, 44, 3]]",pathological
292,kidney_images\images\292.jpg,kidney_images\labels\292.txt,kidney_images\masks\292.mat,True,True,1,0,0,0,1,"[[285, 177, 227, 107, 7]]",pathological
5,kidney_images\images\5.jpg,kidney_images\labels\5.txt,kidney_images\masks\5.mat,True,True,1,0,0,0,2,"[[408, 186, 94, 77, 1], [323, 152, 62, 52, 9]]",pathological
571,kidney_images\images\571.jpg,kidney_images\labels\571.txt,kidney_images\masks\571.mat,True,True,1,1,0,0,1,"[[361, 90, 38, 26, 2]]",pathological
1449,kidney_images\images\1449.jpg,kidney_images\labels\1449.txt,kidney_images\masks\1449.mat,True,True,0,0,0,0,0,[],healthy
177,kidney_images\images\177.jpg,kidney_images\labels\177.txt,kidney_images\masks\177.mat,True,True,1,1,1,0,1,"[[312, 201, 105, 41, 8]]",pathological
1706,kidney_images\images\1706.jpg,kidney_images\labels\1706.txt,kidney_images\masks\1706.mat,True,True,1,1,1,0,0,[],pathological
543,kidney_images\images\543.jpg,kidney_images\labels\543.txt,kidney_images\masks\543.mat,True,True,1,1,1,0,2,"[[363, 146, 42, 46, 2], [418, 155, 33, 41, 2]]",pathological
645,kidney_images\images\645.jpg,kidney_images\labels\645.txt,kidney_images\masks\645.mat,True,True,1,1,1,0,2,"[[372, 115, 50, 43, 4], [445, 117, 65, 48, 4]]",pathological
1298,kidney_images\images\1298.jpg,kidney_images\labels\1298.txt,kidney_images\masks\1298.mat,True,True,1,0,0,0,1,"[[333, 142, 209, 140, 7]]",pathological
1752,kidney_images\images\1752.jpg,kidney_images\labels\1752.txt,kidney_images\masks\1752.mat,True,True,1,0,0,0,1,"[[450, 127, 158, 139, 2]]",pathological
1502,kidney_images\images\1502.jpg,kidney_images\labels\1502.txt,kidney_images\masks\1502.mat,True,True,1,1,1,0,1,"[[345, 166, 181, 104, 7]]",pathological
1080,kidney_images\images\1080.jpg,kidney_images\labels\1080.txt,kidney_images\masks\1080.mat,True,True,0,0,0,1,0,[],healthy
458,kidney_images\images\458.jpg,kidney_images\labels\458.txt,kidney_images\masks\458.mat,True,True,0,0,0,0,0,[],healthy
344,kidney_images\images\344.jpg,kidney_images\labels\344.txt,kidney_images\masks\344.mat,True,True,0,0,0,0,0,[],healthy
1512,kidney_images\images\1512.jpg,kidney_images\labels\1512.txt,kidney_images\masks\1512.mat,True,True,1,1,0,0,0,[],pathological
1144,kidney_images\images\1144.jpg,kidney_images\labels\1144.txt,kidney_images\masks\1144.mat,True,True,1,1,1,0,1,"[[385, 207, 52, 56, 1]]",pathological
1868,kidney_images\images\1868.jpg,kidney_images\labels\1868.txt,kidney_images\masks\1868.mat,True,True,1,1,1,0,0,[],pathological
398,kidney_images\images\398.jpg,kidney_images\labels\398.txt,kidney_images\masks\398.mat,True,True,1,0,0,0,1,"[[338, 166, 107, 76, 7]]",pathological
724,kidney_images\images\724.jpg,kidney_images\labels\724.txt,kidney_images\masks\724.mat,True,True,1,0,0,0,2,"[[384, 107, 30, 24, 8], [333, 100, 51, 34, 2]]",pathological
1019,kidney_images\images\1019.jpg,kidney_images\labels\1019.txt,kidney_images\masks\1019.mat,True,True,1,0,1,0,1,"[[273, 127, 139, 139, 6]]",pathological
1195,kidney_images\images\1195.jpg,kidney_images\labels\1195.txt,kidney_images\masks\1195.mat,True,True,1,1,0,0,2,"[[394, 168, 40, 52, 2], [367, 179, 65, 117, 2]]",pathological
201,kidney_images\images\201.jpg,kidney_images\labels\201.txt,kidney_images\masks\201.mat,True,True,1,0,1,0,0,[],pathological
379,kidney_images\images\379.jpg,kidney_images\labels\379.txt,kidney_images\masks\379.mat,True,True,1,0,1,0,2,"[[356, 182, 29, 31, 2], [282, 203, 44, 36, 3]]",pathological
1776,kidney_images\images\1776.jpg,kidney_images\labels\1776.txt,kidney_images\masks\1776.mat,True,True,0,0,0,0,0,[],healthy
805,kidney_images\images\805.jpg,kidney_images\labels\805.txt,kidney_images\masks\805.mat,True,True,1,1,1,0,3,"[[444, 169, 75, 73, 2], [450, 228, 61, 45, 2], [353, 209, 80, 48, 7]]",pathological
551,kidney_images\images\551.jpg,kidney_images\labels\551.txt,kidney_images\masks\551.mat,True,True,1,1,1,0,0,[],pathological
1344,kidney_images\images\1344.jpg,kidney_images\labels\1344.txt,kidney_images\masks\1344.mat,True,True,1,0,0,0,1,"[[344, 219, 26, 36, 2]]",pathological
1256,kidney_images\images\1256.jpg,kidney_images\labels\1256.txt,kidney_images\masks\1256.mat,True,True,1,0,0,0,1,"[[528, 285, 38, 29, 2]]",pathological
826,kidney_images\images\826.jpg,kidney_images\labels\826.txt,kidney_images\masks\826.mat,True,True,1,1,1,0,0,[],pathological
1741,kidney_images\images\1741.jpg,kidney_images\labels\1741.txt,kidney_images\masks\1741.mat,True,True,1,0,0,1,1,"[[339, 134, 59, 66, 7]]",pathological
970,kidney_images\images\970.jpg,kidney_images\labels\970.txt,kidney_images\masks\970.mat,True,True,1,0,1,0,1,"[[317, 190, 39, 30, 2]]",pathological
1300,kidney_images\images\1300.jpg,kidney_images\labels\1300.txt,kidney_images\masks\1300.mat,True,True,0,0,0,0,0,[],healthy
508,kidney_images\images\508.jpg,kidney_images\labels\508.txt,kidney_images\masks\508.mat,True,True,1,1,0,0,3,"[[260, 206, 113, 70, 7], [273, 166, 224, 113, 7], [270, 164, 38, 28, 2]]",pathological
393,kidney_images\images\393.jpg,kidney_images\labels\393.txt,kidney_images\masks\393.mat,True,True,1,0,0,0,1,"[[400, 217, 87, 34, 7]]",pathological
1552,kidney_images\images\1552.jpg,kidney_images\labels\1552.txt,kidney_images\masks\1552.mat,True,True,1,0,1,0,2,"[[452, 165, 78, 95, 2], [338, 221, 138, 128, 3]]",pathological
254,kidney_images\images\254.jpg,kidney_images\labels\254.txt,kidney_images\masks\254.mat,True,True,1,1,1,0,1,"[[351, 150, 107, 49, 8]]",pathological
1357,kidney_images\images\1357.jpg,kidney_images\labels\1357.txt,kidney_images\masks\1357.mat,True,True,0,0,0,0,0,[],healthy
1332,kidney_images\images\1332.jpg,kidney_images\labels\1332.txt,kidney_images\masks\1332.mat,True,True,1,0,0,0,1,"[[350, 127, 70, 57, 7]]",pathological
1629,kidney_images\images\1629.jpg,kidney_images\labels\1629.txt,kidney_images\masks\1629.mat,True,True,1,0,0,0,2,"[[336, 105, 148, 113, 2], [499, 176, 67, 85, 2]]",pathological
810,kidney_images\images\810.jpg,kidney_images\labels\810.txt,kidney_images\masks\810.mat,True,True,1,1,1,0,1,"[[281, 157, 95, 65, 7]]",pathological
1466,kidney_images\images\1466.jpg,kidney_images\labels\1466.txt,kidney_images\masks\1466.mat,True,True,0,0,0,0,0,[],healthy
403,kidney_images\images\403.jpg,kidney_images\labels\403.txt,kidney_images\masks\403.mat,True,True,1,1,1,0,0,[],pathological
1276,kidney_images\images\1276.jpg,kidney_images\labels\1276.txt,kidney_images\masks\1276.mat,True,True,1,0,0,0,1,"[[350, 255, 66, 66, 7]]",pathological
1370,kidney_images\images\1370.jpg,kidney_images\labels\1370.txt,kidney_images\masks\1370.mat,True,True,1,0,0,0,1,"[[335, 157, 169, 123, 7]]",pathological
1275,kidney_images\images\1275.jpg,kidney_images\labels\1275.txt,kidney_images\masks\1275.mat,True,True,1,0,0,0,1,"[[345, 191, 155, 72, 7]]",pathological
1725,kidney_images\images\1725.jpg,kidney_images\labels\1725.txt,kidney_images\masks\1725.mat,True,True,1,0,0,0,2,"[[408, 199, 42, 76, 1], [503, 178, 45, 65, 1]]",pathological
747,kidney_images\images\747.jpg,kidney_images\labels\747.txt,kidney_images\masks\747.mat,True,True,1,0,0,0,1,"[[309, 191, 184, 70, 7]]",pathological
1848,kidney_images\images\1848.jpg,kidney_images\labels\1848.txt,kidney_images\masks\1848.mat,True,True,0,0,0,0,0,[],healthy
723,kidney_images\images\723.jpg,kidney_images\labels\723.txt,kidney_images\masks\723.mat,True,True,1,1,1,0,4,"[[498, 135, 77, 68, 2], [281, 172, 75, 74, 2], [328, 168, 76, 98, 2], [403, 161, 49, 32, 8]]",pathological
173,kidney_images\images\173.jpg,kidney_images\labels\173.txt,kidney_images\masks\173.mat,True,True,0,0,0,0,0,[],healthy
876,kidney_images\images\876.jpg,kidney_images\labels\876.txt,kidney_images\masks\876.mat,True,True,1,1,1,0,4,"[[319, 146, 44, 41, 2], [420, 139, 39, 32, 2], [377, 141, 37, 34, 2], [407, 117, 45, 22, 2]]",pathological
1950,kidney_images\images\1950.jpg,kidney_images\labels\1950.txt,kidney_images\masks\1950.mat,True,True,1,0,0,1,1,"[[324, 138, 46, 53, 5]]",pathological
627,kidney_images\images\627.jpg,kidney_images\labels\627.txt,kidney_images\masks\627.mat,True,True,1,1,0,0,2,"[[363, 160, 199, 124, 7], [479, 104, 58, 53, 7]]",pathological
1780,kidney_images\images\1780.jpg,kidney_images\labels\1780.txt,kidney_images\masks\1780.mat,True,True,1,1,1,0,1,"[[425, 185, 20, 19, 2]]",pathological
190,kidney_images\images\190.jpg,kidney_images\labels\190.txt,kidney_images\masks\190.mat,True,True,1,1,1,0,1,"[[297, 159, 134, 110, 7]]",pathological
1527,kidney_images\images\1527.jpg,kidney_images\labels\1527.txt,kidney_images\masks\1527.mat,True,True,1,1,0,0,0,[],pathological
319,kidney_images\images\319.jpg,kidney_images\labels\319.txt,kidney_images\masks\319.mat,True,True,1,0,0,0,1,"[[371, 202, 90, 54, 7]]",pathological
1668,kidney_images\images\1668.jpg,kidney_images\labels\1668.txt,kidney_images\masks\1668.mat,True,True,1,0,0,0,1,"[[454, 116, 37, 117, 7]]",pathological
737,kidney_images\images\737.jpg,kidney_images\labels\737.txt,kidney_images\masks\737.mat,True,True,1,0,0,0,1,"[[378, 173, 51, 52, 2]]",pathological
773,kidney_images\images\773.jpg,kidney_images\labels\773.txt,kidney_images\masks\773.mat,True,True,1,1,1,0,2,"[[310, 172, 64, 60, 2], [377, 166, 40, 45, 2]]",pathological
669,kidney_images\images\669.jpg,kidney_images\labels\669.txt,kidney_images\masks\669.mat,True,True,1,0,1,0,1,"[[376, 211, 91, 72, 7]]",pathological
1852,kidney_images\images\1852.jpg,kidney_images\labels\1852.txt,kidney_images\masks\1852.mat,True,True,0,0,0,1,0,[],healthy
932,kidney_images\images\932.jpg,kidney_images\labels\932.txt,kidney_images\masks\932.mat,True,True,1,0,0,0,2,"[[278, 147, 44, 38, 7], [337, 88, 85, 80, 9]]",pathological
1664,kidney_images\images\1664.jpg,kidney_images\labels\1664.txt,kidney_images\masks\1664.mat,True,True,1,0,1,0,3,"[[335, 167, 29, 42, 4], [384, 160, 29, 44, 4], [427, 192, 25, 26, 4]]",pathological
1872,kidney_images\images\1872.jpg,kidney_images\labels\1872.txt,kidney_images\masks\1872.mat,True,True,1,0,0,0,2,"[[398, 180, 42, 59, 4], [467, 206, 36, 72, 4]]",pathological
622,kidney_images\images\622.jpg,kidney_images\labels\622.txt,kidney_images\masks\622.mat,True,True,1,1,1,0,2,"[[413, 162, 47, 39, 2], [297, 138, 42, 41, 2]]",pathological
1143,kidney_images\images\1143.jpg,kidney_images\labels\1143.txt,kidney_images\masks\1143.mat,True,True,1,1,1,0,1,"[[407, 174, 21, 37, 2]]",pathological
3,kidney_images\images\3.jpg,kidney_images\labels\3.txt,kidney_images\masks\3.mat,True,True,1,0,0,0,1,"[[226, 194, 106, 76, 5]]",pathological
247,kidney_images\images\247.jpg,kidney_images\labels\247.txt,kidney_images\masks\247.mat,True,True,1,0,0,0,1,"[[387, 181, 46, 44, 5]]",pathological
133,kidney_images\images\133.jpg,kidney_images\labels\133.txt,kidney_images\masks\133.mat,True,True,0,0,0,0,0,[],healthy
931,kidney_images\images\931.jpg,kidney_images\labels\931.txt,kidney_images\masks\931.mat,True,True,0,0,0,0,0,[],healthy
1693,kidney_images\images\1693.jpg,kidney_images\labels\1693.txt,kidney_images\masks\1693.mat,True,True,1,0,0,0,1,"[[344, 188, 96, 58, 7]]",pathological
1092,kidney_images\images\1092.jpg,kidney_images\labels\1092.txt,kidney_images\masks\1092.mat,True,True,1,1,0,0,1,"[[413, 220, 70, 72, 2]]",pathological
633,kidney_images\images\633.jpg,kidney_images\labels\633.txt,kidney_images\masks\633.mat,True,True,1,1,1,0,1,"[[389, 150, 71, 58, 2]]",pathological
687,kidney_images\images\687.jpg,kidney_images\labels\687.txt,kidney_images\masks\687.mat,True,True,1,0,0,0,4,"[[423, 129, 46, 74, 2], [453, 134, 45, 53, 2], [362, 136, 40, 39, 1], [330, 162, 54, 47, 2]]",pathological
485,kidney_images\images\485.jpg,kidney_images\labels\485.txt,kidney_images\masks\485.mat,True,True,1,1,1,0,5,"[[294, 148, 39, 46, 2], [275, 179, 40, 33, 2], [346, 152, 36, 30, 2], [328, 184, 60, 59, 2], [337, 192, 34, 39, 7]]",pathological
286,kidney_images\images\286.jpg,kidney_images\labels\286.txt,kidney_images\masks\286.mat,True,True,1,0,0,0,1,"[[392, 175, 107, 77, 7]]",pathological
1361,kidney_images\images\1361.jpg,kidney_images\labels\1361.txt,kidney_images\masks\1361.mat,True,True,1,0,0,0,2,"[[323, 141, 64, 43, 5], [414, 199, 58, 53, 7]]",pathological
1316,kidney_images\images\1316.jpg,kidney_images\labels\1316.txt,kidney_images\masks\1316.mat,True,True,1,0,0,0,1,"[[397, 190, 42, 70, 1]]",pathological
1149,kidney_images\images\1149.jpg,kidney_images\labels\1149.txt,kidney_images\masks\1149.mat,True,True,1,1,1,0,0,[],pathological
400,kidney_images\images\400.jpg,kidney_images\labels\400.txt,kidney_images\masks\400.mat,True,True,1,0,1,0,4,"[[408, 126, 38, 30, 2], [354, 151, 58, 35, 2], [444, 114, 54, 40, 7], [284, 145, 40, 34, 2]]",pathological
271,kidney_images\images\271.jpg,kidney_images\labels\271.txt,kidney_images\masks\271.mat,True,True,1,0,0,0,7,"[[340, 148, 60, 63, 2], [420, 139, 42, 57, 2], [459, 88, 33, 26, 2], [365, 133, 59, 28, 2], [372, 108, 36, 30, 2], [277, 140, 52, 59, 2], [313, 124, 41, 21, 2]]",pathological
1468,kidney_images\images\1468.jpg,kidney_images\labels\1468.txt,kidney_images\masks\1468.mat,True,True,0,0,0,0,0,[],healthy
929,kidney_images\images\929.jpg,kidney_images\labels\929.txt,kidney_images\masks\929.mat,True,True,1,0,0,0,1,"[[378, 182, 31, 50, 1]]",pathological
637,kidney_images\images\637.jpg,kidney_images\labels\637.txt,kidney_images\masks\637.mat,True,True,1,0,0,0,2,"[[393, 187, 128, 156, 3], [244, 139, 163, 170, 2]]",pathological
882,kidney_images\images\882.jpg,kidney_images\labels\882.txt,kidney_images\masks\882.mat,True,True,1,1,0,0,0,[],pathological
1433,kidney_images\images\1433.jpg,kidney_images\labels\1433.txt,kidney_images\masks\1433.mat,True,True,0,0,0,0,0,[],healthy
482,kidney_images\images\482.jpg,kidney_images\labels\482.txt,kidney_images\masks\482.mat,True,True,0,0,0,0,0,[],healthy
350,kidney_images\images\350.jpg,kidney_images\labels\350.txt,kidney_images\masks\350.mat,True,True,1,0,0,0,1,"[[298, 135, 54, 56, 2]]",pathological
991,kidney_images\images\991.jpg,kidney_images\labels\991.txt,kidney_images\masks\991.mat,True,True,0,0,0,0,0,[],healthy
1718,kidney_images\images\1718.jpg,kidney_images\labels\1718.txt,kidney_images\masks\1718.mat,True,True,1,1,0,0,0,[],pathological
1562,kidney_images\images\1562.jpg,kidney_images\labels\1562.txt,kidney_images\masks\1562.mat,True,True,0,0,0,0,0,[],healthy
118,kidney_images\images\118.jpg,kidney_images\labels\118.txt,kidney_images\masks\118.mat,True,True,1,0,0,0,1,"[[193, 188, 113, 117, 3]]",pathological
1360,kidney_images\images\1360.jpg,kidney_images\labels\1360.txt,kidney_images\masks\1360.mat,True,True,0,0,0,0,0,[],healthy
1889,kidney_images\images\1889.jpg,kidney_images\labels\1889.txt,kidney_images\masks\1889.mat,True,True,1,0,0,0,1,"[[291, 127, 48, 46, 2]]",pathological
1474,kidney_images\images\1474.jpg,kidney_images\labels\1474.txt,kidney_images\masks\1474.mat,True,True,1,0,0,0,3,"[[358, 150, 40, 38, 4], [300, 180, 42, 47, 4], [271, 223, 41, 48, 4]]",pathological
15,kidney_images\images\15.jpg,kidney_images\labels\15.txt,kidney_images\masks\15.mat,True,True,1,0,0,0,4,"[[245, 166, 93, 83, 7], [321, 143, 64, 55, 7], [342, 196, 107, 60, 7], [398, 160, 92, 56, 7]]",pathological
384,kidney_images\images\384.jpg,kidney_images\labels\384.txt,kidney_images\masks\384.mat,True,True,1,0,1,0,0,[],pathological
953,kidney_images\images\953.jpg,kidney_images\labels\953.txt,kidney_images\masks\953.mat,True,True,1,0,0,0,1,"[[414, 156, 33, 27, 2]]",pathological
429,kidney_images\images\429.jpg,kidney_images\labels\429.txt,kidney_images\masks\429.mat,True,True,1,0,0,0,2,"[[362, 146, 89, 78, 7], [435, 112, 48, 50, 2]]",pathological
884,kidney_images\images\884.jpg,kidney_images\labels\884.txt,kidney_images\masks\884.mat,True,True,1,1,1,0,0,[],pathological
195,kidney_images\images\195.jpg,kidney_images\labels\195.txt,kidney_images\masks\195.mat,True,True,0,0,0,0,0,[],healthy
1600,kidney_images\images\1600.jpg,kidney_images\labels\1600.txt,kidney_images\masks\1600.mat,True,True,1,0,0,1,1,"[[335, 222, 23, 18, 2]]",pathological
753,kidney_images\images\753.jpg,kidney_images\labels\753.txt,kidney_images\masks\753.mat,True,True,1,0,0,0,1,"[[423, 102, 65, 45, 2]]",pathological
1099,kidney_images\images\1099.jpg,kidney_images\labels\1099.txt,kidney_images\masks\1099.mat,True,True,0,0,0,0,0,[],healthy
509,kidney_images\images\509.jpg,kidney_images\labels\509.txt,kidney_images\masks\509.mat,True,True,1,1,0,0,3,"[[239, 204, 87, 80, 7], [244, 181, 221, 113, 7], [311, 131, 47, 46, 4]]",pathological
1312,kidney_images\images\1312.jpg,kidney_images\labels\1312.txt,kidney_images\masks\1312.mat,True,True,1,0,0,0,2,"[[303, 209, 44, 32, 2], [335, 175, 55, 37, 2]]",pathological
956,kidney_images\images\956.jpg,kidney_images\labels\956.txt,kidney_images\masks\956.mat,True,True,1,0,0,0,1,"[[304, 108, 206, 106, 7]]",pathological
972,kidney_images\images\972.jpg,kidney_images\labels\972.txt,kidney_images\masks\972.mat,True,True,0,0,0,0,0,[],healthy
690,kidney_images\images\690.jpg,kidney_images\labels\690.txt,kidney_images\masks\690.mat,True,True,1,0,0,0,1,"[[362, 200, 58, 43, 1]]",pathological
1340,kidney_images\images\1340.jpg,kidney_images\labels\1340.txt,kidney_images\masks\1340.mat,True,True,1,1,0,0,3,"[[386, 149, 38, 43, 4], [346, 167, 30, 31, 4], [492, 161, 35, 43, 4]]",pathological
1540,kidney_images\images\1540.jpg,kidney_images\labels\1540.txt,kidney_images\masks\1540.mat,True,True,1,1,1,0,0,[],pathological
944,kidney_images\images\944.jpg,kidney_images\labels\944.txt,kidney_images\masks\944.mat,True,True,0,0,0,0,0,[],healthy
1140,kidney_images\images\1140.jpg,kidney_images\labels\1140.txt,kidney_images\masks\1140.mat,True,True,1,1,1,0,1,"[[448, 220, 50, 82, 2]]",pathological
1243,kidney_images\images\1243.jpg,kidney_images\labels\1243.txt,kidney_images\masks\1243.mat,True,True,1,0,1,0,0,[],pathological
231,kidney_images\images\231.jpg,kidney_images\labels\231.txt,kidney_images\masks\231.mat,True,True,1,0,0,0,2,"[[364, 77, 136, 65, 9], [341, 201, 101, 43, 8]]",pathological
912,kidney_images\images\912.jpg,kidney_images\labels\912.txt,kidney_images\masks\912.mat,True,True,1,0,1,0,2,"[[326, 242, 78, 102, 2], [414, 228, 63, 47, 2]]",pathological
484,kidney_images\images\484.jpg,kidney_images\labels\484.txt,kidney_images\masks\484.mat,True,True,1,0,0,0,2,"[[495, 218, 33, 40, 5], [386, 166, 40, 46, 5]]",pathological
454,kidney_images\images\454.jpg,kidney_images\labels\454.txt,kidney_images\masks\454.mat,True,True,1,0,0,0,1,"[[301, 150, 105, 85, 7]]",pathological
619,kidney_images\images\619.jpg,kidney_images\labels\619.txt,kidney_images\masks\619.mat,True,True,1,0,0,0,2,"[[281, 197, 108, 58, 7], [425, 145, 76, 45, 7]]",pathological
1581,kidney_images\images\1581.jpg,kidney_images\labels\1581.txt,kidney_images\masks\1581.mat,True,True,1,0,0,0,3,"[[303, 131, 125, 111, 3], [409, 191, 59, 66, 2], [232, 178, 117, 80, 2]]",pathological
867,kidney_images\images\867.jpg,kidney_images\labels\867.txt,kidney_images\masks\867.mat,True,True,1,0,0,0,1,"[[433, 159, 64, 36, 2]]",pathological
825,kidney_images\images\825.jpg,kidney_images\labels\825.txt,kidney_images\masks\825.mat,True,True,1,1,0,0,3,"[[313, 146, 43, 34, 2], [359, 142, 46, 47, 2], [395, 155, 45, 35, 2]]",pathological
603,kidney_images\images\603.jpg,kidney_images\labels\603.txt,kidney_images\masks\603.mat,True,True,1,0,0,1,1,"[[394, 120, 105, 78, 7]]",pathological
123,kidney_images\images\123.jpg,kidney_images\labels\123.txt,kidney_images\masks\123.mat,True,True,1,0,1,0,0,[],pathological
894,kidney_images\images\894.jpg,kidney_images\labels\894.txt,kidney_images\masks\894.mat,True,True,1,0,0,0,2,"[[331, 150, 45, 37, 4], [370, 159, 41, 44, 4]]",pathological
1005,kidney_images\images\1005.jpg,kidney_images\labels\1005.txt,kidney_images\masks\1005.mat,True,True,1,1,1,0,5,"[[311, 196, 58, 49, 2], [382, 202, 45, 39, 2], [466, 237, 56, 57, 3], [481, 267, 36, 24, 1], [350, 255, 44, 55, 2]]",pathological
1630,kidney_images\images\1630.jpg,kidney_images\labels\1630.txt,kidney_images\masks\1630.mat,True,True,1,1,1,0,0,[],pathological
574,kidney_images\images\574.jpg,kidney_images\labels\574.txt,kidney_images\masks\574.mat,True,True,1,0,1,0,0,[],pathological
1190,kidney_images\images\1190.jpg,kidney_images\labels\1190.txt,kidney_images\masks\1190.mat,True,True,1,1,0,0,0,[],pathological
1785,kidney_images\images\1785.jpg,kidney_images\labels\1785.txt,kidney_images\masks\1785.mat,True,True,1,0,0,0,1,"[[430, 166, 67, 58, 7]]",pathological
1040,kidney_images\images\1040.jpg,kidney_images\labels\1040.txt,kidney_images\masks\1040.mat,True,True,1,0,0,0,1,"[[229, 167, 240, 187, 7]]",pathological
666,kidney_images\images\666.jpg,kidney_images\labels\666.txt,kidney_images\masks\666.mat,True,True,1,0,1,0,1,"[[402, 131, 45, 45, 2]]",pathological
1124,kidney_images\images\1124.jpg,kidney_images\labels\1124.txt,kidney_images\masks\1124.mat,True,True,1,0,0,0,2,"[[235, 166, 93, 90, 2], [409, 223, 89, 108, 2]]",pathological
135,kidney_images\images\135.jpg,kidney_images\labels\135.txt,kidney_images\masks\135.mat,True,True,1,0,0,0,2,"[[269, 124, 78, 63, 2], [338, 107, 57, 61, 2]]",pathological
1047,kidney_images\images\1047.jpg,kidney_images\labels\1047.txt,kidney_images\masks\1047.mat,True,True,0,0,0,0,0,[],healthy
433,kidney_images\images\433.jpg,kidney_images\labels\433.txt,kidney_images\masks\433.mat,True,True,1,1,1,0,5,"[[298, 146, 106, 76, 2], [384, 155, 105, 74, 2], [340, 234, 170, 160, 3], [297, 231, 44, 38, 2], [349, 229, 44, 45, 2]]",pathological
1677,kidney_images\images\1677.jpg,kidney_images\labels\1677.txt,kidney_images\masks\1677.mat,True,True,1,1,0,0,2,"[[392, 133, 79, 55, 4], [460, 116, 62, 46, 4]]",pathological
1981,kidney_images\images\1981.jpg,kidney_images\labels\1981.txt,kidney_images\masks\1981.mat,True,True,1,0,0,0,4,"[[359, 106, 111, 80, 2], [258, 123, 114, 93, 2], [142, 278, 120, 99, 2], [170, 203, 101, 75, 2]]",pathological
1009,kidney_images\images\1009.jpg,kidney_images\labels\1009.txt,kidney_images\masks\1009.mat,True,True,1,0,0,1,3,"[[255, 153, 197, 121, 7], [337, 122, 89, 76, 7], [359, 182, 122, 83, 7]]",pathological
321,kidney_images\images\321.jpg,kidney_images\labels\321.txt,kidney_images\masks\321.mat,True,True,1,0,0,0,2,"[[477, 156, 29, 12, 2], [469, 179, 29, 24, 2]]",pathological
649,kidney_images\images\649.jpg,kidney_images\labels\649.txt,kidney_images\masks\649.mat,True,True,1,1,0,0,2,"[[414, 152, 67, 60, 7], [348, 203, 177, 85, 7]]",pathological
1401,kidney_images\images\1401.jpg,kidney_images\labels\1401.txt,kidney_images\masks\1401.mat,True,True,0,0,0,0,0,[],healthy
1021,kidney_images\images\1021.jpg,kidney_images\labels\1021.txt,kidney_images\masks\1021.mat,True,True,1,0,1,0,1,"[[308, 129, 165, 170, 6]]",pathological
661,kidney_images\images\661.jpg,kidney_images\labels\661.txt,kidney_images\masks\661.mat,True,True,1,1,0,0,1,"[[297, 155, 87, 59, 7]]",pathological
647,kidney_images\images\647.jpg,kidney_images\labels\647.txt,kidney_images\masks\647.mat,True,True,1,1,0,0,1,"[[329, 157, 207, 155, 7]]",pathological
1631,kidney_images\images\1631.jpg,kidney_images\labels\1631.txt,kidney_images\masks\1631.mat,True,True,1,1,1,0,0,[],pathological
544,kidney_images\images\544.jpg,kidney_images\labels\544.txt,kidney_images\masks\544.mat,True,True,1,1,1,0,2,"[[376, 162, 41, 24, 2], [311, 156, 45, 56, 2]]",pathological
1796,kidney_images\images\1796.jpg,kidney_images\labels\1796.txt,kidney_images\masks\1796.mat,True,True,0,0,0,0,0,[],healthy
27,kidney_images\images\27.jpg,kidney_images\labels\27.txt,kidney_images\masks\27.mat,True,True,1,0,0,0,5,"[[202, 54, 78, 69, 4], [320, 81, 49, 56, 4], [406, 133, 72, 49, 4], [401, 176, 63, 49, 4], [314, 161, 65, 64, 4]]",pathological
952,kidney_images\images\952.jpg,kidney_images\labels\952.txt,kidney_images\masks\952.mat,True,True,1,0,0,0,1,"[[400, 144, 41, 39, 2]]",pathological
417,kidney_images\images\417.jpg,kidney_images\labels\417.txt,kidney_images\masks\417.mat,True,True,1,1,0,0,4,"[[247, 180, 82, 90, 7], [352, 228, 100, 100, 7], [303, 119, 63, 56, 4], [388, 111, 40, 50, 4]]",pathological
1615,kidney_images\images\1615.jpg,kidney_images\labels\1615.txt,kidney_images\masks\1615.mat,True,True,1,1,1,0,1,"[[297, 162, 92, 107, 2]]",pathological
1283,kidney_images\images\1283.jpg,kidney_images\labels\1283.txt,kidney_images\masks\1283.mat,True,True,0,0,0,0,0,[],healthy
1654,kidney_images\images\1654.jpg,kidney_images\labels\1654.txt,kidney_images\masks\1654.mat,True,True,1,0,0,0,2,"[[285, 189, 119, 71, 2], [402, 177, 44, 63, 2]]",pathological
424,kidney_images\images\424.jpg,kidney_images\labels\424.txt,kidney_images\masks\424.mat,True,True,1,0,0,0,1,"[[426, 166, 67, 62, 2]]",pathological
1774,kidney_images\images\1774.jpg,kidney_images\labels\1774.txt,kidney_images\masks\1774.mat,True,True,0,0,0,0,0,[],healthy
483,kidney_images\images\483.jpg,kidney_images\labels\483.txt,kidney_images\masks\483.mat,True,True,1,1,1,0,0,[],pathological
781,kidney_images\images\781.jpg,kidney_images\labels\781.txt,kidney_images\masks\781.mat,True,True,1,1,0,0,2,"[[369, 145, 49, 41, 2], [425, 113, 59, 53, 4]]",pathological
122,kidney_images\images\122.jpg,kidney_images\labels\122.txt,kidney_images\masks\122.mat,True,True,0,0,0,0,0,[],healthy
1532,kidney_images\images\1532.jpg,kidney_images\labels\1532.txt,kidney_images\masks\1532.mat,True,True,1,1,0,0,3,"[[372, 215, 86, 108, 3], [264, 178, 93, 92, 3], [382, 165, 114, 75, 2]]",pathological
21,kidney_images\images\21.jpg,kidney_images\labels\21.txt,kidney_images\masks\21.mat,True,True,1,0,0,0,2,"[[313, 191, 46, 26, 8], [269, 225, 117, 68, 7]]",pathological
444,kidney_images\images\444.jpg,kidney_images\labels\444.txt,kidney_images\masks\444.mat,True,True,1,0,0,0,4,"[[288, 158, 135, 170, 7], [390, 143, 154, 186, 7], [391, 133, 36, 26, 8], [405, 148, 25, 20, 8]]",pathological
419,kidney_images\images\419.jpg,kidney_images\labels\419.txt,kidney_images\masks\419.mat,True,True,1,0,0,0,4,"[[348, 178, 98, 58, 7], [341, 125, 49, 42, 4], [452, 115, 39, 40, 4], [394, 115, 56, 57, 7]]",pathological
762,kidney_images\images\762.jpg,kidney_images\labels\762.txt,kidney_images\masks\762.mat,True,True,1,1,1,0,0,[],pathological
1569,kidney_images\images\1569.jpg,kidney_images\labels\1569.txt,kidney_images\masks\1569.mat,True,True,1,1,0,0,1,"[[325, 173, 64, 67, 2]]",pathological
112,kidney_images\images\112.jpg,kidney_images\labels\112.txt,kidney_images\masks\112.mat,True,True,0,0,0,0,0,[],healthy
1633,kidney_images\images\1633.jpg,kidney_images\labels\1633.txt,kidney_images\masks\1633.mat,True,True,1,1,1,0,1,"[[354, 188, 40, 36, 2]]",pathological
1884,kidney_images\images\1884.jpg,kidney_images\labels\1884.txt,kidney_images\masks\1884.mat,True,True,1,1,1,0,0,[],pathological
1976,kidney_images\images\1976.jpg,kidney_images\labels\1976.txt,kidney_images\masks\1976.mat,True,True,0,0,0,0,0,[],healthy
1530,kidney_images\images\1530.jpg,kidney_images\labels\1530.txt,kidney_images\masks\1530.mat,True,True,1,0,0,0,1,"[[434, 156, 35, 48, 9]]",pathological
1061,kidney_images\images\1061.jpg,kidney_images\labels\1061.txt,kidney_images\masks\1061.mat,True,True,0,0,0,0,0,[],healthy
1282,kidney_images\images\1282.jpg,kidney_images\labels\1282.txt,kidney_images\masks\1282.mat,True,True,0,0,0,0,0,[],healthy
1076,kidney_images\images\1076.jpg,kidney_images\labels\1076.txt,kidney_images\masks\1076.mat,True,True,1,0,0,0,1,"[[378, 158, 35, 47, 2]]",pathological
658,kidney_images\images\658.jpg,kidney_images\labels\658.txt,kidney_images\masks\658.mat,True,True,1,0,0,0,3,"[[308, 199, 150, 76, 7], [333, 130, 83, 55, 4], [435, 185, 60, 43, 7]]",pathological
981,kidney_images\images\981.jpg,kidney_images\labels\981.txt,kidney_images\masks\981.mat,True,True,1,0,0,1,1,"[[257, 137, 129, 133, 7]]",pathological
1733,kidney_images\images\1733.jpg,kidney_images\labels\1733.txt,kidney_images\masks\1733.mat,True,True,1,0,0,0,3,"[[429, 194, 45, 52, 9], [390, 218, 39, 48, 2], [349, 226, 27, 30, 2]]",pathological
976,kidney_images\images\976.jpg,kidney_images\labels\976.txt,kidney_images\masks\976.mat,True,True,1,1,1,0,3,"[[312, 157, 40, 48, 2], [359, 119, 35, 55, 2], [413, 145, 56, 47, 2]]",pathological
410,kidney_images\images\410.jpg,kidney_images\labels\410.txt,kidney_images\masks\410.mat,True,True,1,1,0,0,2,"[[232, 165, 131, 51, 7], [327, 153, 129, 101, 7]]",pathological
358,kidney_images\images\358.jpg,kidney_images\labels\358.txt,kidney_images\masks\358.mat,True,True,1,0,0,0,2,"[[355, 144, 26, 42, 4], [439, 136, 22, 31, 4]]",pathological
1713,kidney_images\images\1713.jpg,kidney_images\labels\1713.txt,kidney_images\masks\1713.mat,True,True,1,1,1,0,2,"[[403, 144, 62, 40, 4], [449, 222, 50, 27, 4]]",pathological
188,kidney_images\images\188.jpg,kidney_images\labels\188.txt,kidney_images\masks\188.mat,True,True,1,1,1,0,0,[],pathological
368,kidney_images\images\368.jpg,kidney_images\labels\368.txt,kidney_images\masks\368.mat,True,True,1,0,0,0,1,"[[323, 207, 36, 91, 8]]",pathological
1503,kidney_images\images\1503.jpg,kidney_images\labels\1503.txt,kidney_images\masks\1503.mat,True,True,0,0,0,0,0,[],healthy
396,kidney_images\images\396.jpg,kidney_images\labels\396.txt,kidney_images\masks\396.mat,True,True,1,0,0,0,1,"[[305, 167, 49, 30, 2]]",pathological
130,kidney_images\images\130.jpg,kidney_images\labels\130.txt,kidney_images\masks\130.mat,True,True,1,0,0,0,1,"[[307, 195, 112, 115, 7]]",pathological
1621,kidney_images\images\1621.jpg,kidney_images\labels\1621.txt,kidney_images\masks\1621.mat,True,True,1,1,0,0,0,[],pathological
1189,kidney_images\images\1189.jpg,kidney_images\labels\1189.txt,kidney_images\masks\1189.mat,True,True,1,1,1,0,2,"[[296, 151, 31, 35, 2], [283, 170, 85, 54, 7]]",pathological
576,kidney_images\images\576.jpg,kidney_images\labels\576.txt,kidney_images\masks\576.mat,True,True,1,0,1,0,2,"[[312, 206, 82, 93, 7], [278, 204, 45, 59, 8]]",pathological
973,kidney_images\images\973.jpg,kidney_images\labels\973.txt,kidney_images\masks\973.mat,True,True,1,0,0,0,1,"[[378, 125, 118, 62, 2]]",pathological
268,kidney_images\images\268.jpg,kidney_images\labels\268.txt,kidney_images\masks\268.mat,True,True,0,0,0,0,0,[],healthy
157,kidney_images\images\157.jpg,kidney_images\labels\157.txt,kidney_images\masks\157.mat,True,True,1,1,0,0,0,[],pathological
1720,kidney_images\images\1720.jpg,kidney_images\labels\1720.txt,kidney_images\masks\1720.mat,True,True,1,0,0,0,1,"[[352, 128, 96, 77, 2]]",pathological
1911,kidney_images\images\1911.jpg,kidney_images\labels\1911.txt,kidney_images\masks\1911.mat,True,True,0,0,0,0,0,[],healthy
1667,kidney_images\images\1667.jpg,kidney_images\labels\1667.txt,kidney_images\masks\1667.mat,True,True,1,0,0,0,2,"[[331, 168, 64, 60, 7], [428, 184, 58, 62, 7]]",pathological
17,kidney_images\images\17.jpg,kidney_images\labels\17.txt,kidney_images\masks\17.mat,True,True,1,1,0,0,2,"[[210, 230, 135, 53, 7], [308, 164, 122, 80, 7]]",pathological
1071,kidney_images\images\1071.jpg,kidney_images\labels\1071.txt,kidney_images\masks\1071.mat,True,True,1,1,0,0,1,"[[239, 142, 190, 128, 7]]",pathological
811,kidney_images\images\811.jpg,kidney_images\labels\811.txt,kidney_images\masks\811.mat,True,True,1,1,1,0,0,[],pathological
37,kidney_images\images\37.jpg,kidney_images\labels\37.txt,kidney_images\masks\37.mat,True,True,1,0,0,0,1,"[[288, 118, 157, 77, 7]]",pathological
1239,kidney_images\images\1239.jpg,kidney_images\labels\1239.txt,kidney_images\masks\1239.mat,True,True,0,0,0,0,0,[],healthy
1554,kidney_images\images\1554.jpg,kidney_images\labels\1554.txt,kidney_images\masks\1554.mat,True,True,1,1,1,0,0,[],pathological
917,kidney_images\images\917.jpg,kidney_images\labels\917.txt,kidney_images\masks\917.mat,True,True,1,0,1,0,0,[],pathological
337,kidney_images\images\337.jpg,kidney_images\labels\337.txt,kidney_images\masks\337.mat,True,True,1,0,0,0,1,"[[322, 208, 81, 30, 7]]",pathological
636,kidney_images\images\636.jpg,kidney_images\labels\636.txt,kidney_images\masks\636.mat,True,True,1,0,0,0,2,"[[388, 183, 149, 147, 3], [252, 153, 150, 143, 2]]",pathological
776,kidney_images\images\776.jpg,kidney_images\labels\776.txt,kidney_images\masks\776.mat,True,True,1,0,0,0,1,"[[530, 177, 66, 59, 2]]",pathological
57,kidney_images\images\57.jpg,kidney_images\labels\57.txt,kidney_images\masks\57.mat,True,True,1,0,0,0,3,"[[413, 210, 27, 30, 1], [421, 176, 48, 34, 4], [364, 194, 43, 32, 4]]",pathological
219,kidney_images\images\219.jpg,kidney_images\labels\219.txt,kidney_images\masks\219.mat,True,True,1,1,1,0,2,"[[329, 172, 33, 71, 1], [383, 164, 34, 82, 1]]",pathological
1015,kidney_images\images\1015.jpg,kidney_images\labels\1015.txt,kidney_images\masks\1015.mat,True,True,1,0,0,0,2,"[[290, 146, 185, 186, 3], [427, 118, 84, 77, 2]]",pathological
1229,kidney_images\images\1229.jpg,kidney_images\labels\1229.txt,kidney_images\masks\1229.mat,True,True,1,1,1,0,0,[],pathological
194,kidney_images\images\194.jpg,kidney_images\labels\194.txt,kidney_images\masks\194.mat,True,True,1,0,0,0,1,"[[275, 173, 154, 85, 7]]",pathological
1885,kidney_images\images\1885.jpg,kidney_images\labels\1885.txt,kidney_images\masks\1885.mat,True,True,1,0,1,0,0,[],pathological
1292,kidney_images\images\1292.jpg,kidney_images\labels\1292.txt,kidney_images\masks\1292.mat,True,True,1,1,0,0,3,"[[403, 169, 29, 39, 4], [323, 173, 31, 22, 4], [330, 211, 146, 109, 2]]",pathological
893,kidney_images\images\893.jpg,kidney_images\labels\893.txt,kidney_images\masks\893.mat,True,True,1,0,0,0,3,"[[355, 156, 39, 45, 4], [398, 174, 39, 40, 4], [325, 149, 28, 29, 4]]",pathological
506,kidney_images\images\506.jpg,kidney_images\labels\506.txt,kidney_images\masks\506.mat,True,True,1,1,0,0,5,"[[354, 175, 133, 99, 7], [421, 138, 44, 40, 4], [358, 138, 53, 38, 4], [416, 162, 66, 49, 7], [487, 143, 27, 26, 7]]",pathological
537,kidney_images\images\537.jpg,kidney_images\labels\537.txt,kidney_images\masks\537.mat,True,True,1,1,1,0,1,"[[446, 186, 58, 34, 2]]",pathological
489,kidney_images\images\489.jpg,kidney_images\labels\489.txt,kidney_images\masks\489.mat,True,True,1,0,0,0,1,"[[298, 163, 49, 37, 2]]",pathological
1727,kidney_images\images\1727.jpg,kidney_images\labels\1727.txt,kidney_images\masks\1727.mat,True,True,1,0,0,0,1,"[[353, 204, 30, 76, 1]]",pathological
685,kidney_images\images\685.jpg,kidney_images\labels\685.txt,kidney_images\masks\685.mat,True,True,1,0,1,0,3,"[[411, 161, 47, 84, 1], [467, 166, 45, 59, 2], [509, 167, 51, 54, 2]]",pathological
1897,kidney_images\images\1897.jpg,kidney_images\labels\1897.txt,kidney_images\masks\1897.mat,True,True,1,0,0,0,1,"[[270, 287, 101, 43, 8]]",pathological
499,kidney_images\images\499.jpg,kidney_images\labels\499.txt,kidney_images\masks\499.mat,True,True,1,1,0,0,1,"[[333, 162, 58, 42, 4]]",pathological
1797,kidney_images\images\1797.jpg,kidney_images\labels\1797.txt,kidney_images\masks\1797.mat,True,True,0,0,0,0,0,[],healthy
722,kidney_images\images\722.jpg,kidney_images\labels\722.txt,kidney_images\masks\722.mat,True,True,1,1,1,0,4,"[[265, 166, 79, 58, 2], [319, 172, 69, 56, 2], [428, 162, 46, 33, 2], [382, 166, 49, 31, 8]]",pathological
1570,kidney_images\images\1570.jpg,kidney_images\labels\1570.txt,kidney_images\masks\1570.mat,True,True,1,1,1,0,1,"[[329, 157, 88, 97, 3]]",pathological
1100,kidney_images\images\1100.jpg,kidney_images\labels\1100.txt,kidney_images\masks\1100.mat,True,True,0,0,0,0,0,[],healthy
665,kidney_images\images\665.jpg,kidney_images\labels\665.txt,kidney_images\masks\665.mat,True,True,1,0,1,0,1,"[[389, 130, 95, 80, 7]]",pathological
1097,kidney_images\images\1097.jpg,kidney_images\labels\1097.txt,kidney_images\masks\1097.mat,True,True,1,0,1,0,2,"[[288, 138, 84, 70, 7], [400, 157, 122, 62, 7]]",pathological
1685,kidney_images\images\1685.jpg,kidney_images\labels\1685.txt,kidney_images\masks\1685.mat,True,True,1,1,0,0,3,"[[315, 136, 68, 51, 4], [371, 137, 61, 52, 4], [455, 139, 66, 44, 4]]",pathological
1273,kidney_images\images\1273.jpg,kidney_images\labels\1273.txt,kidney_images\masks\1273.mat,True,True,1,0,0,0,1,"[[309, 218, 126, 51, 7]]",pathological
408,kidney_images\images\408.jpg,kidney_images\labels\408.txt,kidney_images\masks\408.mat,True,True,1,1,0,0,2,"[[272, 154, 76, 87, 7], [367, 145, 136, 114, 7]]",pathological
68,kidney_images\images\68.jpg,kidney_images\labels\68.txt,kidney_images\masks\68.mat,True,True,1,1,1,0,4,"[[353, 204, 40, 29, 2], [438, 195, 27, 24, 2], [415, 179, 24, 34, 2], [365, 258, 88, 70, 8]]",pathological
569,kidney_images\images\569.jpg,kidney_images\labels\569.txt,kidney_images\masks\569.mat,True,True,0,0,0,0,0,[],healthy
648,kidney_images\images\648.jpg,kidney_images\labels\648.txt,kidney_images\masks\648.mat,True,True,1,0,0,0,1,"[[301, 194, 241, 137, 7]]",pathological
1157,kidney_images\images\1157.jpg,kidney_images\labels\1157.txt,kidney_images\masks\1157.mat,True,True,1,1,1,0,2,"[[315, 155, 60, 60, 2], [395, 179, 26, 62, 1]]",pathological
1020,kidney_images\images\1020.jpg,kidney_images\labels\1020.txt,kidney_images\masks\1020.mat,True,True,1,0,1,0,1,"[[291, 129, 151, 144, 6]]",pathological
1484,kidney_images\images\1484.jpg,kidney_images\labels\1484.txt,kidney_images\masks\1484.mat,True,True,1,0,0,0,2,"[[374, 225, 30, 22, 2], [335, 222, 32, 32, 2]]",pathological
1173,kidney_images\images\1173.jpg,kidney_images\labels\1173.txt,kidney_images\masks\1173.mat,True,True,0,0,0,0,0,[],healthy
591,kidney_images\images\591.jpg,kidney_images\labels\591.txt,kidney_images\masks\591.mat,True,True,1,1,1,0,1,"[[332, 177, 92, 82, 7]]",pathological
1051,kidney_images\images\1051.jpg,kidney_images\labels\1051.txt,kidney_images\masks\1051.mat,True,True,1,0,0,0,1,"[[459, 126, 36, 41, 5]]",pathological
34,kidney_images\images\34.jpg,kidney_images\labels\34.txt,kidney_images\masks\34.mat,True,True,1,0,0,0,1,"[[433, 171, 45, 37, 2]]",pathological
1699,kidney_images\images\1699.jpg,kidney_images\labels\1699.txt,kidney_images\masks\1699.mat,True,True,1,1,1,0,0,[],pathological
1566,kidney_images\images\1566.jpg,kidney_images\labels\1566.txt,kidney_images\masks\1566.mat,True,True,0,0,0,0,0,[],healthy
293,kidney_images\images\293.jpg,kidney_images\labels\293.txt,kidney_images\masks\293.mat,True,True,1,0,0,0,1,"[[317, 146, 185, 67, 7]]",pathological
1266,kidney_images\images\1266.jpg,kidney_images\labels\1266.txt,kidney_images\masks\1266.mat,True,True,1,0,0,0,4,"[[333, 184, 35, 32, 4], [360, 148, 36, 26, 4], [448, 138, 37, 42, 4], [400, 164, 25, 52, 1]]",pathological
311,kidney_images\images\311.jpg,kidney_images\labels\311.txt,kidney_images\masks\311.mat,True,True,1,0,0,0,1,"[[382, 177, 37, 51, 1]]",pathological
1831,kidney_images\images\1831.jpg,kidney_images\labels\1831.txt,kidney_images\masks\1831.mat,True,True,1,0,0,0,1,"[[339, 245, 204, 116, 7]]",pathological
547,kidney_images\images\547.jpg,kidney_images\labels\547.txt,kidney_images\masks\547.mat,True,True,1,1,1,0,1,"[[413, 130, 126, 107, 2]]",pathological
1098,kidney_images\images\1098.jpg,kidney_images\labels\1098.txt,kidney_images\masks\1098.mat,True,True,1,0,0,1,1,"[[317, 147, 99, 85, 7]]",pathological
1068,kidney_images\images\1068.jpg,kidney_images\labels\1068.txt,kidney_images\masks\1068.mat,True,True,1,1,1,0,3,"[[336, 200, 34, 44, 2], [410, 179, 29, 36, 2], [293, 197, 30, 32, 2]]",pathological
1726,kidney_images\images\1726.jpg,kidney_images\labels\1726.txt,kidney_images\masks\1726.mat,True,True,1,0,0,0,2,"[[406, 194, 53, 86, 1], [503, 171, 41, 59, 1]]",pathological
449,kidney_images\images\449.jpg,kidney_images\labels\449.txt,kidney_images\masks\449.mat,True,True,1,1,0,0,2,"[[303, 185, 61, 45, 4], [344, 159, 65, 46, 4]]",pathological
1348,kidney_images\images\1348.jpg,kidney_images\labels\1348.txt,kidney_images\masks\1348.mat,True,True,1,0,0,1,1,"[[311, 207, 59, 53, 2]]",pathological
997,kidney_images\images\997.jpg,kidney_images\labels\997.txt,kidney_images\masks\997.mat,True,True,1,1,1,0,1,"[[431, 197, 64, 55, 2]]",pathological
1793,kidney_images\images\1793.jpg,kidney_images\labels\1793.txt,kidney_images\masks\1793.mat,True,True,0,0,0,0,0,[],healthy
561,kidney_images\images\561.jpg,kidney_images\labels\561.txt,kidney_images\masks\561.mat,True,True,1,0,0,0,5,"[[377, 164, 92, 71, 2], [393, 214, 119, 91, 2], [292, 102, 47, 68, 2], [303, 158, 62, 64, 2], [290, 201, 56, 58, 2]]",pathological
206,kidney_images\images\206.jpg,kidney_images\labels\206.txt,kidney_images\masks\206.mat,True,True,0,0,0,0,0,[],healthy
1289,kidney_images\images\1289.jpg,kidney_images\labels\1289.txt,kidney_images\masks\1289.mat,True,True,1,0,0,0,3,"[[443, 204, 42, 44, 4], [392, 204, 40, 42, 4], [339, 213, 36, 56, 4]]",pathological
1322,kidney_images\images\1322.jpg,kidney_images\labels\1322.txt,kidney_images\masks\1322.mat,True,True,0,0,0,0,0,[],healthy
845,kidney_images\images\845.jpg,kidney_images\labels\845.txt,kidney_images\masks\845.mat,True,True,1,0,0,0,3,"[[313, 175, 66, 60, 2], [418, 166, 61, 42, 2], [459, 180, 68, 47, 2]]",pathological
1919,kidney_images\images\1919.jpg,kidney_images\labels\1919.txt,kidney_images\masks\1919.mat,True,True,0,0,0,0,0,[],healthy
655,kidney_images\images\655.jpg,kidney_images\labels\655.txt,kidney_images\masks\655.mat,True,True,1,1,0,0,2,"[[358, 146, 56, 53, 4], [400, 150, 54, 50, 4]]",pathological
1136,kidney_images\images\1136.jpg,kidney_images\labels\1136.txt,kidney_images\masks\1136.mat,True,True,1,1,1,0,0,[],pathological
800,kidney_images\images\800.jpg,kidney_images\labels\800.txt,kidney_images\masks\800.mat,True,True,1,0,0,0,1,"[[384, 166, 130, 80, 7]]",pathological
252,kidney_images\images\252.jpg,kidney_images\labels\252.txt,kidney_images\masks\252.mat,True,True,1,1,1,0,4,"[[272, 123, 183, 58, 8], [261, 170, 64, 65, 4], [325, 165, 69, 40, 4], [392, 128, 77, 57, 4]]",pathological
1164,kidney_images\images\1164.jpg,kidney_images\labels\1164.txt,kidney_images\masks\1164.mat,True,True,0,0,0,0,0,[],healthy
835,kidney_images\images\835.jpg,kidney_images\labels\835.txt,kidney_images\masks\835.mat,True,True,1,1,1,0,1,"[[312, 147, 57, 45, 2]]",pathological
381,kidney_images\images\381.jpg,kidney_images\labels\381.txt,kidney_images\masks\381.mat,True,True,1,0,0,0,1,"[[318, 156, 40, 41, 5]]",pathological
1971,kidney_images\images\1971.jpg,kidney_images\labels\1971.txt,kidney_images\masks\1971.mat,True,True,0,0,0,0,0,[],healthy
189,kidney_images\images\189.jpg,kidney_images\labels\189.txt,kidney_images\masks\189.mat,True,True,1,1,0,0,1,"[[338, 140, 135, 117, 7]]",pathological
1432,kidney_images\images\1432.jpg,kidney_images\labels\1432.txt,kidney_images\masks\1432.mat,True,True,0,0,0,0,0,[],healthy
1313,kidney_images\images\1313.jpg,kidney_images\labels\1313.txt,kidney_images\masks\1313.mat,True,True,1,0,0,1,1,"[[376, 148, 103, 83, 7]]",pathological
47,kidney_images\images\47.jpg,kidney_images\labels\47.txt,kidney_images\masks\47.mat,True,True,1,0,0,0,1,"[[319, 134, 22, 20, 5]]",pathological
759,kidney_images\images\759.jpg,kidney_images\labels\759.txt,kidney_images\masks\759.mat,True,True,1,0,1,0,1,"[[333, 169, 79, 65, 2]]",pathological
143,kidney_images\images\143.jpg,kidney_images\labels\143.txt,kidney_images\masks\143.mat,True,True,1,0,0,0,1,"[[308, 137, 113, 34, 7]]",pathological
595,kidney_images\images\595.jpg,kidney_images\labels\595.txt,kidney_images\masks\595.mat,True,True,1,0,0,0,3,"[[280, 224, 213, 69, 7], [312, 165, 62, 61, 4], [366, 147, 48, 70, 4]]",pathological
1745,kidney_images\images\1745.jpg,kidney_images\labels\1745.txt,kidney_images\masks\1745.mat,True,True,1,1,0,0,0,[],pathological
1305,kidney_images\images\1305.jpg,kidney_images\labels\1305.txt,kidney_images\masks\1305.mat,True,True,1,0,0,0,3,"[[394, 144, 36, 33, 4], [329, 155, 49, 34, 4], [462, 154, 45, 32, 4]]",pathological
1221,kidney_images\images\1221.jpg,kidney_images\labels\1221.txt,kidney_images\masks\1221.mat,True,True,1,1,1,0,1,"[[400, 122, 79, 73, 2]]",pathological
497,kidney_images\images\497.jpg,kidney_images\labels\497.txt,kidney_images\masks\497.mat,True,True,1,1,0,0,3,"[[338, 164, 40, 35, 4], [284, 165, 45, 27, 4], [280, 277, 37, 32, 4]]",pathological
748,kidney_images\images\748.jpg,kidney_images\labels\748.txt,kidney_images\masks\748.mat,True,True,1,1,0,0,2,"[[320, 204, 180, 78, 7], [442, 163, 58, 40, 2]]",pathological
947,kidney_images\images\947.jpg,kidney_images\labels\947.txt,kidney_images\masks\947.mat,True,True,0,0,0,0,0,[],healthy
668,kidney_images\images\668.jpg,kidney_images\labels\668.txt,kidney_images\masks\668.mat,True,True,1,0,1,0,0,[],pathological
1696,kidney_images\images\1696.jpg,kidney_images\labels\1696.txt,kidney_images\masks\1696.mat,True,True,1,1,1,0,1,"[[361, 188, 60, 47, 2]]",pathological
228,kidney_images\images\228.jpg,kidney_images\labels\228.txt,kidney_images\masks\228.mat,True,True,0,0,0,0,0,[],healthy
1661,kidney_images\images\1661.jpg,kidney_images\labels\1661.txt,kidney_images\masks\1661.mat,True,True,1,1,1,0,1,"[[271, 186, 250, 177, 7]]",pathological
115,kidney_images\images\115.jpg,kidney_images\labels\115.txt,kidney_images\masks\115.mat,True,True,1,0,0,0,2,"[[313, 195, 175, 71, 7], [300, 177, 20, 15, 1]]",pathological
1459,kidney_images\images\1459.jpg,kidney_images\labels\1459.txt,kidney_images\masks\1459.mat,True,True,1,0,0,0,1,"[[301, 208, 31, 36, 2]]",pathological
1587,kidney_images\images\1587.jpg,kidney_images\labels\1587.txt,kidney_images\masks\1587.mat,True,True,1,1,1,0,2,"[[416, 145, 41, 66, 1], [325, 148, 50, 91, 1]]",pathological
56,kidney_images\images\56.jpg,kidney_images\labels\56.txt,kidney_images\masks\56.mat,True,True,1,0,0,0,1,"[[383, 91, 128, 102, 3]]",pathological
1766,kidney_images\images\1766.jpg,kidney_images\labels\1766.txt,kidney_images\masks\1766.mat,True,True,1,0,0,0,3,"[[443, 137, 51, 63, 2], [485, 151, 49, 54, 2], [237, 238, 67, 49, 2]]",pathological
1519,kidney_images\images\1519.jpg,kidney_images\labels\1519.txt,kidney_images\masks\1519.mat,True,True,1,1,0,0,3,"[[429, 203, 49, 49, 4], [353, 206, 54, 46, 4], [300, 229, 54, 28, 4]]",pathological
476,kidney_images\images\476.jpg,kidney_images\labels\476.txt,kidney_images\masks\476.mat,True,True,1,0,0,0,1,"[[419, 154, 71, 56, 7]]",pathological
854,kidney_images\images\854.jpg,kidney_images\labels\854.txt,kidney_images\masks\854.mat,True,True,1,1,0,0,4,"[[385, 141, 35, 76, 1], [344, 133, 32, 26, 1], [384, 135, 24, 32, 2], [406, 143, 23, 26, 2]]",pathological
481,kidney_images\images\481.jpg,kidney_images\labels\481.txt,kidney_images\masks\481.mat,True,True,0,0,0,0,0,[],healthy
1567,kidney_images\images\1567.jpg,kidney_images\labels\1567.txt,kidney_images\masks\1567.mat,True,True,1,0,0,0,1,"[[478, 193, 106, 126, 2]]",pathological
954,kidney_images\images\954.jpg,kidney_images\labels\954.txt,kidney_images\masks\954.mat,True,True,1,0,0,0,1,"[[380, 151, 27, 39, 1]]",pathological
869,kidney_images\images\869.jpg,kidney_images\labels\869.txt,kidney_images\masks\869.mat,True,True,1,0,0,0,3,"[[363, 192, 79, 60, 2], [429, 119, 64, 41, 2], [476, 146, 102, 67, 3]]",pathological
1419,kidney_images\images\1419.jpg,kidney_images\labels\1419.txt,kidney_images\masks\1419.mat,True,True,1,0,0,0,2,"[[275, 204, 99, 57, 7], [400, 164, 58, 36, 7]]",pathological
1258,kidney_images\images\1258.jpg,kidney_images\labels\1258.txt,kidney_images\masks\1258.mat,True,True,1,0,0,0,3,"[[446, 151, 47, 69, 2], [397, 149, 48, 48, 2], [503, 148, 70, 70, 2]]",pathological
221,kidney_images\images\221.jpg,kidney_images\labels\221.txt,kidney_images\masks\221.mat,True,True,1,0,0,0,4,"[[333, 158, 55, 78, 2], [298, 158, 46, 62, 2], [228, 179, 58, 64, 2], [191, 225, 58, 57, 2]]",pathological
1688,kidney_images\images\1688.jpg,kidney_images\labels\1688.txt,kidney_images\masks\1688.mat,True,True,1,1,0,0,1,"[[298, 156, 88, 66, 4]]",pathological
480,kidney_images\images\480.jpg,kidney_images\labels\480.txt,kidney_images\masks\480.mat,True,True,0,0,0,0,0,[],healthy
1156,kidney_images\images\1156.jpg,kidney_images\labels\1156.txt,kidney_images\masks\1156.mat,True,True,1,1,1,0,2,"[[547, 162, 44, 48, 2], [332, 205, 40, 40, 2]]",pathological
793,kidney_images\images\793.jpg,kidney_images\labels\793.txt,kidney_images\masks\793.mat,True,True,1,0,0,0,2,"[[297, 172, 111, 65, 7], [343, 155, 70, 67, 7]]",pathological
734,kidney_images\images\734.jpg,kidney_images\labels\734.txt,kidney_images\masks\734.mat,True,True,0,0,0,0,0,[],healthy
1497,kidney_images\images\1497.jpg,kidney_images\labels\1497.txt,kidney_images\masks\1497.mat,True,True,1,0,0,0,1,"[[370, 182, 111, 100, 7]]",pathological
1953,kidney_images\images\1953.jpg,kidney_images\labels\1953.txt,kidney_images\masks\1953.mat,True,True,0,0,0,0,0,[],healthy
1206,kidney_images\images\1206.jpg,kidney_images\labels\1206.txt,kidney_images\masks\1206.mat,True,True,1,0,0,0,1,"[[366, 231, 70, 40, 7]]",pathological
371,kidney_images\images\371.jpg,kidney_images\labels\371.txt,kidney_images\masks\371.mat,True,True,1,0,0,0,1,"[[264, 148, 85, 81, 2]]",pathological
151,kidney_images\images\151.jpg,kidney_images\labels\151.txt,kidney_images\masks\151.mat,True,True,1,1,0,0,1,"[[331, 160, 45, 39, 2]]",pathological
1838,kidney_images\images\1838.jpg,kidney_images\labels\1838.txt,kidney_images\masks\1838.mat,True,True,1,0,0,0,1,"[[324, 169, 75, 47, 3]]",pathological
1869,kidney_images\images\1869.jpg,kidney_images\labels\1869.txt,kidney_images\masks\1869.mat,True,True,1,1,0,1,0,[],pathological
928,kidney_images\images\928.jpg,kidney_images\labels\928.txt,kidney_images\masks\928.mat,True,True,1,0,0,0,2,"[[312, 159, 40, 44, 4], [349, 164, 45, 46, 4]]",pathological
640,kidney_images\images\640.jpg,kidney_images\labels\640.txt,kidney_images\masks\640.mat,True,True,1,1,1,0,3,"[[305, 221, 49, 50, 4], [391, 181, 41, 44, 4], [347, 193, 62, 39, 4]]",pathological
1310,kidney_images\images\1310.jpg,kidney_images\labels\1310.txt,kidney_images\masks\1310.mat,True,True,0,0,0,0,0,[],healthy
725,kidney_images\images\725.jpg,kidney_images\labels\725.txt,kidney_images\masks\725.mat,True,True,1,0,0,0,1,"[[396, 220, 46, 36, 2]]",pathological
1033,kidney_images\images\1033.jpg,kidney_images\labels\1033.txt,kidney_images\masks\1033.mat,True,True,1,1,1,0,3,"[[355, 131, 82, 58, 2], [381, 242, 62, 54, 2], [290, 246, 49, 41, 2]]",pathological
1066,kidney_images\images\1066.jpg,kidney_images\labels\1066.txt,kidney_images\masks\1066.mat,True,True,1,0,1,0,3,"[[323, 154, 37, 99, 1], [396, 161, 34, 83, 1], [438, 143, 68, 91, 1]]",pathological
1895,kidney_images\images\1895.jpg,kidney_images\labels\1895.txt,kidney_images\masks\1895.mat,True,True,1,0,0,0,1,"[[330, 296, 109, 25, 8]]",pathological
170,kidney_images\images\170.jpg,kidney_images\labels\170.txt,kidney_images\masks\170.mat,True,True,1,0,0,1,1,"[[408, 141, 66, 36, 7]]",pathological
273,kidney_images\images\273.jpg,kidney_images\labels\273.txt,kidney_images\masks\273.mat,True,True,1,0,0,0,3,"[[411, 230, 38, 86, 1], [372, 224, 26, 83, 1], [480, 207, 48, 42, 2]]",pathological
373,kidney_images\images\373.jpg,kidney_images\labels\373.txt,kidney_images\masks\373.mat,True,True,1,0,0,0,1,"[[335, 154, 125, 63, 7]]",pathological
1624,kidney_images\images\1624.jpg,kidney_images\labels\1624.txt,kidney_images\masks\1624.mat,True,True,1,0,0,0,1,"[[248, 239, 90, 102, 2]]",pathological
728,kidney_images\images\728.jpg,kidney_images\labels\728.txt,kidney_images\masks\728.mat,True,True,0,0,0,0,0,[],healthy
1515,kidney_images\images\1515.jpg,kidney_images\labels\1515.txt,kidney_images\masks\1515.mat,True,True,0,0,0,0,0,[],healthy
363,kidney_images\images\363.jpg,kidney_images\labels\363.txt,kidney_images\masks\363.mat,True,True,1,0,0,0,2,"[[265, 172, 231, 73, 7], [360, 87, 105, 57, 9]]",pathological
329,kidney_images\images\329.jpg,kidney_images\labels\329.txt,kidney_images\masks\329.mat,True,True,0,0,0,0,0,[],healthy
802,kidney_images\images\802.jpg,kidney_images\labels\802.txt,kidney_images\masks\802.mat,True,True,1,1,0,0,4,"[[310, 270, 51, 42, 2], [391, 215, 56, 48, 2], [336, 233, 46, 34, 2], [387, 320, 46, 29, 8]]",pathological
755,kidney_images\images\755.jpg,kidney_images\labels\755.txt,kidney_images\masks\755.mat,True,True,1,1,0,0,0,[],pathological
1465,kidney_images\images\1465.jpg,kidney_images\labels\1465.txt,kidney_images\masks\1465.mat,True,True,1,1,1,0,2,"[[470, 173, 28, 37, 2], [409, 188, 56, 43, 3]]",pathological
1104,kidney_images\images\1104.jpg,kidney_images\labels\1104.txt,kidney_images\masks\1104.mat,True,True,0,0,0,0,0,[],healthy
541,kidney_images\images\541.jpg,kidney_images\labels\541.txt,kidney_images\masks\541.mat,True,True,1,1,1,0,0,[],pathological
742,kidney_images\images\742.jpg,kidney_images\labels\742.txt,kidney_images\masks\742.mat,True,True,1,0,0,0,5,"[[288, 175, 51, 56, 2], [411, 132, 45, 47, 2], [419, 192, 41, 32, 2], [468, 183, 42, 38, 2], [319, 169, 54, 39, 2]]",pathological
207,kidney_images\images\207.jpg,kidney_images\labels\207.txt,kidney_images\masks\207.mat,True,True,1,0,0,0,1,"[[278, 172, 166, 96, 7]]",pathological
1537,kidney_images\images\1537.jpg,kidney_images\labels\1537.txt,kidney_images\masks\1537.mat,True,True,1,1,1,0,0,[],pathological
652,kidney_images\images\652.jpg,kidney_images\labels\652.txt,kidney_images\masks\652.mat,True,True,1,0,0,0,2,"[[294, 218, 248, 104, 7], [364, 141, 154, 95, 7]]",pathological
59,kidney_images\images\59.jpg,kidney_images\labels\59.txt,kidney_images\masks\59.mat,True,True,1,0,1,0,0,[],pathological
442,kidney_images\images\442.jpg,kidney_images\labels\442.txt,kidney_images\masks\442.mat,True,True,1,0,0,0,2,"[[303, 177, 70, 65, 7], [435, 154, 100, 55, 7]]",pathological
1137,kidney_images\images\1137.jpg,kidney_images\labels\1137.txt,kidney_images\masks\1137.mat,True,True,1,0,0,0,2,"[[277, 176, 122, 69, 7], [357, 135, 25, 30, 8]]",pathological
1606,kidney_images\images\1606.jpg,kidney_images\labels\1606.txt,kidney_images\masks\1606.mat,True,True,1,0,0,0,1,"[[372, 155, 96, 98, 3]]",pathological
81,kidney_images\images\81.jpg,kidney_images\labels\81.txt,kidney_images\masks\81.mat,True,True,1,1,1,0,1,"[[375, 175, 52, 123, 1]]",pathological
488,kidney_images\images\488.jpg,kidney_images\labels\488.txt,kidney_images\masks\488.mat,True,True,0,0,0,1,0,[],healthy
1185,kidney_images\images\1185.jpg,kidney_images\labels\1185.txt,kidney_images\masks\1185.mat,True,True,1,0,1,0,0,[],pathological
1037,kidney_images\images\1037.jpg,kidney_images\labels\1037.txt,kidney_images\masks\1037.mat,True,True,1,0,0,0,1,"[[255, 155, 205, 136, 7]]",pathological
594,kidney_images\images\594.jpg,kidney_images\labels\594.txt,kidney_images\masks\594.mat,True,True,1,1,1,0,1,"[[409, 195, 107, 70, 7]]",pathological
1183,kidney_images\images\1183.jpg,kidney_images\labels\1183.txt,kidney_images\masks\1183.mat,True,True,1,1,0,0,2,"[[404, 127, 48, 54, 4], [359, 127, 36, 44, 4]]",pathological
1366,kidney_images\images\1366.jpg,kidney_images\labels\1366.txt,kidney_images\masks\1366.mat,True,True,1,0,0,0,3,"[[487, 164, 22, 26, 2], [439, 162, 23, 30, 5], [390, 160, 19, 27, 2]]",pathological
590,kidney_images\images\590.jpg,kidney_images\labels\590.txt,kidney_images\masks\590.mat,True,True,1,0,0,0,2,"[[364, 201, 115, 87, 7], [368, 149, 59, 60, 4]]",pathological
608,kidney_images\images\608.jpg,kidney_images\labels\608.txt,kidney_images\masks\608.mat,True,True,1,1,1,0,2,"[[332, 132, 65, 52, 4], [298, 200, 177, 91, 7]]",pathological
614,kidney_images\images\614.jpg,kidney_images\labels\614.txt,kidney_images\masks\614.mat,True,True,1,1,1,0,2,"[[220, 158, 119, 116, 7], [316, 173, 135, 136, 7]]",pathological
1586,kidney_images\images\1586.jpg,kidney_images\labels\1586.txt,kidney_images\masks\1586.mat,True,True,1,1,1,0,3,"[[324, 152, 35, 69, 1], [355, 165, 46, 34, 2], [409, 142, 49, 67, 1]]",pathological
502,kidney_images\images\502.jpg,kidney_images\labels\502.txt,kidney_images\masks\502.mat,True,True,1,1,0,0,3,"[[306, 127, 39, 39, 4], [385, 127, 66, 44, 4], [309, 171, 125, 87, 7]]",pathological
936,kidney_images\images\936.jpg,kidney_images\labels\936.txt,kidney_images\masks\936.mat,True,True,1,0,0,0,1,"[[309, 129, 209, 72, 7]]",pathological
1067,kidney_images\images\1067.jpg,kidney_images\labels\1067.txt,kidney_images\masks\1067.mat,True,True,1,1,0,0,2,"[[242, 208, 38, 46, 2], [315, 169, 38, 40, 2]]",pathological
223,kidney_images\images\223.jpg,kidney_images\labels\223.txt,kidney_images\masks\223.mat,True,True,1,0,0,0,1,"[[235, 169, 242, 176, 7]]",pathological
1905,kidney_images\images\1905.jpg,kidney_images\labels\1905.txt,kidney_images\masks\1905.mat,True,True,1,0,1,0,0,[],pathological
1120,kidney_images\images\1120.jpg,kidney_images\labels\1120.txt,kidney_images\masks\1120.mat,True,True,1,0,0,0,1,"[[277, 168, 178, 79, 7]]",pathological
1573,kidney_images\images\1573.jpg,kidney_images\labels\1573.txt,kidney_images\masks\1573.mat,True,True,1,1,1,0,2,"[[389, 219, 31, 87, 1], [426, 168, 47, 59, 2]]",pathological
1891,kidney_images\images\1891.jpg,kidney_images\labels\1891.txt,kidney_images\masks\1891.mat,True,True,1,0,0,0,1,"[[313, 161, 47, 40, 3]]",pathological
153,kidney_images\images\153.jpg,kidney_images\labels\153.txt,kidney_images\masks\153.mat,True,True,1,0,0,0,1,"[[249, 178, 261, 177, 7]]",pathological
1501,kidney_images\images\1501.jpg,kidney_images\labels\1501.txt,kidney_images\masks\1501.mat,True,True,1,1,1,0,1,"[[380, 218, 36, 73, 1]]",pathological
660,kidney_images\images\660.jpg,kidney_images\labels\660.txt,kidney_images\masks\660.mat,True,True,1,0,0,0,4,"[[337, 159, 90, 67, 2], [436, 115, 130, 110, 2], [252, 169, 96, 80, 2], [305, 104, 73, 52, 2]]",pathological
910,kidney_images\images\910.jpg,kidney_images\labels\910.txt,kidney_images\masks\910.mat,True,True,1,0,0,1,1,"[[208, 196, 83, 71, 3]]",pathological
149,kidney_images\images\149.jpg,kidney_images\labels\149.txt,kidney_images\masks\149.mat,True,True,1,1,1,0,0,[],pathological
312,kidney_images\images\312.jpg,kidney_images\labels\312.txt,kidney_images\masks\312.mat,True,True,1,0,0,0,1,"[[364, 181, 40, 32, 7]]",pathological
1619,kidney_images\images\1619.jpg,kidney_images\labels\1619.txt,kidney_images\masks\1619.mat,True,True,1,0,0,0,1,"[[354, 156, 41, 45, 2]]",pathological
294,kidney_images\images\294.jpg,kidney_images\labels\294.txt,kidney_images\masks\294.mat,True,True,1,0,0,0,1,"[[295, 150, 200, 67, 7]]",pathological
1754,kidney_images\images\1754.jpg,kidney_images\labels\1754.txt,kidney_images\masks\1754.mat,True,True,1,1,1,0,0,[],pathological
464,kidney_images\images\464.jpg,kidney_images\labels\464.txt,kidney_images\masks\464.mat,True,True,1,0,0,0,1,"[[221, 158, 73, 51, 2]]",pathological
662,kidney_images\images\662.jpg,kidney_images\labels\662.txt,kidney_images\masks\662.mat,True,True,1,1,0,0,2,"[[346, 113, 41, 31, 2], [378, 100, 36, 43, 2]]",pathological
1365,kidney_images\images\1365.jpg,kidney_images\labels\1365.txt,kidney_images\masks\1365.mat,True,True,0,0,0,0,0,[],healthy
290,kidney_images\images\290.jpg,kidney_images\labels\290.txt,kidney_images\masks\290.mat,True,True,1,0,0,0,1,"[[312, 188, 226, 100, 7]]",pathological
1880,kidney_images\images\1880.jpg,kidney_images\labels\1880.txt,kidney_images\masks\1880.mat,True,True,0,0,0,0,0,[],healthy
682,kidney_images\images\682.jpg,kidney_images\labels\682.txt,kidney_images\masks\682.mat,True,True,1,0,0,0,2,"[[319, 180, 118, 93, 7], [367, 137, 131, 76, 7]]",pathological
720,kidney_images\images\720.jpg,kidney_images\labels\720.txt,kidney_images\masks\720.mat,True,True,1,0,0,0,2,"[[399, 175, 83, 48, 7], [363, 201, 100, 60, 7]]",pathological
182,kidney_images\images\182.jpg,kidney_images\labels\182.txt,kidney_images\masks\182.mat,True,True,1,0,0,0,1,"[[329, 203, 60, 62, 2]]",pathological
1822,kidney_images\images\1822.jpg,kidney_images\labels\1822.txt,kidney_images\masks\1822.mat,True,True,0,0,0,0,0,[],healthy
1628,kidney_images\images\1628.jpg,kidney_images\labels\1628.txt,kidney_images\masks\1628.mat,True,True,1,1,1,0,1,"[[405, 115, 87, 84, 2]]",pathological
540,kidney_images\images\540.jpg,kidney_images\labels\540.txt,kidney_images\masks\540.mat,True,True,1,1,1,0,2,"[[420, 170, 52, 42, 2], [367, 156, 43, 45, 2]]",pathological
1850,kidney_images\images\1850.jpg,kidney_images\labels\1850.txt,kidney_images\masks\1850.mat,True,True,0,0,0,0,0,[],healthy
140,kidney_images\images\140.jpg,kidney_images\labels\140.txt,kidney_images\masks\140.mat,True,True,1,0,0,0,1,"[[343, 278, 39, 39, 2]]",pathological
1649,kidney_images\images\1649.jpg,kidney_images\labels\1649.txt,kidney_images\masks\1649.mat,True,True,1,0,0,1,2,"[[321, 188, 249, 84, 7], [418, 156, 30, 52, 7]]",pathological
1241,kidney_images\images\1241.jpg,kidney_images\labels\1241.txt,kidney_images\masks\1241.mat,True,True,1,1,1,0,0,[],pathological
331,kidney_images\images\331.jpg,kidney_images\labels\331.txt,kidney_images\masks\331.mat,True,True,1,0,0,0,1,"[[415, 143, 53, 48, 2]]",pathological
1521,kidney_images\images\1521.jpg,kidney_images\labels\1521.txt,kidney_images\masks\1521.mat,True,True,0,0,0,0,0,[],healthy
752,kidney_images\images\752.jpg,kidney_images\labels\752.txt,kidney_images\masks\752.mat,True,True,1,1,1,0,1,"[[439, 140, 52, 32, 2]]",pathological
588,kidney_images\images\588.jpg,kidney_images\labels\588.txt,kidney_images\masks\588.mat,True,True,1,0,1,0,4,"[[395, 204, 45, 43, 7], [360, 132, 53, 52, 4], [430, 138, 45, 50, 4], [315, 145, 45, 42, 4]]",pathological
253,kidney_images\images\253.jpg,kidney_images\labels\253.txt,kidney_images\masks\253.mat,True,True,1,1,1,0,5,"[[306, 144, 73, 33, 4], [404, 117, 49, 52, 4], [469, 123, 36, 37, 4], [369, 194, 52, 49, 4], [428, 197, 46, 37, 4]]",pathological
1177,kidney_images\images\1177.jpg,kidney_images\labels\1177.txt,kidney_images\masks\1177.mat,True,True,1,0,0,0,1,"[[305, 171, 137, 77, 7]]",pathological
